submission_id,test_pass_rate,cyclomatic_complexity,lines_of_code,num_functions,runtime_ms,memory_kb,num_compile_errors,num_warnings,comment_density,num_attempts,hours_before_deadline,student_avg_past_score,quality_score,score_percentile_rank
SUB000000,0.654,6,124,4,157.9,5627.9,0,6,0.599,3,43.7,90.53,69.64,0.7791
SUB000001,0.75,14,52,1,227.6,2425.7,0,3,0.401,2,24.74,94.47,54.52,0.303
SUB000002,0.796,12,89,3,248.7,3233.6,0,1,0.136,2,16.25,61.64,64.83,0.6354
SUB000003,0.724,11,158,10,15.8,7047.5,0,0,0.586,3,16.63,71.21,64.58,0.6266
SUB000004,0.826,8,56,2,137.6,1703.2,0,2,0.218,2,10.61,79.22,57.62,0.3946
SUB000005,0.87,11,58,2,52.4,4744.3,0,1,0.389,3,27.12,69.96,78.99,0.9571
SUB000006,0.724,28,93,3,367.6,2301.7,0,1,0.273,5,20.6,62.82,57.66,0.3963
SUB000007,0.584,4,111,7,141.0,5170.8,0,2,0.118,1,2.89,61.71,57.49,0.3902
SUB000008,0.845,7,121,7,199.4,7353.6,0,0,0.65,1,28.47,90.72,83.28,0.9843
SUB000009,0.92,8,215,9,106.4,3555.9,1,1,0.197,2,5.16,89.13,70.28,0.7958
SUB000010,0.649,3,123,4,107.7,1460.0,0,5,0.159,4,55.18,61.52,44.71,0.1103
SUB000011,0.716,21,129,5,249.0,5179.9,0,2,0.201,4,67.78,64.6,50.32,0.2056
SUB000012,0.929,6,170,8,168.9,3908.6,1,3,0.408,2,14.48,59.35,68.2,0.7372
SUB000013,0.736,5,80,2,235.7,4123.9,0,0,0.288,4,19.22,91.21,65.05,0.6422
SUB000014,0.91,4,131,5,81.9,5202.1,0,0,,3,4.29,63.26,82.83,0.983
SUB000015,0.645,7,144,5,127.9,5564.4,1,0,0.027,1,46.15,73.43,40.15,0.0647
SUB000016,0.565,11,137,5,183.8,5544.2,0,1,0.198,2,112.13,85.19,72.9,0.865
SUB000017,0.766,9,121,4,186.9,4563.8,0,0,0.293,2,35.46,38.84,63.06,0.5734
SUB000018,0.809,6,118,8,163.2,5243.6,0,2,0.356,4,7.35,68.63,74.7,0.8986
SUB000019,0.725,11,73,5,73.6,4083.0,1,1,0.185,4,16.12,43.16,56.18,0.3495
SUB000020,0.877,9,97,3,90.4,3991.5,0,3,0.128,3,6.37,92.03,64.9,0.6382
SUB000021,0.611,16,194,12,188.5,4945.6,1,3,0.444,2,16.41,42.15,45.77,0.1243
SUB000022,0.842,7,88,4,48.4,5305.9,0,1,0.256,4,1.12,37.15,70.43,0.8008
SUB000023,0.799,6,114,5,84.8,3599.5,2,0,0.18,4,2.16,94.27,73.88,0.8834
SUB000024,0.82,13,111,4,161.2,4877.2,0,1,0.087,3,4.36,58.71,62.49,0.552
SUB000025,0.844,5,131,4,88.4,3966.5,1,0,0.309,5,17.25,48.69,65.97,0.6713
SUB000026,0.491,4,110,3,145.8,3446.1,0,1,0.184,5,16.68,45.86,44.65,0.1098
SUB000027,0.849,9,103,5,141.6,6092.1,0,1,0.46,3,20.67,73.83,77.39,0.9409
SUB000028,0.708,11,156,8,105.7,5336.7,0,3,0.363,3,17.58,72.92,56.73,0.3655
SUB000029,0.932,4,123,3,86.1,5185.5,0,2,0.406,2,25.88,76.76,78.77,0.955
SUB000030,0.633,14,118,7,238.7,3172.0,0,1,0.429,5,12.3,65.26,53.12,0.2695
SUB000031,0.899,4,91,3,155.0,4085.1,0,3,0.279,3,67.37,98.52,73.98,0.8853
SUB000032,0.596,7,98,6,155.8,5391.1,0,1,0.253,2,7.35,69.9,52.25,0.2464
SUB000033,0.506,9,125,5,150.3,5183.3,2,0,0.188,1,43.97,64.56,42.34,0.0835
SUB000034,0.822,16,162,5,113.6,8656.9,1,2,0.206,3,17.88,50.55,51.04,0.2207
SUB000035,0.632,17,183,7,137.1,5244.8,0,1,0.478,3,12.77,46.22,68.91,0.757
SUB000036,0.501,10,129,4,6.0,3647.5,1,1,0.236,3,9.85,100.0,47.52,0.1508
SUB000037,0.934,7,231,15,102.8,4502.3,1,0,0.157,1,12.05,45.93,56.79,0.3674
SUB000038,0.712,8,101,5,106.8,3220.2,0,0,0.331,6,39.55,50.69,72.96,0.8663
SUB000039,0.839,20,101,4,212.9,3535.5,2,2,0.153,3,14.61,67.92,45.19,0.1165
SUB000040,0.785,15,174,5,128.8,5019.6,0,0,0.225,6,28.75,91.83,75.57,0.9138
SUB000041,0.826,11,120,4,200.2,,0,2,0.12,2,24.61,52.33,62.76,0.5621
SUB000042,0.747,10,92,3,134.4,6464.1,0,5,0.072,3,20.83,65.33,49.57,0.1897
SUB000043,0.342,9,112,3,155.9,,0,2,0.21,3,3.34,74.05,39.5,0.0606
SUB000044,0.526,4,76,3,130.1,5676.1,0,0,0.619,4,4.58,71.62,59.29,0.4474
SUB000045,0.627,2,106,4,168.0,4152.2,0,0,0.276,2,1.27,88.12,52.42,0.2509
SUB000046,0.918,8,73,4,216.4,5735.7,0,3,0.396,7,17.14,76.01,73.46,0.8753
SUB000047,0.886,5,76,2,75.8,5914.7,1,1,0.1,2,24.2,100.0,67.64,0.7203
SUB000048,0.502,10,124,7,255.6,7013.8,0,4,0.185,3,17.85,76.91,41.07,0.073
SUB000049,0.685,10,47,3,98.6,3423.3,1,0,0.151,4,45.57,74.15,47.3,0.1472
SUB000050,0.966,4,73,4,120.9,4382.4,0,2,0.566,3,50.02,49.02,78.58,0.9535
SUB000051,0.799,10,84,4,118.3,3293.7,1,1,0.334,2,10.24,73.76,70.9,0.8129
SUB000052,0.803,10,97,4,240.5,,1,2,0.474,4,10.47,55.34,60.66,0.4924
SUB000053,0.819,10,140,9,86.3,4397.2,2,0,0.07,1,23.36,65.29,60.58,0.4905
SUB000054,0.801,7,95,4,184.1,6388.7,0,0,0.379,2,7.73,72.86,70.36,0.7985
SUB000055,0.688,11,191,7,20.5,5189.9,0,1,0.093,3,49.67,76.68,62.44,0.55
SUB000056,0.394,11,88,5,201.8,5759.1,0,2,0.248,2,9.76,70.66,53.06,0.2678
SUB000057,0.884,11,48,3,,4218.3,0,1,0.183,5,3.8,52.36,71.13,0.8207
SUB000058,0.858,8,75,3,121.5,5759.7,0,3,0.115,3,5.53,52.11,69.42,0.772
SUB000059,0.687,17,124,4,129.5,5034.5,1,2,0.271,4,7.2,50.3,39.03,0.059
SUB000060,0.936,16,76,3,164.0,6937.8,1,1,0.564,2,54.45,76.54,64.0,0.6054
SUB000061,0.226,9,87,5,125.7,4894.3,0,1,0.262,3,22.15,65.28,28.55,0.0158
SUB000062,0.23,6,174,10,48.5,3786.3,1,0,0.058,3,20.51,72.52,25.09,0.0095
SUB000063,0.437,6,194,10,90.9,5747.2,0,2,0.344,1,14.88,50.94,42.78,0.0892
SUB000064,0.644,12,64,2,203.9,,1,0,0.063,3,14.3,58.34,56.98,0.3719
SUB000065,0.761,5,103,3,110.8,3035.1,0,0,0.171,3,3.94,87.11,62.27,0.5417
SUB000066,0.688,12,122,4,108.6,5178.9,1,5,0.247,4,20.45,63.01,46.62,0.1373
SUB000067,0.743,4,159,4,134.8,3869.8,0,2,,3,26.03,92.26,69.78,0.7818
SUB000068,0.68,9,95,5,176.3,4121.3,0,0,0.278,2,10.58,77.96,64.34,0.6158
SUB000069,0.912,12,122,4,195.0,4671.6,0,0,0.465,3,8.43,60.98,75.6,0.9143
SUB000070,0.585,6,170,5,158.3,1809.0,0,3,0.583,6,19.66,85.59,58.24,0.4152
SUB000071,0.646,14,114,4,234.5,3923.0,1,1,0.376,3,8.62,72.22,57.81,0.4017
SUB000072,0.567,8,39,1,147.0,5580.7,0,1,0.243,5,11.14,51.54,47.8,0.1566
SUB000073,0.749,9,103,4,132.8,4226.6,2,2,0.444,6,42.4,68.72,49.33,0.1846
SUB000074,0.862,3,81,2,181.4,1552.3,0,1,0.384,6,28.1,69.0,76.45,0.9282
SUB000075,0.952,4,84,5,89.5,4297.5,0,5,0.272,2,44.76,56.9,64.25,0.6121
SUB000076,0.757,3,86,6,104.7,5154.4,0,0,0.366,3,27.36,60.26,75.97,0.9212
SUB000077,0.781,12,46,2,60.4,3783.3,0,0,0.391,3,63.67,39.97,68.45,0.7443
SUB000078,0.62,7,189,10,249.8,4546.8,1,1,0.311,4,9.97,69.86,53.48,0.2786
SUB000079,0.762,14,163,8,287.1,4145.5,0,4,0.042,2,39.75,61.04,63.23,0.5786
SUB000080,0.593,3,200,12,118.5,5930.9,0,2,,3,5.87,60.11,55.2,0.3238
SUB000081,0.789,11,238,9,198.8,3956.9,0,0,0.174,1,6.13,79.23,60.03,0.4718
SUB000082,0.698,3,120,4,171.0,5419.4,0,0,0.573,1,9.35,100.0,67.9,0.7272
SUB000083,0.807,6,91,3,149.4,4053.1,1,3,0.337,3,38.39,61.72,62.28,0.5422
SUB000084,0.902,9,133,6,219.9,6544.7,1,0,0.053,4,30.6,73.67,72.39,0.8515
SUB000085,0.543,7,136,9,65.1,3952.0,1,1,0.419,1,2.57,83.84,43.66,0.099
SUB000086,0.745,10,91,3,138.9,2788.9,0,0,0.436,1,1.22,74.35,63.53,0.5894
SUB000087,0.688,7,90,4,15.8,5378.3,0,2,0.154,3,12.02,68.76,52.04,0.2413
SUB000088,0.741,8,109,5,83.3,5284.1,1,1,0.143,5,40.54,74.33,57.02,0.3732
SUB000089,0.77,5,88,3,37.5,5057.8,0,3,0.523,2,5.68,72.82,65.78,0.6655
SUB000090,0.781,12,136,7,45.7,5949.7,0,2,0.253,2,10.0,60.14,60.51,0.4878
SUB000091,0.897,9,69,3,117.3,2842.3,0,6,0.109,3,7.62,79.25,67.52,0.7158
SUB000092,0.914,11,148,4,174.9,3557.4,1,2,0.299,2,10.23,69.84,55.63,0.3371
SUB000093,0.625,9,181,6,,6884.5,0,2,0.361,2,20.83,67.57,56.61,0.3619
SUB000094,0.496,13,254,6,126.3,5923.3,0,1,0.191,4,9.26,64.19,54.12,0.2928
SUB000095,0.574,7,196,6,96.9,4296.5,0,0,0.684,3,12.15,77.17,66.06,0.6745
SUB000096,0.94,9,253,15,155.4,2619.6,1,2,0.39,2,0.5,66.03,78.43,0.9518
SUB000097,0.564,29,137,4,170.7,2818.6,0,0,0.55,2,32.98,89.19,51.54,0.231
SUB000098,0.672,5,64,2,74.6,2883.8,0,1,0.179,3,3.23,56.0,61.51,0.5168
SUB000099,0.715,15,117,3,220.9,3743.2,0,1,0.038,1,4.89,71.44,51.6,0.2321
SUB000100,0.631,23,230,8,136.7,5608.2,0,2,0.497,4,10.44,100.0,48.85,0.1762
SUB000101,0.742,11,193,11,76.7,2916.3,0,1,0.194,1,22.77,66.35,61.95,0.5305
SUB000102,0.932,2,100,3,170.4,3708.3,0,1,0.214,3,46.1,48.82,82.11,0.9782
SUB000103,0.301,5,51,3,34.0,2359.8,2,1,0.154,4,1.05,78.89,26.3,0.0117
SUB000104,0.559,3,134,8,202.8,4037.9,0,2,0.633,5,8.35,51.6,50.28,0.2045
SUB000105,0.674,10,63,3,88.4,7892.0,0,2,0.506,2,40.84,92.5,78.04,0.9481
SUB000106,0.828,9,133,8,151.8,,0,1,0.518,2,5.04,64.75,71.68,0.8358
SUB000107,0.505,18,139,5,114.3,5555.3,0,2,0.163,2,64.84,65.3,41.02,0.0727
SUB000108,0.777,18,189,5,174.8,4161.6,0,0,0.309,5,5.53,65.23,59.57,0.4563
SUB000109,0.58,9,53,2,115.7,2649.6,2,1,0.151,5,2.31,61.52,33.86,0.0328
SUB000110,0.79,9,159,5,88.0,4665.0,0,1,0.113,5,3.29,65.31,61.24,0.509
SUB000111,0.662,7,109,3,44.8,2214.8,1,1,0.167,3,84.25,63.49,64.83,0.6354
SUB000112,0.534,11,209,10,120.6,6017.2,0,1,0.127,2,5.34,66.69,59.07,0.4402
SUB000113,0.833,6,155,5,166.5,4477.7,1,2,0.139,2,2.66,74.22,63.55,0.5901
SUB000114,0.854,8,121,4,184.5,4563.7,0,1,0.354,4,11.28,64.3,79.37,0.9613
SUB000115,0.776,6,80,4,94.9,1903.7,0,2,0.538,3,49.68,100.0,68.37,0.7413
SUB000116,0.94,10,113,5,107.0,4639.7,0,1,0.451,2,4.3,70.39,81.44,0.9755
SUB000117,0.668,14,174,5,151.5,4511.4,0,0,0.37,6,33.06,81.56,65.57,0.6581
SUB000118,0.776,4,113,3,132.1,3130.0,1,1,0.293,2,11.55,56.74,71.0,0.8159
SUB000119,0.611,8,112,5,143.8,4896.7,0,1,0.203,6,3.01,65.78,61.34,0.5116
SUB000120,0.815,16,114,4,142.0,3972.2,0,1,0.577,4,3.24,61.89,59.92,0.4674
SUB000121,0.743,19,91,3,155.1,4897.0,1,0,0.556,7,71.2,96.62,65.67,0.6606
SUB000122,0.843,7,77,2,123.8,5312.5,0,2,0.301,6,21.93,73.92,68.18,0.7367
SUB000123,0.542,6,82,2,5.0,2782.8,0,2,0.148,2,8.95,60.21,47.9,0.1577
SUB000124,0.849,2,319,16,101.7,5755.5,1,2,0.297,5,1.11,44.16,46.74,0.1387
SUB000125,0.943,15,118,4,211.9,4722.2,0,1,0.114,2,9.32,77.76,62.74,0.5614
SUB000126,0.274,14,162,4,245.6,6675.5,0,1,0.356,5,26.35,75.52,40.62,0.0693
SUB000127,0.314,9,125,5,217.6,5886.5,0,0,0.283,5,38.15,86.0,39.95,0.0637
SUB000128,0.909,24,176,5,197.4,4357.5,0,4,0.355,3,3.74,63.9,54.5,0.3023
SUB000129,0.627,9,195,7,75.7,4336.4,0,5,0.486,2,18.18,73.36,58.07,0.4088
SUB000130,0.668,15,236,9,132.1,5404.5,0,2,0.306,4,38.72,79.96,58.15,0.4123
SUB000131,0.414,7,227,8,95.3,3449.6,0,3,0.109,3,40.77,54.03,40.63,0.0695
SUB000132,0.659,8,66,3,59.5,2869.6,1,0,0.1,3,2.09,86.16,43.34,0.0947
SUB000133,0.809,10,143,6,93.5,,1,0,0.247,3,10.73,43.74,59.59,0.458
SUB000134,0.914,6,97,3,94.3,912.5,2,3,0.443,2,7.98,76.19,54.93,0.3165
SUB000135,0.975,13,83,3,75.3,2930.5,0,1,0.284,4,66.2,61.34,79.13,0.9585
SUB000136,0.485,10,106,3,206.0,4031.6,0,3,,2,55.07,64.21,42.76,0.0888
SUB000137,0.681,4,203,13,168.5,9149.0,2,2,0.271,3,6.27,79.9,44.61,0.1092
SUB000138,0.742,15,175,5,162.0,3908.8,0,6,0.072,2,79.41,88.26,67.77,0.7232
SUB000139,0.774,6,119,6,160.9,5585.3,1,2,0.231,2,2.37,72.79,55.1,0.3203
SUB000140,0.861,6,152,4,156.4,4462.9,2,4,0.232,2,23.91,64.69,58.57,0.4232
SUB000141,0.698,8,135,4,100.0,5334.9,0,0,0.207,3,3.6,58.13,51.98,0.2395
SUB000142,0.605,11,106,3,260.9,2906.2,1,2,0.111,3,61.09,47.15,49.02,0.1788
SUB000143,0.636,11,88,3,106.9,2121.6,0,1,0.449,3,35.25,59.19,64.28,0.6138
SUB000144,0.519,18,113,6,73.9,6631.0,1,0,0.378,2,28.65,77.04,39.63,0.0617
SUB000145,0.557,10,156,4,159.7,,0,2,0.32,3,8.06,74.89,54.14,0.2932
SUB000146,0.759,4,213,9,165.9,7290.4,2,0,0.486,3,34.26,65.62,57.64,0.3952
SUB000147,0.919,5,144,9,116.9,4163.5,0,0,0.545,2,10.86,64.52,82.18,0.9788
SUB000148,0.907,4,94,6,206.7,3229.4,0,2,0.2,3,17.81,85.13,77.21,0.9387
SUB000149,0.893,4,79,2,142.8,3620.4,0,0,0.178,4,1.88,78.57,77.17,0.9382
SUB000150,0.69,8,134,4,94.8,7073.3,1,3,0.235,1,13.28,73.97,54.9,0.3155
SUB000151,0.682,15,53,2,129.4,3217.2,0,3,0.186,2,10.6,49.5,50.69,0.2132
SUB000152,0.892,10,290,10,158.9,4876.9,0,0,0.272,2,4.71,64.37,66.49,0.6862
SUB000153,0.956,11,143,5,157.8,6177.9,0,2,0.512,2,63.69,90.12,91.9,0.9993
SUB000154,0.868,13,189,5,231.8,5655.6,0,4,0.392,4,39.42,74.7,71.16,0.8218
SUB000155,0.531,15,170,5,215.1,7966.2,2,2,0.445,3,4.24,39.58,31.58,0.0243
SUB000156,0.749,6,142,6,43.9,6458.0,1,2,0.392,4,12.45,70.19,69.95,0.7874
SUB000157,0.692,14,138,4,151.9,3645.6,0,1,0.197,2,2.77,80.51,53.14,0.2702
SUB000158,0.855,13,159,4,84.4,6748.9,1,1,0.055,4,3.88,62.74,61.89,0.5284
SUB000159,0.884,7,102,3,228.5,1626.7,1,3,0.194,5,12.96,73.64,61.55,0.518
SUB000160,0.738,6,120,4,79.6,5755.3,0,1,0.617,2,13.93,100.0,74.93,0.9022
SUB000161,0.94,8,163,4,156.1,3833.0,0,0,0.356,2,67.53,45.32,76.54,0.93
SUB000162,0.894,17,66,2,129.1,5223.4,0,2,0.298,4,16.08,48.99,64.66,0.6298
SUB000163,0.924,15,118,7,46.3,7535.3,0,2,0.53,2,1.3,57.68,78.84,0.9555
SUB000164,0.484,7,112,3,65.7,2054.4,0,2,0.478,5,14.55,47.5,44.45,0.1068
SUB000165,0.785,15,52,2,150.0,5644.4,0,0,0.426,1,13.22,74.39,64.02,0.6066
SUB000166,0.445,12,147,4,190.1,5995.2,0,1,0.206,2,6.7,73.02,46.15,0.1304
SUB000167,0.715,11,129,5,184.9,5635.4,1,2,,4,32.76,67.28,58.38,0.4192
SUB000168,0.932,17,118,8,91.2,3119.7,0,2,0.082,2,17.65,65.98,55.2,0.3238
SUB000169,0.556,10,175,8,168.8,4740.7,0,2,0.08,2,24.55,69.35,53.75,0.2838
SUB000170,0.523,9,164,7,204.0,3375.4,0,1,0.563,1,4.37,68.74,53.69,0.2823
SUB000171,0.843,3,169,6,159.8,5490.0,0,1,0.359,3,7.72,56.09,84.39,0.989
SUB000172,0.633,13,113,3,137.3,2608.5,1,2,0.289,3,36.29,69.97,41.39,0.0753
SUB000173,0.566,6,101,4,140.9,3849.1,0,0,0.149,3,5.15,86.19,52.74,0.2598
SUB000174,0.64,5,127,5,144.1,5580.1,0,0,0.188,1,44.35,74.86,50.97,0.2194
SUB000175,0.897,9,141,7,230.8,3605.9,0,1,0.506,4,2.35,54.92,76.73,0.9335
SUB000176,0.624,5,155,5,237.1,4180.6,0,0,0.545,1,0.43,68.53,68.57,0.7471
SUB000177,0.919,11,83,2,191.7,3055.2,0,3,0.269,4,8.82,38.94,78.83,0.9553
SUB000178,0.908,10,137,6,153.2,5070.0,0,3,0.236,2,11.26,34.41,76.45,0.9282
SUB000179,0.718,10,184,9,148.1,4713.5,0,1,0.506,3,24.9,65.52,63.04,0.5728
SUB000180,0.663,8,87,4,148.4,3336.0,0,1,0.305,1,8.91,78.13,62.7,0.5598
SUB000181,0.619,13,51,2,171.3,3309.0,0,1,0.444,2,8.93,79.25,54.43,0.3008
SUB000182,0.975,11,41,1,122.0,4442.1,0,3,0.233,4,7.12,23.69,80.91,0.9734
SUB000183,0.588,11,100,3,271.1,2912.7,1,2,0.028,2,6.87,100.0,48.09,0.1612
SUB000184,0.53,6,77,2,90.5,4318.6,0,1,0.372,3,0.27,63.43,63.45,0.5867
SUB000185,0.744,9,145,4,224.7,4774.8,1,0,0.274,5,8.18,69.26,59.71,0.4626
SUB000186,0.952,6,135,5,6.1,4909.2,0,2,0.272,3,30.21,64.51,78.44,0.952
SUB000187,0.915,9,56,3,130.5,3484.6,0,2,0.06,2,11.05,78.28,68.79,0.7536
SUB000188,0.483,7,180,7,120.7,5807.6,0,4,0.248,6,34.33,53.5,46.85,0.1403
SUB000189,0.699,9,90,4,160.7,5892.4,3,1,0.441,4,18.52,44.54,50.12,0.2008
SUB000190,0.35,9,81,5,125.1,5376.0,1,4,0.285,1,24.25,100.0,26.11,0.0108
SUB000191,0.528,9,133,7,230.2,4979.7,1,2,0.41,4,50.13,70.95,43.97,0.1017
SUB000192,0.738,13,98,6,144.5,2350.4,0,3,0.241,4,5.48,56.6,59.55,0.4556
SUB000193,0.754,12,128,6,94.2,7153.4,0,3,0.275,5,14.72,70.25,60.21,0.4795
SUB000194,0.324,5,111,3,77.0,,0,1,0.105,4,0.14,96.51,44.47,0.1072
SUB000195,0.757,8,189,7,115.6,5412.7,1,0,0.277,1,53.46,87.07,74.12,0.888
SUB000196,0.606,10,129,5,193.5,3587.5,0,1,0.354,3,3.94,82.1,48.45,0.1678
SUB000197,0.466,6,106,5,192.3,4207.8,0,4,0.335,3,20.96,52.37,38.3,0.0545
SUB000198,0.731,10,116,4,77.9,6349.1,0,3,0.326,5,48.39,57.36,61.87,0.5278
SUB000199,0.755,7,173,4,93.0,6039.0,0,1,0.277,3,5.57,71.28,69.63,0.7788
SUB000200,0.957,9,83,4,83.1,3948.1,0,2,0.334,3,11.03,76.94,68.98,0.7596
SUB000201,0.68,6,148,4,120.9,7031.5,1,3,0.223,3,6.05,95.95,60.82,0.4965
SUB000202,0.588,9,119,3,204.7,3081.1,0,1,0.485,5,9.99,59.67,63.67,0.5938
SUB000203,0.843,12,120,3,166.3,2078.7,1,1,0.314,2,14.73,73.34,74.72,0.8991
SUB000204,0.739,12,77,3,189.0,1491.3,1,2,0.181,3,23.61,79.84,60.08,0.4736
SUB000205,0.842,9,101,4,191.8,5697.4,0,2,0.087,3,11.63,71.07,75.76,0.9168
SUB000206,0.653,21,93,6,147.8,3420.9,1,2,0.311,4,11.88,84.57,51.26,0.2255
SUB000207,0.866,10,119,4,73.1,4384.4,0,0,0.421,4,50.83,100.0,85.67,0.9927
SUB000208,0.497,13,67,2,123.8,5976.6,1,2,0.545,2,30.11,80.48,36.16,0.0419
SUB000209,0.778,16,49,2,217.3,4738.1,1,1,0.345,5,7.49,39.92,61.31,0.5107
SUB000210,0.751,6,97,6,174.2,2705.8,1,2,0.185,2,45.0,80.71,55.87,0.3424
SUB000211,0.428,12,174,9,160.7,7306.3,0,1,0.741,3,3.93,84.32,53.55,0.28
SUB000212,0.664,10,143,6,206.9,4278.5,0,2,0.198,1,6.68,57.06,41.41,0.0755
SUB000213,0.33,12,114,3,164.7,4475.6,0,2,0.082,2,26.93,71.25,38.01,0.0531
SUB000214,0.727,14,79,5,142.1,3325.8,0,1,0.11,3,22.21,53.98,62.15,0.5377
SUB000215,0.771,6,40,2,43.9,2526.5,0,3,0.168,2,71.69,91.05,65.24,0.6483
SUB000216,0.887,21,90,3,259.3,4795.5,1,2,0.585,2,21.41,86.99,65.42,0.6536
SUB000217,0.831,9,108,6,141.2,2377.9,1,1,0.345,5,7.38,63.92,68.93,0.758
SUB000218,0.695,8,73,4,116.9,4240.4,0,1,0.353,3,31.07,76.9,59.96,0.4695
SUB000219,0.655,3,138,8,122.8,7068.1,1,1,0.329,4,10.63,55.32,63.67,0.5938
SUB000220,0.501,15,137,5,254.9,5811.9,0,0,0.423,4,14.6,42.37,40.76,0.0702
SUB000221,0.692,13,97,4,218.6,4789.5,2,2,0.256,4,65.59,79.34,50.64,0.2124
SUB000222,0.812,8,110,7,122.4,2902.5,0,2,0.132,1,8.91,47.83,49.15,0.1813
SUB000223,0.907,4,109,4,160.2,4453.9,0,0,0.281,4,19.36,51.05,83.44,0.9853
SUB000224,0.748,9,133,4,220.6,3470.9,0,0,,2,27.43,65.45,60.23,0.4802
SUB000225,0.586,5,82,3,155.8,6573.3,0,1,0.203,1,23.36,60.85,66.11,0.6756
SUB000226,0.789,14,280,9,169.2,4689.1,0,1,0.517,2,6.04,35.27,55.8,0.3408
SUB000227,0.712,8,67,2,18.6,3156.0,0,5,0.26,3,99.17,62.97,69.54,0.7764
SUB000228,0.847,6,83,2,212.7,4088.4,1,2,0.327,4,24.05,61.2,63.02,0.5722
SUB000229,0.645,10,126,8,88.3,3457.4,0,0,0.232,8,2.13,79.57,57.1,0.3754
SUB000230,0.674,11,214,11,40.8,5423.5,1,4,0.25,4,16.35,89.87,50.57,0.2108
SUB000231,0.687,11,94,3,44.7,7201.9,0,1,0.19,3,0.39,80.35,70.69,0.8066
SUB000232,0.748,6,78,3,86.7,4400.8,0,4,0.401,4,5.2,54.57,52.45,0.2514
SUB000233,0.714,14,104,5,191.2,3135.8,0,1,0.533,3,43.93,77.7,69.46,0.7735
SUB000234,0.785,8,149,10,213.6,4508.0,1,0,0.086,4,40.56,79.67,67.56,0.7175
SUB000235,0.448,3,152,4,149.5,2853.7,1,4,0.167,7,0.13,64.48,28.62,0.0163
SUB000236,0.683,9,142,4,251.1,9020.2,0,0,0.422,2,9.86,58.98,62.45,0.5504
SUB000237,0.713,9,223,14,122.8,7816.3,0,1,0.21,3,3.41,46.51,61.84,0.5273
SUB000238,0.951,9,153,7,133.1,6635.5,1,2,0.634,2,10.64,49.2,69.93,0.7864
SUB000239,0.864,10,165,8,38.0,5952.1,0,1,0.194,2,10.97,69.35,65.1,0.6435
SUB000240,0.69,18,171,8,139.5,4606.8,1,1,,2,38.76,77.53,55.32,0.3279
SUB000241,0.931,9,75,3,24.5,4159.9,0,2,0.342,4,3.79,71.36,79.5,0.9623
SUB000242,0.772,9,109,5,66.5,4214.4,0,2,0.302,2,2.82,81.9,65.75,0.6642
SUB000243,0.84,7,83,3,178.8,7980.3,0,2,0.204,2,31.64,59.52,66.81,0.6958
SUB000244,0.884,9,86,2,45.8,4141.8,0,5,0.605,3,9.88,55.17,73.66,0.8794
SUB000245,0.946,12,100,6,60.7,3653.9,0,2,0.36,3,25.18,70.14,77.22,0.9391
SUB000246,0.743,12,132,6,50.5,4503.2,0,0,0.325,3,0.97,79.57,62.63,0.5571
SUB000247,0.928,16,210,7,214.6,,1,0,0.425,8,4.86,60.93,54.73,0.3088
SUB000248,0.569,4,147,6,230.3,500.0,0,2,0.014,3,30.77,48.28,50.02,0.1991
SUB000249,0.864,13,137,7,154.5,5275.0,1,2,0.607,2,77.35,86.21,65.28,0.6497
SUB000250,0.78,12,101,5,212.6,691.2,0,1,0.206,2,0.98,60.0,59.24,0.4454
SUB000251,0.793,4,218,7,62.2,7298.1,1,0,0.443,2,6.6,85.34,72.67,0.8591
SUB000252,0.635,16,65,3,241.8,1738.8,0,0,0.656,3,1.19,78.02,53.47,0.2782
SUB000253,0.925,5,154,9,92.1,3565.2,0,0,0.515,4,0.58,61.75,74.0,0.8858
SUB000254,0.85,12,51,2,196.1,,0,2,0.435,4,9.45,58.34,76.55,0.9303
SUB000255,0.79,3,122,5,127.4,7311.2,1,1,0.197,3,10.26,68.02,66.8,0.6955
SUB000256,0.707,6,172,5,22.9,4841.6,0,1,0.438,4,20.85,31.14,51.97,0.2391
SUB000257,0.451,12,117,4,102.9,7924.9,0,3,0.324,5,28.23,93.9,47.48,0.1501
SUB000258,0.875,12,190,10,166.3,7931.9,0,1,0.393,3,0.57,70.7,69.97,0.7878
SUB000259,0.524,8,79,4,33.0,6268.9,1,2,0.101,4,46.51,79.62,55.93,0.3435
SUB000260,0.903,17,39,1,188.8,2092.4,0,1,0.457,1,14.09,47.27,81.64,0.9765
SUB000261,0.88,12,67,4,71.0,4583.2,1,1,0.237,6,15.81,92.84,62.9,0.5672
SUB000262,0.835,14,102,4,194.4,6559.3,2,2,0.143,4,53.87,59.98,49.82,0.195
SUB000263,0.576,9,132,6,65.4,5243.2,0,3,0.67,2,22.25,64.74,58.14,0.4117
SUB000264,0.55,5,89,2,161.6,3890.2,0,2,0.308,4,0.07,67.76,60.08,0.4736
SUB000265,0.769,5,122,3,184.0,5137.3,0,3,,4,6.64,54.09,67.0,0.7016
SUB000266,0.795,8,143,4,133.9,5386.6,0,2,0.283,4,5.05,58.33,59.93,0.4678
SUB000267,0.386,6,81,4,133.2,2189.2,0,2,0.1,4,1.0,84.83,50.02,0.1991
SUB000268,0.754,6,82,4,227.1,3559.7,1,2,0.421,3,25.09,81.27,59.16,0.4427
SUB000269,0.424,4,62,4,85.0,5289.7,0,1,0.346,2,3.36,71.89,41.66,0.0773
SUB000270,0.637,8,190,11,111.9,6261.6,0,4,0.23,3,0.45,52.16,64.16,0.6098
SUB000271,0.758,4,192,5,170.4,5325.1,0,3,0.294,4,31.03,60.83,71.18,0.8222
SUB000272,0.458,8,122,4,169.3,3998.2,1,1,0.092,1,0.01,71.53,27.65,0.0147
SUB000273,0.545,3,69,3,114.4,4057.0,0,3,0.243,1,2.32,72.5,56.32,0.354
SUB000274,0.682,8,206,6,71.1,,0,2,0.35,2,7.47,80.1,70.21,0.7946
SUB000275,0.602,11,82,5,211.4,4253.9,1,0,0.473,3,40.99,50.04,60.5,0.4872
SUB000276,0.716,6,63,2,63.7,5590.1,0,2,0.464,2,4.83,70.34,61.33,0.5113
SUB000277,0.884,10,81,4,286.7,8047.3,0,0,0.008,3,1.87,90.57,66.99,0.7012
SUB000278,0.834,10,78,3,78.3,2583.6,1,2,0.415,3,6.17,70.72,62.12,0.5368
SUB000279,0.702,7,71,3,74.7,6255.1,0,2,0.507,1,67.13,81.63,61.48,0.5164
SUB000280,0.851,4,89,5,152.5,5019.2,0,2,,2,31.99,53.58,52.22,0.2457
SUB000281,0.772,17,118,3,203.9,2188.1,1,2,0.105,2,3.23,79.05,56.7,0.3646
SUB000282,0.727,13,154,4,100.6,4623.5,0,0,0.098,4,17.41,65.96,55.31,0.3274
SUB000283,0.517,6,105,4,239.5,4252.0,0,2,0.338,5,2.28,38.9,48.18,0.1628
SUB000284,0.679,18,105,3,193.8,4522.6,0,1,0.319,5,56.37,100.0,63.12,0.5754
SUB000285,0.74,13,104,5,144.1,6091.7,1,2,0.225,3,15.47,74.0,62.53,0.5541
SUB000286,0.538,12,63,3,179.2,7277.3,0,2,0.065,5,0.97,89.8,55.74,0.3396
SUB000287,0.838,5,152,7,207.6,6702.6,1,0,0.518,2,30.48,80.81,74.94,0.9027
SUB000288,0.691,12,172,10,252.6,5179.2,1,2,0.071,2,17.92,50.25,57.94,0.4048
SUB000289,0.662,15,202,8,176.6,5495.9,2,4,0.52,5,0.82,61.01,50.42,0.2082
SUB000290,0.953,9,99,3,70.6,7613.4,0,4,0.031,3,21.05,68.69,69.58,0.7775
SUB000291,0.912,10,197,6,74.5,3396.9,0,1,0.633,4,14.95,100.0,78.42,0.9516
SUB000292,0.367,12,160,6,71.1,6663.1,1,0,0.14,3,39.86,73.08,21.0,0.0047
SUB000293,0.947,15,72,3,126.4,2639.1,2,2,0.318,2,22.79,49.79,59.09,0.441
SUB000294,0.894,11,82,3,155.3,2121.8,0,1,0.09,2,13.3,53.59,61.67,0.522
SUB000295,0.688,11,119,3,165.8,5541.8,0,4,0.098,6,40.12,89.58,51.18,0.2243
SUB000296,0.721,10,105,6,217.6,2038.6,1,0,0.406,1,50.62,62.27,70.1,0.7908
SUB000297,0.511,18,67,3,49.6,3745.8,0,2,0.24,6,39.8,57.74,38.01,0.0531
SUB000298,0.567,9,119,3,146.4,6656.4,1,0,0.119,3,87.55,69.13,51.93,0.2385
SUB000299,0.532,11,120,4,180.6,3229.2,0,0,0.228,3,5.83,100.0,45.74,0.1239
SUB000300,0.821,16,159,5,5.0,7490.2,0,2,0.34,5,4.59,70.77,74.08,0.8872
SUB000301,0.706,7,92,3,168.2,1073.7,0,2,0.4,2,14.32,86.24,73.23,0.8724
SUB000302,0.813,20,83,2,343.8,5981.4,1,4,0.419,3,18.47,76.05,44.84,0.1113
SUB000303,0.828,7,61,2,187.4,2228.8,0,2,0.368,2,13.88,59.38,76.33,0.927
SUB000304,0.881,6,127,5,156.5,4343.5,0,2,0.183,2,15.69,64.18,66.51,0.6865
SUB000305,0.244,11,122,8,136.6,4933.6,0,2,0.191,4,26.59,79.06,29.64,0.0192
SUB000306,0.735,7,213,7,155.0,4641.5,2,2,0.096,4,0.86,26.23,45.34,0.1182
SUB000307,0.852,18,155,8,266.2,4389.1,0,3,0.381,4,28.18,54.21,62.96,0.5699
SUB000308,0.91,22,92,4,165.2,2283.8,0,0,0.222,3,38.66,52.8,74.16,0.8888
SUB000309,0.853,6,116,5,209.6,6702.5,0,0,0.082,2,3.39,76.38,69.81,0.7827
SUB000310,0.568,6,67,3,165.8,2490.3,0,1,0.356,2,65.07,58.09,59.46,0.4533
SUB000311,0.725,6,98,3,235.6,2643.9,0,1,0.32,6,15.53,60.08,65.03,0.6417
SUB000312,0.95,3,124,8,194.3,4474.1,0,2,0.08,5,10.08,71.13,69.27,0.7668
SUB000313,0.313,7,217,10,152.4,4039.8,0,0,0.283,3,2.24,39.03,35.69,0.0397
SUB000314,0.845,14,77,2,169.5,5642.9,0,0,0.765,2,5.93,41.31,79.88,0.9646
SUB000315,0.804,12,188,6,137.2,4139.6,0,2,0.088,5,30.74,80.35,80.11,0.9663
SUB000316,0.809,8,127,6,202.6,4633.2,0,3,0.108,1,0.43,59.36,62.63,0.5571
SUB000317,0.623,11,153,8,117.6,4936.7,0,3,0.262,4,38.69,42.36,48.9,0.1765
SUB000318,0.584,4,114,5,138.8,6030.7,1,1,0.095,5,16.34,73.57,47.93,0.1579
SUB000319,0.765,5,86,2,123.4,3638.5,0,2,0.316,4,5.63,63.82,71.95,0.8425
SUB000320,0.867,9,184,9,66.5,2412.3,0,1,0.149,2,5.03,87.14,69.45,0.773
SUB000321,0.32,10,95,3,163.2,3260.6,0,1,0.101,3,14.61,73.24,35.16,0.0377
SUB000322,0.762,10,150,4,58.5,6456.0,1,1,0.195,1,14.89,49.41,57.01,0.3726
SUB000323,0.852,7,69,4,114.1,4867.1,0,3,0.376,2,15.28,59.59,68.82,0.7542
SUB000324,0.319,7,75,2,181.0,3819.4,0,0,0.258,4,13.34,75.69,42.85,0.0898
SUB000325,0.827,12,51,2,166.1,4346.7,1,0,0.529,2,6.27,77.77,75.15,0.9057
SUB000326,0.339,12,109,4,165.2,4146.6,0,2,0.161,6,0.11,82.28,45.34,0.1182
SUB000327,0.223,3,127,3,77.1,5816.5,0,2,0.399,2,4.35,57.43,37.28,0.0474
SUB000328,0.574,3,116,7,191.9,5086.2,0,4,0.482,3,29.57,79.39,44.33,0.1058
SUB000329,0.512,22,61,2,132.8,3886.7,1,1,,4,67.66,100.0,26.13,0.011
SUB000330,0.597,10,76,4,192.4,5756.5,0,1,0.319,4,4.48,83.25,57.73,0.3992
SUB000331,0.91,10,152,6,227.9,6525.2,0,2,0.271,6,21.06,77.74,72.57,0.8566
SUB000332,0.954,6,92,5,46.2,3081.0,0,2,0.146,4,8.21,62.37,78.73,0.9547
SUB000333,0.911,8,118,4,119.6,3238.4,1,1,0.102,5,0.67,81.61,77.82,0.9457
SUB000334,0.494,7,89,5,111.1,8046.5,0,0,0.387,2,5.13,45.64,51.64,0.2332
SUB000335,0.816,14,145,7,178.4,5664.1,0,2,0.384,3,59.89,70.54,64.18,0.6103
SUB000336,0.84,14,89,5,105.4,6949.0,0,1,0.284,4,1.25,53.59,59.86,0.4668
SUB000337,0.929,10,106,5,80.1,5868.6,0,1,0.386,5,32.24,59.42,82.95,0.9833
SUB000338,0.639,10,168,9,146.8,,0,5,0.105,2,6.45,79.35,50.69,0.2132
SUB000339,0.7,11,117,4,119.3,1380.0,0,2,0.326,6,28.71,32.33,58.59,0.4242
SUB000340,0.729,10,79,3,141.2,2563.3,0,2,0.213,4,2.69,47.46,66.0,0.6726
SUB000341,0.695,12,136,4,209.6,5655.5,0,1,0.285,3,18.31,58.17,55.12,0.3213
SUB000342,0.578,17,61,2,74.0,2947.6,0,0,0.203,4,1.66,28.64,44.56,0.1082
SUB000343,0.703,9,78,4,140.2,4167.6,0,3,0.11,5,5.81,70.07,55.45,0.3332
SUB000344,0.476,6,63,3,102.5,5680.5,1,2,0.208,2,60.27,59.22,27.58,0.0144
SUB000345,0.536,10,147,4,151.4,4938.5,0,1,0.235,3,21.39,78.26,45.31,0.1177
SUB000346,0.356,7,132,5,105.8,5258.2,0,1,0.181,3,31.96,71.72,44.69,0.1101
SUB000347,0.887,4,141,5,61.2,6786.9,0,0,0.187,2,45.91,63.86,76.25,0.926
SUB000348,0.402,5,125,8,158.6,6855.5,0,5,0.684,2,17.13,55.54,48.6,0.1713
SUB000349,0.515,16,182,7,,4825.5,0,1,0.222,3,17.35,85.76,56.11,0.3477
SUB000350,0.909,10,123,5,144.0,6525.9,0,2,0.453,1,9.69,76.65,82.56,0.9812
SUB000351,0.783,8,91,3,100.4,3013.8,1,2,0.195,3,8.77,85.37,59.57,0.4563
SUB000352,0.704,10,81,2,106.2,4745.2,0,1,0.017,3,32.84,64.86,62.46,0.5511
SUB000353,0.474,7,123,4,197.1,5464.0,0,6,0.108,5,38.6,60.73,46.29,0.1322
SUB000354,0.91,16,176,5,115.4,4721.9,0,2,0.401,3,54.34,60.08,71.86,0.8402
SUB000355,0.808,22,68,2,264.0,4006.9,0,1,0.13,4,7.1,95.29,65.79,0.6661
SUB000356,0.501,7,139,4,42.8,3015.9,1,3,0.565,3,3.13,96.2,42.99,0.0912
SUB000357,0.484,9,106,3,158.5,4476.6,0,1,0.393,8,4.69,72.1,52.03,0.2408
SUB000358,0.898,11,166,8,192.8,2417.3,0,1,0.126,1,7.73,45.9,82.9,0.9832
SUB000359,0.555,5,58,3,180.7,4090.2,1,1,0.23,2,4.48,71.17,44.1,0.1033
SUB000360,0.174,4,213,6,173.5,5155.5,0,2,0.171,2,0.48,73.11,26.91,0.0133
SUB000361,0.561,15,105,4,181.0,5642.8,0,3,0.447,5,0.43,82.75,50.9,0.2178
SUB000362,0.542,8,54,2,213.2,2505.6,1,5,0.204,4,12.21,50.8,45.36,0.1188
SUB000363,0.592,7,67,2,81.5,4844.8,0,2,0.036,3,56.31,74.41,40.86,0.071
SUB000364,0.717,11,225,10,114.4,5979.6,0,0,0.124,2,17.45,100.0,56.86,0.3688
SUB000365,0.691,6,139,4,,4661.9,1,1,0.173,3,7.88,49.36,65.93,0.6698
SUB000366,0.584,7,100,4,230.0,5171.1,1,1,0.427,4,47.9,78.71,62.36,0.5468
SUB000367,0.913,5,246,7,163.0,5634.8,0,1,0.206,3,62.52,79.09,79.21,0.9595
SUB000368,0.334,4,121,4,172.9,704.0,2,1,0.457,3,15.54,51.06,29.51,0.0183
SUB000369,0.468,7,162,8,130.3,3426.8,0,1,0.126,2,2.41,78.96,48.57,0.1707
SUB000370,0.304,6,76,2,187.0,7594.1,0,0,0.213,6,0.11,67.75,40.45,0.0678
SUB000371,0.738,6,99,4,44.9,5479.0,0,1,0.352,2,48.13,77.84,65.27,0.6494
SUB000372,0.875,9,121,4,122.5,3702.6,1,1,0.378,2,19.95,65.28,62.47,0.5515
SUB000373,0.756,13,94,4,146.0,5019.9,0,1,0.282,3,15.23,72.93,58.86,0.434
SUB000374,0.817,13,218,9,130.5,6156.5,0,1,0.334,3,8.83,73.13,71.63,0.8333
SUB000375,0.823,13,181,5,139.7,7216.7,2,1,0.394,3,52.68,64.27,51.67,0.2337
SUB000376,0.618,6,137,4,170.8,4101.0,0,2,0.493,1,25.03,64.45,56.5,0.3583
SUB000377,0.783,9,67,2,161.3,3441.0,1,1,0.199,5,11.49,66.75,61.04,0.5038
SUB000378,0.667,7,103,3,212.6,3768.4,0,1,0.497,1,15.28,62.49,55.43,0.3319
SUB000379,0.442,6,81,4,12.8,3547.9,0,3,0.379,2,31.26,62.92,56.26,0.3522
SUB000380,0.85,7,139,4,230.3,3787.5,2,2,0.533,2,0.67,46.96,55.71,0.339
SUB000381,0.836,5,94,2,96.0,4751.1,0,1,0.505,2,12.43,57.05,72.99,0.8671
SUB000382,0.745,10,54,1,229.0,3638.4,2,2,0.338,3,6.57,44.07,54.76,0.31
SUB000383,0.784,15,130,3,139.9,4556.9,2,1,0.17,2,23.08,83.67,60.73,0.4942
SUB000384,0.745,7,92,3,163.2,7268.5,0,1,0.175,2,28.03,75.02,72.36,0.8502
SUB000385,0.763,7,192,6,76.4,,1,2,0.198,6,36.77,75.42,64.28,0.6138
SUB000386,0.584,3,71,2,56.0,4860.2,0,0,0.165,3,2.75,60.46,51.39,0.2288
SUB000387,0.725,12,83,4,,2711.6,0,0,0.42,6,22.94,54.42,61.94,0.5303
SUB000388,0.545,3,101,3,5.0,5895.5,0,2,0.164,3,109.06,61.01,44.95,0.1132
SUB000389,0.702,9,132,6,,6338.5,0,4,0.237,1,14.15,56.54,61.98,0.5314
SUB000390,0.728,6,168,7,184.0,3538.5,0,2,0.401,4,3.64,42.14,59.19,0.4434
SUB000391,0.936,8,99,4,119.1,3451.2,1,4,0.214,5,12.72,67.44,56.73,0.3655
SUB000392,0.718,10,122,6,97.1,5610.1,2,4,0.258,3,18.11,58.14,37.8,0.0507
SUB000393,0.419,9,59,2,238.4,3883.3,1,2,0.042,4,6.69,68.59,37.69,0.0501
SUB000394,0.787,14,84,3,274.5,6545.7,0,2,0.411,4,8.37,53.15,50.11,0.2007
SUB000395,0.91,3,95,3,129.0,2672.3,0,2,0.499,5,6.64,47.17,87.44,0.996
SUB000396,0.86,13,101,4,235.4,6120.6,1,2,0.227,3,0.41,67.7,69.39,0.7708
SUB000397,0.715,10,145,4,241.0,8081.3,0,1,0.398,1,20.42,36.61,58.65,0.427
SUB000398,0.741,14,231,12,161.0,5743.1,0,1,0.14,3,19.38,84.37,61.51,0.5168
SUB000399,0.43,9,86,3,116.3,3474.7,0,2,0.202,2,54.16,69.59,47.15,0.1445
SUB000400,0.351,5,138,6,140.3,3524.3,0,0,0.162,1,44.2,61.16,44.04,0.1026
SUB000401,0.807,9,181,5,59.7,4662.0,1,1,0.235,4,9.08,65.45,60.2,0.4792
SUB000402,0.701,12,177,11,190.1,5899.1,1,4,0.247,4,12.21,88.17,52.74,0.2598
SUB000403,0.957,13,77,2,139.2,2144.6,2,2,0.266,4,12.76,65.55,70.69,0.8066
SUB000404,0.65,9,173,10,150.4,4400.3,0,1,0.364,1,19.9,68.63,68.69,0.7497
SUB000405,0.681,8,68,4,146.5,4537.4,2,3,0.228,5,9.93,56.84,52.38,0.2498
SUB000406,0.721,10,68,2,99.1,6671.2,1,0,0.184,4,32.12,88.89,65.35,0.6518
SUB000407,0.653,14,115,4,159.9,7367.6,3,1,,3,13.03,73.64,33.94,0.0335
SUB000408,0.694,7,95,4,,4277.6,0,2,0.133,4,11.93,87.45,56.09,0.3472
SUB000409,0.638,11,198,7,124.1,3327.5,0,1,0.025,1,6.97,37.45,55.04,0.3184
SUB000410,0.906,19,53,3,110.2,4475.2,0,2,0.247,4,0.2,51.1,64.95,0.6395
SUB000411,0.753,24,116,7,139.4,4843.9,0,3,0.098,2,16.0,68.38,47.22,0.1456
SUB000412,0.598,14,163,10,26.5,6594.2,0,2,0.314,3,32.8,79.51,58.95,0.4358
SUB000413,0.653,8,51,2,118.2,3589.5,0,3,0.311,4,47.87,83.51,62.95,0.5695
SUB000414,0.48,5,97,5,164.1,3001.5,0,1,0.214,2,5.88,67.86,43.05,0.0919
SUB000415,0.544,11,161,6,163.7,4787.5,0,2,0.206,1,99.81,54.93,58.14,0.4117
SUB000416,0.715,17,112,3,236.0,4049.8,0,1,,2,24.65,55.2,57.46,0.3886
SUB000417,0.708,9,112,5,89.8,4010.0,0,2,0.226,5,12.74,88.41,65.55,0.6572
SUB000418,0.56,14,168,7,133.3,3537.6,0,2,0.135,5,2.19,76.31,57.89,0.4036
SUB000419,0.895,14,134,7,217.0,2786.8,0,0,0.229,4,10.6,83.1,78.75,0.9548
SUB000420,0.788,9,84,2,141.8,5335.5,0,1,0.576,1,33.28,96.58,76.43,0.9278
SUB000421,0.707,13,212,11,170.1,5456.0,0,2,0.242,3,1.33,21.78,65.02,0.6412
SUB000422,0.71,5,105,4,261.9,3319.7,1,2,0.195,7,1.58,52.5,51.33,0.2275
SUB000423,0.616,8,67,2,128.7,5564.9,1,4,0.208,1,24.86,49.18,53.13,0.2698
SUB000424,0.86,11,114,4,124.0,1806.1,0,1,0.204,2,2.32,36.04,63.74,0.5965
SUB000425,0.972,9,109,5,87.4,3933.0,1,5,0.446,2,6.4,74.95,66.59,0.6898
SUB000426,0.833,6,132,4,120.6,4983.0,1,0,0.579,3,4.22,50.46,57.31,0.3823
SUB000427,0.974,13,141,9,220.3,6366.8,1,2,0.173,2,3.25,57.63,76.91,0.9356
SUB000428,0.707,11,61,3,187.4,3471.7,0,3,0.369,3,1.14,67.49,61.0,0.5022
SUB000429,0.886,10,101,3,236.0,6191.1,0,2,0.573,4,31.5,67.82,71.39,0.8269
SUB000430,0.287,16,135,3,189.7,3697.4,1,1,,4,13.43,90.72,23.95,0.0082
SUB000431,0.82,13,112,3,24.5,5792.2,1,1,0.134,4,6.32,74.23,62.09,0.5358
SUB000432,0.745,3,92,3,166.7,6983.2,0,3,0.156,2,45.74,35.52,48.01,0.1601
SUB000433,0.411,10,151,6,156.3,3255.1,0,3,0.173,5,12.77,57.43,44.29,0.1055
SUB000434,0.702,10,150,5,150.1,4977.1,2,2,0.135,2,24.27,55.24,56.58,0.361
SUB000435,0.947,8,54,1,217.1,5080.9,0,3,0.36,3,2.27,96.73,78.27,0.9502
SUB000436,0.602,3,25,1,112.5,2258.6,0,0,0.11,3,9.96,89.62,56.07,0.3465
SUB000437,0.874,6,122,7,172.8,5258.7,1,3,0.122,5,19.58,66.46,60.86,0.498
SUB000438,0.575,3,132,3,,3810.4,0,0,0.297,4,9.98,56.48,57.76,0.4002
SUB000439,0.867,22,102,3,94.9,3245.6,0,0,0.162,4,3.43,74.36,67.45,0.7139
SUB000440,0.832,9,118,6,111.1,3955.0,2,1,0.076,2,12.43,75.17,58.59,0.4242
SUB000441,0.592,11,105,3,134.2,3780.9,0,2,0.2,5,13.34,66.07,46.54,0.1358
SUB000442,0.914,6,130,4,170.9,5851.0,1,3,0.264,4,2.33,30.21,63.8,0.5984
SUB000443,0.492,3,92,4,63.2,4458.6,0,1,0.455,5,25.32,60.59,58.01,0.4068
SUB000444,0.732,8,94,2,234.4,7936.1,0,1,0.542,1,6.38,59.24,68.54,0.7462
SUB000445,0.827,7,105,5,83.1,3720.9,1,3,0.512,3,2.53,57.23,54.01,0.2905
SUB000446,0.43,10,132,6,144.7,5370.8,0,1,0.317,2,36.48,41.93,45.9,0.1262
SUB000447,0.374,8,138,4,144.7,4464.0,0,2,,3,2.26,80.54,39.37,0.0598
SUB000448,0.78,24,187,5,210.0,3020.7,0,2,0.305,3,58.24,67.51,55.81,0.3412
SUB000449,0.729,15,70,4,192.0,6735.7,0,2,0.065,7,23.39,56.85,58.43,0.4202
SUB000450,0.621,17,48,1,306.7,4419.4,0,0,0.149,6,43.74,47.2,51.21,0.2245
SUB000451,0.697,9,150,5,110.8,3578.6,0,1,0.512,2,38.65,56.86,62.23,0.5404
SUB000452,0.486,10,115,3,168.8,5174.8,0,1,0.235,3,0.46,71.98,59.58,0.4572
SUB000453,0.54,17,52,2,166.0,5810.1,0,1,0.122,6,13.27,85.02,45.06,0.1152
SUB000454,0.59,7,104,3,200.0,3246.7,1,1,0.334,1,18.25,85.53,52.65,0.2565
SUB000455,0.697,11,167,5,179.9,4910.5,2,1,0.221,1,13.83,53.85,39.12,0.0592
SUB000456,0.865,8,92,3,157.2,6020.5,1,0,0.046,3,30.85,100.0,72.98,0.8667
SUB000457,0.679,11,122,5,63.4,4857.6,0,0,0.308,1,31.19,100.0,63.25,0.5796
SUB000458,0.782,5,85,3,107.8,5256.3,1,0,0.264,1,0.56,47.96,57.14,0.3766
SUB000459,0.639,7,73,4,82.4,3968.9,0,2,0.06,4,25.5,51.22,47.03,0.1423
SUB000460,0.923,10,157,10,123.2,2425.7,0,3,0.259,2,14.9,65.45,71.66,0.8349
SUB000461,0.497,11,88,2,103.4,4062.3,0,1,0.307,1,91.08,84.85,61.57,0.5187
SUB000462,0.658,13,100,3,127.9,,0,0,0.151,2,12.52,88.4,65.67,0.6606
SUB000463,0.494,5,114,4,110.3,4406.5,0,2,0.286,4,19.79,74.63,49.54,0.1892
SUB000464,0.784,10,84,4,126.4,3595.5,0,2,0.125,2,36.1,79.08,61.99,0.5318
SUB000465,0.794,4,269,8,114.3,5600.4,1,3,0.229,4,14.85,69.7,67.56,0.7175
SUB000466,0.76,8,149,6,88.3,4224.9,1,4,0.6,3,36.38,73.86,55.11,0.3208
SUB000467,0.866,9,64,2,149.2,5533.3,1,2,0.104,3,7.55,74.76,64.76,0.6331
SUB000468,0.247,9,48,3,92.9,5163.5,0,2,0.309,2,15.6,58.69,36.17,0.0422
SUB000469,0.315,18,162,8,138.1,3423.3,0,3,0.231,3,9.37,100.0,44.76,0.1107
SUB000470,0.706,9,123,6,144.0,6499.8,0,1,0.108,2,14.79,84.84,61.98,0.5314
SUB000471,0.674,12,129,8,5.0,,1,3,0.042,6,0.74,80.85,64.85,0.6365
SUB000472,0.956,10,106,3,299.5,2843.5,1,1,0.11,2,4.26,64.38,71.29,0.8246
SUB000473,0.602,9,99,3,178.5,6078.0,2,2,0.04,2,23.82,58.93,34.19,0.0342
SUB000474,0.438,11,162,6,172.2,3921.5,0,0,0.384,3,14.9,43.49,56.29,0.3532
SUB000475,0.885,10,72,2,118.7,4506.7,0,1,0.252,3,42.11,63.8,82.07,0.9778
SUB000476,0.685,9,177,5,152.6,2953.3,2,4,0.04,3,0.13,71.59,45.79,0.1245
SUB000477,0.635,8,117,4,71.4,4036.0,0,3,0.178,4,3.2,49.56,60.14,0.4769
SUB000478,0.39,7,62,2,170.4,4136.9,0,0,0.227,3,75.81,62.07,59.3,0.4481
SUB000479,0.932,7,56,2,40.0,3691.2,0,2,0.58,2,4.53,62.41,81.57,0.9762
SUB000480,0.499,9,85,3,,3654.3,0,0,0.143,4,1.99,79.4,43.2,0.0932
SUB000481,0.493,9,91,4,104.4,4516.5,0,2,0.224,4,33.66,78.4,44.61,0.1092
SUB000482,0.941,16,57,3,258.6,5770.0,0,1,0.636,3,70.73,55.87,75.98,0.9214
SUB000483,0.637,5,135,9,68.9,3262.6,0,1,0.226,1,16.98,62.52,57.69,0.3974
SUB000484,0.843,19,143,5,197.0,,0,2,0.255,5,1.83,60.82,57.5,0.3907
SUB000485,0.338,5,140,7,11.2,6559.3,0,1,0.28,4,41.87,52.5,49.84,0.1953
SUB000486,0.845,9,156,6,148.5,3792.5,0,1,,2,9.01,60.25,71.71,0.8366
SUB000487,0.836,11,93,3,257.1,3605.3,0,0,,3,64.46,71.41,85.78,0.993
SUB000488,0.784,6,127,5,168.0,3816.9,0,2,0.331,7,37.03,44.71,62.98,0.5708
SUB000489,0.637,5,155,7,10.6,2782.5,0,1,,2,36.7,75.22,68.05,0.7323
SUB000490,0.605,8,135,5,146.6,4082.6,0,2,0.31,3,36.03,53.5,66.39,0.6842
SUB000491,0.449,12,122,4,128.2,4190.3,0,1,0.276,3,17.14,46.8,53.29,0.2741
SUB000492,0.769,13,179,8,232.6,5547.9,0,0,0.144,4,88.76,58.08,68.15,0.7357
SUB000493,0.848,5,97,3,129.0,3663.5,0,0,0.091,2,17.36,65.36,76.93,0.9359
SUB000494,0.758,8,97,6,57.6,822.9,0,3,0.221,2,21.3,74.58,70.54,0.8029
SUB000495,0.875,4,117,4,123.8,2579.0,0,0,0.078,2,8.97,58.39,74.53,0.8951
SUB000496,0.647,6,117,4,96.2,6258.2,0,2,0.211,4,21.87,74.76,61.59,0.5193
SUB000497,0.782,15,115,4,35.4,3314.8,0,5,0.362,5,4.63,70.64,66.79,0.6952
SUB000498,0.923,11,59,1,142.5,5113.7,0,2,0.195,2,27.99,85.49,73.61,0.8781
SUB000499,0.594,6,164,9,138.3,3749.8,1,1,0.041,3,13.91,64.17,44.14,0.104
SUB000500,0.504,14,127,5,184.9,5854.2,0,2,0.081,1,8.71,59.37,58.87,0.4345
SUB000501,0.854,6,39,2,199.1,4343.6,0,1,0.344,3,36.41,100.0,74.21,0.8896
SUB000502,0.841,9,50,1,130.2,2073.0,0,1,0.106,4,25.31,82.78,64.6,0.6272
SUB000503,0.873,4,179,9,41.9,3138.6,0,2,,3,52.45,56.44,76.22,0.9255
SUB000504,0.919,6,90,3,87.8,2215.3,1,4,,4,2.64,82.83,56.48,0.3576
SUB000505,0.471,10,114,4,148.9,5938.7,1,2,0.182,5,2.69,98.32,38.99,0.0588
SUB000506,0.753,10,74,2,222.9,2481.8,1,2,0.196,5,58.16,70.51,56.25,0.352
SUB000507,0.661,7,277,10,141.2,4831.1,0,0,0.2,5,10.7,70.39,49.51,0.1882
SUB000508,0.666,8,107,4,136.1,4414.6,0,2,0.23,4,12.15,57.19,59.29,0.4474
SUB000509,0.824,12,92,3,141.8,4793.0,0,1,0.257,3,17.35,84.89,65.25,0.6487
SUB000510,0.907,8,159,5,143.5,4103.5,0,2,0.171,4,16.26,75.08,73.77,0.8819
SUB000511,0.222,11,70,4,267.6,1986.7,1,3,0.13,3,8.85,44.37,15.97,0.0017
SUB000512,0.812,7,167,8,135.9,3024.8,0,4,0.321,2,16.08,65.7,60.58,0.4905
SUB000513,0.895,9,103,5,131.2,2937.1,1,1,0.184,2,13.61,66.57,70.04,0.7897
SUB000514,0.803,3,146,6,131.3,757.7,0,0,0.277,4,0.36,63.8,60.87,0.4984
SUB000515,0.743,7,123,4,100.4,5262.4,0,2,0.312,3,1.5,64.22,59.49,0.4541
SUB000516,0.953,9,101,3,53.3,5263.1,0,1,0.481,1,7.67,42.43,78.53,0.9532
SUB000517,0.747,9,59,2,42.6,2687.3,0,3,0.638,2,10.02,99.83,68.3,0.7395
SUB000518,0.381,7,117,6,97.4,6541.8,0,1,0.352,6,23.56,64.5,42.41,0.0849
SUB000519,0.435,6,80,3,208.9,4240.4,0,1,0.382,2,2.34,91.09,45.75,0.1242
SUB000520,0.82,9,115,4,217.0,5846.2,1,1,0.461,1,9.83,61.0,60.06,0.4727
SUB000521,0.735,8,153,5,77.0,5928.8,0,0,0.32,4,22.83,46.29,69.23,0.7659
SUB000522,0.614,10,135,4,140.5,4473.8,1,0,0.316,3,7.14,69.12,55.33,0.3282
SUB000523,0.853,6,36,1,145.9,1136.0,0,1,0.122,2,20.64,82.26,76.69,0.9329
SUB000524,0.493,11,97,2,109.5,4783.6,0,0,0.333,2,3.51,57.57,44.79,0.1109
SUB000525,0.586,5,86,5,213.5,5219.6,1,1,0.266,6,5.48,85.33,54.55,0.3039
SUB000526,0.744,4,90,3,177.7,3471.2,0,0,0.07,4,13.87,60.47,64.16,0.6098
SUB000527,0.71,15,120,3,,4841.2,0,1,0.639,3,40.1,49.96,62.12,0.5368
SUB000528,0.879,5,92,4,139.1,4417.0,0,1,0.387,5,19.32,72.68,74.58,0.8962
SUB000529,0.417,9,80,2,53.2,2970.1,0,0,0.257,4,17.41,88.96,50.89,0.2175
SUB000530,0.758,8,65,4,225.4,4175.2,0,1,0.49,5,4.31,99.11,69.75,0.7817
SUB000531,0.824,15,95,3,199.8,3711.2,0,0,0.229,2,1.1,46.93,60.13,0.4763
SUB000532,0.712,12,149,6,180.6,5307.6,1,1,0.104,4,12.63,57.71,51.33,0.2275
SUB000533,0.354,4,151,7,87.7,3870.0,0,1,0.086,3,3.38,59.33,43.77,0.1004
SUB000534,0.82,17,124,4,131.9,3552.5,0,1,0.304,5,32.85,61.05,65.2,0.6471
SUB000535,0.712,14,47,2,,1778.4,0,1,0.204,2,21.64,70.51,56.74,0.3658
SUB000536,0.608,7,119,6,207.1,7904.7,1,1,0.411,3,36.53,100.0,60.53,0.4885
SUB000537,0.667,5,187,6,238.5,4256.1,0,0,0.217,4,23.36,100.0,63.74,0.5965
SUB000538,0.477,10,68,2,105.9,2644.2,0,1,0.486,2,4.93,100.0,57.1,0.3754
SUB000539,0.873,10,93,6,140.5,5370.3,0,3,0.065,3,19.03,83.36,77.54,0.9423
SUB000540,0.7,4,149,4,6.3,5025.4,0,1,0.262,1,47.14,66.81,65.07,0.6425
SUB000541,0.696,9,49,1,5.0,5067.3,0,1,0.309,2,11.97,49.95,60.1,0.4747
SUB000542,0.497,13,94,4,190.5,5451.1,0,0,0.088,5,27.81,38.04,37.88,0.0517
SUB000543,0.859,9,204,5,95.8,6665.6,1,3,0.406,5,25.03,82.8,57.63,0.3948
SUB000544,0.43,9,195,5,28.6,3377.9,0,0,0.302,1,18.94,69.46,42.09,0.0818
SUB000545,0.904,8,195,7,74.2,5194.9,0,1,0.301,5,11.45,96.11,66.16,0.6769
SUB000546,0.778,6,95,2,158.6,2106.4,0,3,0.199,1,7.58,64.67,63.64,0.5929
SUB000547,0.799,14,178,5,185.0,,1,2,0.104,3,12.47,89.27,45.14,0.1158
SUB000548,0.582,8,121,3,45.8,5611.0,1,2,0.304,6,20.36,85.12,48.62,0.1715
SUB000549,0.592,10,79,4,224.2,3052.2,0,0,0.247,6,8.36,29.54,55.2,0.3238
SUB000550,0.625,5,87,3,93.3,7781.3,0,0,0.113,5,23.84,72.32,59.82,0.466
SUB000551,0.643,8,131,6,160.5,4682.0,0,0,0.25,1,6.74,66.08,64.35,0.6162
SUB000552,0.655,11,47,1,155.3,1519.5,0,1,0.447,3,2.92,47.86,63.56,0.5906
SUB000553,0.888,7,105,5,140.3,5582.9,0,0,0.269,2,14.69,98.94,80.09,0.9658
SUB000554,0.439,8,116,3,87.8,7910.3,1,1,0.145,2,0.44,76.47,29.03,0.0175
SUB000555,0.921,9,140,4,145.5,1345.4,2,2,0.307,2,0.43,98.51,60.52,0.4882
SUB000556,0.645,11,53,2,169.2,5336.7,0,2,0.298,4,27.13,72.05,76.8,0.9342
SUB000557,0.438,9,105,4,135.0,3041.0,0,3,0.41,4,24.6,72.54,53.04,0.2675
SUB000558,0.486,20,157,8,186.1,4704.0,0,3,,2,11.86,73.41,46.24,0.1314
SUB000559,0.558,15,226,11,231.1,3166.2,0,2,0.311,3,12.33,70.89,42.56,0.0864
SUB000560,0.506,7,79,2,112.7,5675.2,0,1,0.094,5,26.72,83.92,58.07,0.4088
SUB000561,0.773,14,178,5,201.2,4412.4,2,1,0.348,5,31.92,71.37,42.38,0.0845
SUB000562,0.987,4,153,4,119.4,6505.6,0,1,0.166,1,6.56,44.91,66.48,0.6859
SUB000563,0.678,8,189,5,229.5,3400.6,1,1,0.203,3,0.08,97.21,61.8,0.526
SUB000564,0.73,4,37,1,47.6,3875.1,0,1,0.157,5,2.74,54.57,71.79,0.8381
SUB000565,0.771,11,48,2,231.2,769.4,1,3,0.225,3,0.48,63.06,50.46,0.2088
SUB000566,0.696,7,144,6,109.1,8616.6,0,3,0.419,2,53.1,66.82,54.74,0.3093
SUB000567,0.69,5,176,11,261.7,7759.5,0,0,0.404,5,17.26,43.01,60.13,0.4763
SUB000568,0.677,12,110,3,182.1,7818.9,0,1,0.238,3,53.8,64.94,46.45,0.1344
SUB000569,0.754,5,98,3,186.0,6789.7,0,3,0.15,2,13.79,58.7,63.14,0.5762
SUB000570,0.679,12,117,5,146.3,3698.6,0,2,0.499,4,6.68,74.49,66.31,0.6821
SUB000571,0.921,10,170,6,190.8,4783.8,0,1,0.323,2,1.61,84.34,72.4,0.8522
SUB000572,0.627,8,80,3,184.8,,1,2,0.325,3,3.15,45.1,37.38,0.0482
SUB000573,0.721,13,78,2,150.5,4951.7,1,1,0.303,4,28.32,58.34,52.42,0.2509
SUB000574,0.618,6,42,1,183.9,2566.7,0,1,0.18,5,34.66,63.41,64.89,0.6379
SUB000575,0.815,4,106,5,5.0,2811.3,0,1,0.168,2,47.55,99.13,74.89,0.9017
SUB000576,0.833,5,62,2,96.4,,0,3,0.436,3,14.08,62.18,69.06,0.7615
SUB000577,0.988,20,107,3,181.3,3895.2,0,0,0.446,3,20.34,31.37,72.43,0.8532
SUB000578,0.412,6,74,5,168.1,3890.1,0,0,0.391,3,3.99,68.93,47.86,0.1571
SUB000579,0.595,7,89,3,199.3,3766.0,1,5,0.417,4,17.71,80.24,53.04,0.2675
SUB000580,0.305,17,95,4,155.8,4851.8,0,1,0.252,4,4.45,54.33,40.31,0.0658
SUB000581,0.625,7,119,3,117.6,2520.7,0,0,0.059,3,13.34,52.53,49.27,0.1832
SUB000582,0.335,12,122,3,208.3,3328.4,1,1,0.098,3,8.55,63.16,25.53,0.0103
SUB000583,0.491,18,101,3,243.1,3364.5,0,1,0.23,6,2.24,71.98,42.35,0.0838
SUB000584,0.793,11,92,4,197.4,,0,1,0.163,4,12.81,60.34,73.41,0.8743
SUB000585,0.577,9,88,2,137.8,4736.2,0,2,0.393,1,0.12,85.17,63.8,0.5984
SUB000586,0.628,13,56,3,311.9,4787.3,0,4,0.149,6,7.43,64.31,47.22,0.1456
SUB000587,0.344,3,170,6,133.8,3449.1,1,1,0.444,3,18.75,83.58,35.29,0.0383
SUB000588,0.908,7,79,3,154.0,4455.7,1,0,0.425,1,18.89,56.36,74.95,0.9031
SUB000589,0.637,15,112,6,263.0,3398.4,0,2,0.06,1,5.68,85.45,53.97,0.2896
SUB000590,0.621,6,66,2,229.7,3219.7,3,3,0.455,3,24.17,50.85,39.57,0.0612
SUB000591,0.781,3,143,7,171.5,5269.4,0,0,0.204,5,30.79,76.12,76.17,0.9242
SUB000592,0.433,9,113,3,92.9,3594.7,0,2,0.187,2,66.83,65.15,43.28,0.0941
SUB000593,0.357,12,126,4,162.8,4471.7,0,2,0.385,1,40.72,44.45,50.34,0.2062
SUB000594,0.836,8,65,2,175.0,3920.2,0,1,0.113,3,5.74,76.34,76.16,0.924
SUB000595,0.721,12,129,7,273.1,2883.7,1,4,0.166,1,1.49,77.71,55.44,0.3326
SUB000596,0.747,10,49,2,327.0,3378.7,0,2,0.129,2,115.43,64.94,58.09,0.4098
SUB000597,0.872,28,85,2,168.1,3582.8,1,0,0.389,2,26.03,80.72,58.51,0.4218
SUB000598,0.982,13,269,11,210.2,4772.5,1,2,0.27,2,1.4,81.74,73.01,0.8675
SUB000599,0.91,10,69,4,101.1,1640.6,0,1,0.357,6,17.89,63.98,64.44,0.6204
SUB000600,0.895,3,112,3,121.5,3466.1,1,2,0.281,5,27.22,63.61,69.49,0.7747
SUB000601,0.963,6,175,5,86.0,6242.8,0,1,0.285,4,2.86,86.44,74.49,0.8947
SUB000602,0.831,5,137,5,,5341.1,0,0,0.166,2,7.43,56.86,73.18,0.8712
SUB000603,0.868,17,190,8,185.3,4350.8,0,1,0.45,2,1.08,100.0,79.62,0.9628
SUB000604,0.758,5,114,5,152.6,2800.4,0,1,0.495,1,60.33,59.63,57.24,0.3804
SUB000605,0.857,8,144,7,147.0,4870.6,0,0,0.316,3,6.3,92.55,68.48,0.7453
SUB000606,0.803,10,161,5,172.6,6256.5,1,0,0.178,2,1.1,59.62,55.57,0.3354
SUB000607,0.492,7,160,4,165.6,7075.6,1,1,0.293,4,9.67,52.95,30.99,0.0232
SUB000608,0.576,7,64,2,99.9,3534.0,0,0,0.33,4,11.45,79.97,59.37,0.4498
SUB000609,0.594,10,78,2,48.7,2799.9,0,3,0.468,4,7.6,61.92,53.53,0.2795
SUB000610,0.537,6,154,5,58.4,5492.6,1,2,0.495,1,27.27,31.33,38.06,0.0535
SUB000611,0.77,9,191,6,50.4,5493.7,0,0,0.089,5,33.01,82.78,56.72,0.3652
SUB000612,0.826,12,76,3,167.7,4395.7,0,2,,4,34.72,76.77,53.29,0.2741
SUB000613,0.585,7,80,2,92.0,3447.2,1,1,0.094,4,27.35,41.84,51.14,0.2231
SUB000614,0.638,5,136,5,193.8,2716.7,1,0,0.212,2,45.19,49.61,49.25,0.1827
SUB000615,0.943,18,92,4,188.4,5471.9,1,4,0.659,4,32.48,66.2,56.98,0.3719
SUB000616,0.552,18,158,5,63.9,6134.8,1,1,0.136,2,60.7,61.54,37.45,0.0485
SUB000617,0.77,9,141,7,122.4,4165.0,2,1,0.331,2,8.24,84.31,56.26,0.3522
SUB000618,0.541,9,166,6,19.6,7395.8,0,1,0.318,2,13.76,76.11,51.73,0.2344
SUB000619,0.637,9,98,3,78.3,4844.3,0,1,0.121,2,23.65,62.13,63.03,0.5724
SUB000620,0.65,7,90,3,111.6,4187.6,0,1,0.124,7,46.11,51.56,58.67,0.4278
SUB000621,0.807,8,81,4,,2630.7,0,3,0.269,1,11.38,47.01,63.48,0.5877
SUB000622,0.641,3,189,6,242.1,2394.3,1,1,0.532,4,19.36,81.26,49.83,0.1952
SUB000623,0.635,5,65,4,179.9,3557.1,1,2,0.307,3,3.21,51.07,58.15,0.4123
SUB000624,0.873,7,62,2,121.3,4863.1,0,0,0.25,1,2.5,64.73,77.69,0.9435
SUB000625,0.738,7,116,5,226.6,8080.4,1,3,0.266,5,1.02,67.18,43.51,0.0965
SUB000626,0.653,5,90,3,76.5,4551.3,3,4,0.083,3,5.72,47.36,40.88,0.0713
SUB000627,0.75,8,162,4,124.1,5698.4,1,0,0.473,2,3.91,72.33,66.64,0.6912
SUB000628,0.864,12,60,3,207.2,,0,1,0.185,3,2.06,81.99,74.77,0.9003
SUB000629,0.671,6,102,3,71.1,4823.0,0,1,,2,1.71,67.42,66.53,0.6872
SUB000630,0.782,3,52,2,170.1,4377.0,0,1,0.432,3,7.84,48.41,69.91,0.7857
SUB000631,0.902,10,96,3,167.6,3061.8,0,2,0.163,2,18.09,79.53,81.46,0.9757
SUB000632,0.733,8,115,3,179.3,6582.3,1,2,0.153,2,32.31,57.82,54.62,0.3059
SUB000633,0.855,13,108,4,266.8,4338.9,0,2,0.116,2,30.79,54.23,49.09,0.1805
SUB000634,0.815,4,105,6,159.3,6183.0,3,1,0.689,3,4.24,100.0,60.14,0.4769
SUB000635,0.964,5,141,4,142.6,4719.5,1,3,0.345,2,5.36,41.07,74.34,0.8911
SUB000636,0.565,7,74,3,51.2,3872.9,0,0,0.142,3,4.9,50.07,54.86,0.3144
SUB000637,0.834,6,127,4,150.6,3463.1,0,2,0.42,3,19.48,73.37,67.35,0.711
SUB000638,0.928,14,103,3,133.2,3989.5,0,4,0.067,4,25.99,65.7,73.61,0.8781
SUB000639,0.708,4,96,3,124.6,6677.0,0,2,0.345,6,21.33,71.31,63.66,0.5933
SUB000640,0.764,7,133,5,112.6,3317.0,0,2,0.097,3,2.01,71.0,51.85,0.2372
SUB000641,0.887,20,118,4,,5589.5,1,2,0.192,2,6.4,65.8,55.98,0.3444
SUB000642,0.718,4,130,3,72.6,4183.2,1,0,0.121,3,55.45,84.09,51.28,0.2262
SUB000643,0.622,9,221,9,159.7,5989.2,0,1,0.038,6,28.8,80.58,56.53,0.3592
SUB000644,0.764,8,103,3,81.5,4825.3,1,1,0.095,3,5.48,64.92,53.21,0.2714
SUB000645,0.8,11,63,2,,2315.1,0,1,0.314,1,6.32,64.47,78.63,0.954
SUB000646,0.601,10,75,4,129.5,4623.5,0,3,0.809,5,0.79,72.75,48.23,0.1635
SUB000647,0.633,10,188,5,177.8,8188.6,0,2,0.242,1,11.69,65.35,70.98,0.8152
SUB000648,0.871,13,95,6,112.4,4936.2,0,1,0.365,3,7.7,87.67,87.73,0.9965
SUB000649,0.9,13,141,4,167.2,6095.6,0,3,0.157,1,19.56,82.49,66.08,0.6752
SUB000650,0.847,7,107,4,119.2,4980.8,0,1,0.215,3,2.51,76.24,66.98,0.7007
SUB000651,0.513,6,70,4,75.9,5532.3,1,1,0.08,2,5.88,88.8,50.17,0.2021
SUB000652,0.908,12,118,3,189.4,3513.0,0,1,0.562,4,0.45,76.3,85.32,0.9915
SUB000653,0.777,9,83,2,107.9,4232.9,1,1,0.093,6,4.83,70.24,53.33,0.2752
SUB000654,0.842,10,87,4,172.5,5755.1,0,2,0.192,3,24.24,67.97,65.95,0.6703
SUB000655,0.63,9,108,7,59.4,4014.8,0,2,0.62,3,27.99,71.14,71.09,0.8196
SUB000656,0.847,7,55,2,149.2,5883.2,0,2,0.302,2,33.72,91.29,75.53,0.9122
SUB000657,0.693,11,140,5,190.4,3194.7,0,1,0.646,2,23.94,72.84,65.87,0.6687
SUB000658,0.662,6,91,5,159.1,4543.2,0,0,0.14,6,37.87,48.62,57.72,0.3987
SUB000659,0.34,20,147,5,233.6,4346.7,0,1,0.284,2,54.68,58.07,46.5,0.1352
SUB000660,0.671,19,145,5,215.7,8682.4,0,1,0.495,7,0.48,82.86,55.28,0.3265
SUB000661,0.831,22,101,3,204.0,3920.3,1,3,0.252,2,5.84,57.2,47.05,0.1426
SUB000662,0.862,10,115,3,200.8,5205.3,1,4,0.188,5,11.44,71.58,62.51,0.5531
SUB000663,0.548,7,128,7,118.6,1652.9,0,2,0.164,4,30.97,77.16,56.75,0.366
SUB000664,0.811,16,94,3,199.3,2718.3,0,1,0.234,3,7.44,71.1,59.57,0.4563
SUB000665,0.782,9,51,2,148.3,4713.6,2,4,0.322,4,4.09,66.44,53.09,0.2688
SUB000666,0.695,13,117,4,270.0,4189.2,0,1,0.079,4,3.32,54.32,58.87,0.4345
SUB000667,0.804,13,161,8,175.4,4438.0,0,1,0.101,4,42.57,78.51,69.17,0.7642
SUB000668,0.642,6,81,2,60.9,3917.5,0,1,0.461,2,17.84,52.76,68.4,0.7426
SUB000669,0.95,11,37,1,168.2,3907.5,0,2,0.341,5,0.99,75.02,77.84,0.9462
SUB000670,0.691,12,150,7,98.9,2182.8,0,3,0.35,2,11.72,37.85,64.6,0.6272
SUB000671,0.791,8,67,4,187.7,4204.8,0,0,0.069,6,9.73,56.41,61.61,0.5201
SUB000672,0.834,5,99,3,179.8,4166.0,0,1,0.677,2,1.36,68.97,75.47,0.9107
SUB000673,0.842,16,104,3,131.5,6119.7,0,2,0.085,5,10.07,66.47,57.43,0.387
SUB000674,0.348,20,109,3,117.7,5797.7,0,1,0.411,1,35.1,79.09,31.84,0.0252
SUB000675,0.916,9,77,4,155.0,500.0,1,0,0.181,2,3.62,40.12,72.86,0.864
SUB000676,0.719,8,67,2,89.8,3233.0,1,1,0.451,1,16.52,56.31,59.03,0.4384
SUB000677,0.405,4,100,4,81.7,7203.2,0,2,0.587,2,17.62,52.33,51.58,0.2316
SUB000678,0.804,9,134,5,116.6,6028.9,0,1,0.29,7,52.24,83.77,67.16,0.7064
SUB000679,0.894,7,81,5,178.5,5141.3,0,2,0.651,6,67.53,54.77,69.26,0.7663
SUB000680,0.677,4,103,6,43.0,3760.9,0,1,0.411,5,5.32,65.06,76.2,0.9249
SUB000681,0.736,13,221,7,113.7,6215.1,0,0,0.176,2,9.55,70.83,59.27,0.4466
SUB000682,0.759,11,121,3,296.9,2332.0,2,1,0.236,3,11.27,59.17,51.74,0.2348
SUB000683,0.328,7,100,3,258.2,3651.1,0,3,0.338,3,89.55,75.77,54.33,0.2984
SUB000684,0.568,18,107,3,246.6,5052.3,0,3,0.47,6,25.32,58.86,47.26,0.1462
SUB000685,0.68,9,203,7,149.6,5926.4,0,3,,1,4.76,41.0,59.27,0.4466
SUB000686,0.542,9,136,4,192.1,5004.6,0,0,0.242,3,22.58,53.32,53.08,0.2682
SUB000687,0.954,8,83,3,120.9,5005.4,1,0,0.222,3,31.81,40.19,59.64,0.4602
SUB000688,0.882,14,140,6,5.0,4946.3,1,1,0.402,2,18.89,70.13,61.93,0.5302
SUB000689,0.769,11,72,5,118.8,3887.1,2,2,0.172,4,8.16,66.05,56.94,0.3713
SUB000690,0.805,3,113,3,100.6,6576.0,1,2,0.281,2,36.35,63.82,57.61,0.3942
SUB000691,0.92,9,172,10,148.7,7637.0,0,0,0.279,2,8.48,75.72,64.29,0.6142
SUB000692,0.747,13,114,3,188.0,4493.8,0,3,0.391,3,13.84,76.69,55.64,0.3373
SUB000693,0.804,4,70,2,231.1,2587.1,0,2,0.674,1,3.79,52.93,74.07,0.8869
SUB000694,0.798,13,110,6,160.9,4197.6,0,1,0.238,3,4.72,72.71,66.72,0.6932
SUB000695,0.803,11,171,9,92.8,4985.3,0,0,0.671,4,5.16,51.92,86.2,0.9943
SUB000696,0.823,6,80,2,126.2,1085.0,1,2,0.09,4,7.48,43.76,50.84,0.2162
SUB000697,0.511,8,140,5,182.6,6707.7,1,4,0.136,3,30.02,85.56,42.59,0.0868
SUB000698,0.612,5,175,6,128.3,3917.6,0,2,0.185,1,52.48,65.94,52.82,0.2617
SUB000699,0.785,7,127,6,92.8,3394.8,1,1,0.047,3,41.79,75.49,58.67,0.4278
SUB000700,0.786,8,111,3,175.5,4045.7,0,1,0.213,4,16.79,49.77,56.92,0.3707
SUB000701,0.555,12,83,3,87.4,3705.9,0,3,0.28,2,9.42,73.26,47.74,0.1552
SUB000702,0.764,13,87,3,106.3,4520.0,0,1,0.199,6,18.67,64.33,70.75,0.8082
SUB000703,0.646,10,99,2,175.0,5679.5,1,1,0.463,4,37.37,66.98,54.27,0.296
SUB000704,0.579,8,141,4,96.9,6618.3,0,0,0.112,1,12.12,92.37,64.36,0.6168
SUB000705,0.912,12,242,8,134.8,6395.8,0,0,0.401,3,53.23,39.78,73.95,0.8844
SUB000706,0.691,9,81,2,148.0,2990.8,0,1,0.202,3,20.12,76.26,65.33,0.6513
SUB000707,0.579,10,134,3,147.5,4506.4,0,1,0.63,5,10.23,85.45,57.31,0.3823
SUB000708,0.908,13,159,5,100.9,4952.0,0,1,0.515,1,23.81,75.46,75.35,0.9087
SUB000709,0.513,12,111,3,175.7,5015.8,1,1,0.243,6,28.83,83.81,40.52,0.0688
SUB000710,0.809,10,109,6,94.9,5278.9,1,0,0.276,4,18.39,56.03,64.35,0.6162
SUB000711,0.83,11,60,2,252.0,4416.7,0,0,0.591,2,30.78,67.51,85.5,0.9919
SUB000712,0.533,7,117,3,,4455.4,0,1,0.281,5,32.89,80.64,55.1,0.3203
SUB000713,0.967,6,107,4,174.5,5901.1,0,1,0.372,4,3.55,59.05,87.76,0.9967
SUB000714,0.778,20,96,3,224.0,4280.8,2,1,0.334,3,21.67,45.99,51.76,0.2353
SUB000715,0.938,6,124,4,116.7,6055.4,0,1,0.248,2,15.47,100.0,78.45,0.9522
SUB000716,0.551,13,75,3,101.0,5595.2,0,1,0.098,2,80.2,77.94,46.51,0.1354
SUB000717,0.642,8,80,4,187.8,6579.1,0,0,0.082,4,9.45,79.21,56.88,0.3696
SUB000718,0.784,12,118,4,70.6,4916.6,1,0,0.596,8,58.91,68.45,69.98,0.788
SUB000719,0.796,3,188,8,52.8,7105.5,1,1,0.208,2,7.4,77.01,54.49,0.302
SUB000720,0.856,5,102,4,171.4,4054.8,0,0,0.278,2,2.09,60.77,70.97,0.8148
SUB000721,0.586,14,111,3,150.0,5073.4,1,1,0.613,3,40.13,69.71,56.8,0.3678
SUB000722,0.939,4,109,6,89.6,5692.5,1,2,0.477,4,11.21,70.8,72.16,0.8473
SUB000723,0.677,7,73,2,111.1,2849.0,0,1,0.303,1,9.66,74.05,80.08,0.9655
SUB000724,0.656,16,98,3,120.3,3900.8,0,0,0.26,5,29.69,62.03,61.01,0.5025
SUB000725,0.988,13,116,3,289.9,3578.2,1,3,,2,5.75,63.77,70.3,0.7968
SUB000726,0.658,7,115,6,202.1,4488.6,1,0,0.198,3,9.33,78.16,52.85,0.2625
SUB000727,0.778,6,128,8,88.5,3840.9,0,1,0.269,3,38.5,72.9,64.52,0.6237
SUB000728,0.522,18,72,2,155.2,4519.8,0,1,0.382,2,29.25,81.24,47.15,0.1445
SUB000729,0.803,6,86,3,173.8,4313.1,0,2,0.075,1,11.41,50.28,67.12,0.7058
SUB000730,0.665,10,55,2,91.5,3855.8,0,0,0.428,4,14.24,77.75,81.0,0.9738
SUB000731,0.174,16,177,6,134.5,5111.2,0,1,0.394,1,85.74,53.51,30.04,0.0202
SUB000732,0.453,11,93,3,135.1,3441.4,0,2,0.284,4,22.09,89.51,49.58,0.1899
SUB000733,0.673,16,120,3,115.1,3306.7,0,3,0.255,2,49.09,69.01,53.93,0.2882
SUB000734,0.605,7,108,5,206.8,2750.1,0,1,,2,1.3,67.37,56.58,0.361
SUB000735,0.836,5,42,2,92.1,1528.1,1,1,0.432,3,11.63,70.96,57.14,0.3766
SUB000736,0.366,12,67,2,149.0,3315.4,1,1,0.217,3,16.77,73.72,26.19,0.0115
SUB000737,0.909,15,107,4,172.0,5343.2,0,1,0.607,4,40.99,81.85,72.32,0.8497
SUB000738,0.759,11,133,5,248.2,4368.4,0,2,0.169,3,14.17,86.41,74.69,0.8982
SUB000739,0.588,6,129,4,132.8,4663.3,0,3,0.558,3,27.63,42.34,48.41,0.1666
SUB000740,0.817,24,64,3,320.2,,0,2,0.377,2,3.28,64.59,58.98,0.4366
SUB000741,0.854,5,73,3,113.2,7263.3,0,3,0.581,4,85.1,60.97,75.53,0.9122
SUB000742,0.691,10,125,8,136.8,4873.3,0,0,0.184,3,36.74,57.55,63.93,0.6018
SUB000743,0.899,16,129,6,224.2,3792.0,0,2,0.267,1,37.21,48.95,61.74,0.5243
SUB000744,0.645,9,62,3,262.2,2724.7,0,1,0.078,2,6.25,68.75,57.58,0.3927
SUB000745,0.636,12,125,8,140.1,7194.8,0,1,0.052,3,81.19,49.46,40.19,0.065
SUB000746,0.933,4,106,3,206.2,2427.1,0,0,,5,90.96,82.36,82.32,0.98
SUB000747,0.902,12,99,3,206.8,3302.9,0,1,0.198,4,0.68,57.02,75.45,0.9105
SUB000748,0.946,6,190,10,92.4,3758.7,2,3,0.485,3,5.71,74.02,58.02,0.4072
SUB000749,0.52,10,103,3,148.9,4462.9,0,2,0.311,2,35.54,56.29,58.17,0.4132
SUB000750,0.838,5,88,3,132.6,4972.6,0,1,0.184,3,0.12,55.55,68.07,0.7328
SUB000751,0.826,12,144,8,94.1,4822.7,1,0,0.601,1,14.5,62.15,70.55,0.8035
SUB000752,0.623,11,142,9,162.9,4163.0,1,2,0.415,4,14.19,53.53,52.25,0.2464
SUB000753,0.656,10,173,5,154.8,2769.2,0,1,0.278,2,67.82,84.35,59.3,0.4481
SUB000754,0.53,14,139,8,184.5,7479.9,1,2,0.543,4,10.81,72.72,43.29,0.0943
SUB000755,0.735,12,136,4,160.2,5077.4,0,2,0.248,2,43.75,79.23,71.79,0.8381
SUB000756,0.79,5,110,3,95.0,5401.4,0,2,0.391,3,18.69,62.9,67.11,0.7053
SUB000757,0.748,14,233,7,308.8,4151.0,2,2,0.686,1,35.62,83.97,52.13,0.2433
SUB000758,0.75,12,75,2,169.0,3929.3,0,2,0.409,3,4.76,76.45,64.76,0.6331
SUB000759,0.58,6,130,7,216.0,6409.3,0,1,0.287,2,53.48,54.91,58.13,0.4112
SUB000760,0.651,9,72,2,173.3,1052.2,0,5,0.14,4,15.18,70.12,54.89,0.3152
SUB000761,0.699,7,109,5,231.4,5690.2,0,1,0.506,2,20.61,79.26,71.59,0.8318
SUB000762,0.675,21,108,4,136.4,4169.5,0,2,0.579,2,0.69,61.0,57.7,0.3978
SUB000763,0.751,5,109,5,129.7,5169.0,0,1,0.475,2,6.86,78.76,69.73,0.7809
SUB000764,0.877,7,54,3,114.1,6767.4,0,4,0.209,4,2.82,46.46,69.46,0.7735
SUB000765,0.641,9,93,3,112.7,3748.3,0,1,0.139,4,0.54,66.0,62.32,0.5445
SUB000766,0.915,10,251,11,166.1,,1,0,0.273,2,13.68,61.9,61.46,0.5158
SUB000767,0.924,7,114,6,126.2,2933.0,1,2,0.053,5,18.45,89.8,64.33,0.6157
SUB000768,0.563,9,156,4,61.4,4799.4,1,3,0.256,2,10.44,54.43,38.1,0.0537
SUB000769,0.477,11,125,7,134.8,7098.6,0,0,0.155,6,1.3,69.29,45.35,0.1186
SUB000770,0.8,6,223,11,114.8,4532.7,1,1,0.314,6,2.32,88.96,62.11,0.5364
SUB000771,0.733,7,125,8,193.8,6947.1,0,0,0.237,3,6.32,71.89,64.89,0.6379
SUB000772,0.849,19,114,4,90.2,1083.1,1,5,0.119,2,13.23,55.44,49.29,0.1839
SUB000773,0.809,2,66,2,95.2,3574.6,0,3,0.19,2,0.38,79.29,63.67,0.5938
SUB000774,0.858,14,67,2,117.0,5891.8,0,0,0.218,4,8.74,96.04,64.55,0.6252
SUB000775,0.73,14,87,3,206.7,5850.8,0,0,0.34,3,14.49,69.29,59.63,0.4598
SUB000776,0.814,5,101,4,102.3,1573.7,2,1,0.254,6,26.87,92.7,45.57,0.1218
SUB000777,0.561,20,69,2,242.8,3084.9,0,1,0.243,3,2.35,76.7,44.6,0.1088
SUB000778,0.705,9,114,3,144.2,4362.4,0,2,0.187,3,2.78,97.68,61.47,0.5161
SUB000779,0.719,14,112,3,191.4,3563.8,1,2,0.501,1,1.47,76.52,56.59,0.3616
SUB000780,0.774,10,200,10,216.3,6753.9,0,1,0.217,4,2.23,100.0,72.68,0.8593
SUB000781,0.433,4,211,7,,5074.3,2,2,0.202,7,6.8,62.28,30.34,0.0207
SUB000782,0.523,8,144,9,129.2,2553.5,0,1,0.23,4,48.59,70.87,50.81,0.2153
SUB000783,0.705,14,146,5,187.3,5421.0,0,2,0.329,3,10.35,53.6,57.53,0.3912
SUB000784,0.689,14,166,4,173.9,5600.5,0,2,,1,32.05,80.02,69.38,0.7701
SUB000785,0.664,10,125,4,72.2,2901.1,0,2,0.412,2,28.01,71.64,61.1,0.5052
SUB000786,0.702,5,169,5,176.8,3508.5,1,3,0.106,2,4.97,78.74,51.27,0.2258
SUB000787,0.572,15,63,3,167.9,3247.5,1,1,0.65,3,8.8,76.56,53.14,0.2702
SUB000788,0.746,6,152,6,145.7,6809.9,0,4,0.265,4,1.07,75.7,67.62,0.7195
SUB000789,0.861,10,71,2,136.7,4222.6,1,1,0.188,2,42.13,81.27,69.47,0.774
SUB000790,0.786,12,74,3,5.0,1056.0,0,0,0.265,4,22.48,83.13,72.15,0.847
SUB000791,0.486,12,165,10,188.7,3019.9,1,2,0.451,3,24.15,74.8,37.86,0.0513
SUB000792,0.935,11,83,3,188.3,5488.8,0,1,0.477,5,15.06,72.63,75.29,0.9075
SUB000793,0.93,6,75,2,112.7,3762.7,1,1,0.257,6,4.25,56.27,82.77,0.9828
SUB000794,0.878,7,129,5,51.9,2803.9,1,1,0.129,3,16.08,84.53,52.4,0.2502
SUB000795,0.847,6,80,5,105.9,,0,2,0.158,1,10.44,55.61,66.12,0.6758
SUB000796,0.839,13,75,2,218.7,5847.0,1,1,0.197,1,19.56,65.45,64.04,0.6074
SUB000797,0.51,12,61,2,131.5,7569.2,0,1,0.355,3,8.31,69.35,50.73,0.2138
SUB000798,0.856,6,91,3,139.4,4368.1,0,3,0.562,3,17.12,48.68,65.14,0.6451
SUB000799,0.836,13,144,7,139.0,5454.4,0,1,0.292,3,4.35,49.77,64.83,0.6354
SUB000800,0.873,13,152,8,177.9,4609.7,0,1,0.108,6,5.9,57.29,64.92,0.6385
SUB000801,0.604,15,99,4,86.0,4823.4,0,0,0.136,5,0.47,75.83,59.16,0.4427
SUB000802,0.801,12,198,8,143.9,3602.5,1,0,0.07,2,4.37,73.52,61.68,0.5224
SUB000803,0.628,12,132,8,221.8,6827.5,0,1,0.383,4,10.75,59.89,57.25,0.3808
SUB000804,0.902,8,166,5,89.0,4142.4,1,3,0.165,4,26.24,88.68,67.29,0.7094
SUB000805,0.328,8,87,2,127.5,2785.8,0,1,0.27,2,25.05,62.64,31.91,0.0253
SUB000806,0.733,15,96,5,228.2,3326.3,0,1,0.166,2,2.06,91.46,59.63,0.4598
SUB000807,0.918,7,102,4,185.8,5507.5,0,1,0.305,5,15.76,64.08,69.44,0.7726
SUB000808,0.602,6,96,4,165.1,3431.7,0,0,0.053,4,0.01,58.25,53.96,0.2892
SUB000809,0.922,12,44,2,179.3,6495.0,0,2,0.378,3,15.75,100.0,69.38,0.7701
SUB000810,0.759,3,112,4,151.4,5519.3,1,3,0.236,2,45.51,37.66,60.86,0.498
SUB000811,0.767,7,125,5,127.2,5917.3,2,0,0.267,2,5.82,73.04,50.76,0.2144
SUB000812,0.879,16,122,5,234.1,3981.9,0,0,0.342,3,16.04,56.96,62.38,0.5472
SUB000813,0.362,17,207,11,142.9,4102.8,1,2,0.08,2,25.74,49.96,19.11,0.0034
SUB000814,0.775,14,213,7,102.3,5114.4,0,2,0.419,5,4.79,67.58,62.33,0.5452
SUB000815,0.709,10,54,2,67.0,2489.3,1,0,0.164,4,26.44,92.14,60.41,0.4854
SUB000816,0.868,6,183,11,101.0,,2,0,0.246,2,14.48,76.74,69.95,0.7874
SUB000817,0.544,5,202,8,97.2,6385.9,0,1,,2,21.43,44.41,54.31,0.2973
SUB000818,0.621,8,47,2,101.3,3197.0,1,2,0.038,4,11.73,50.58,51.08,0.2216
SUB000819,0.675,5,142,6,64.5,5744.6,1,3,0.299,3,32.61,60.06,48.95,0.1775
SUB000820,0.575,19,113,6,199.4,4947.0,1,1,0.25,1,0.1,53.92,35.1,0.0372
SUB000821,0.696,20,198,7,123.2,6664.4,1,0,0.611,3,11.46,89.07,58.4,0.4197
SUB000822,0.708,8,193,7,176.9,7430.4,0,4,0.314,4,21.15,76.59,69.88,0.7846
SUB000823,0.766,8,291,10,187.3,6627.6,0,0,0.236,1,6.03,61.14,64.67,0.6302
SUB000824,0.681,13,144,6,313.4,,1,2,0.334,4,12.25,67.28,52.35,0.2489
SUB000825,0.587,4,134,4,104.7,6478.7,0,2,0.146,1,10.65,54.2,58.8,0.4323
SUB000826,0.62,8,80,2,134.4,4471.0,1,0,0.267,2,56.01,60.34,57.58,0.3927
SUB000827,0.539,9,90,4,102.2,4051.7,0,7,0.121,2,52.27,50.08,41.27,0.0746
SUB000828,0.582,5,136,5,64.7,3765.3,0,1,0.201,1,15.57,69.66,63.21,0.578
SUB000829,0.752,6,89,2,112.8,4591.6,1,0,0.225,2,1.38,62.14,55.2,0.3238
SUB000830,0.718,7,112,4,94.4,6067.7,0,2,0.132,3,4.95,68.23,62.11,0.5364
SUB000831,0.744,14,57,2,91.0,2737.8,0,5,0.458,4,19.66,84.18,53.99,0.2898
SUB000832,0.947,17,115,3,185.2,2714.8,2,1,0.505,2,1.18,65.86,62.42,0.5489
SUB000833,0.693,11,50,2,88.7,2419.6,2,1,0.22,4,3.37,31.79,50.93,0.2184
SUB000834,0.687,9,164,10,181.0,6352.8,0,2,0.045,3,9.91,94.5,57.15,0.3775
SUB000835,0.565,16,118,4,219.3,,0,1,0.181,5,23.13,71.58,49.65,0.1914
SUB000836,0.986,13,86,3,107.1,6641.7,1,0,0.139,6,1.64,49.65,70.83,0.8112
SUB000837,0.923,23,104,4,272.9,3741.5,0,0,0.082,1,43.35,65.82,66.43,0.6852
SUB000838,0.699,4,89,6,156.1,2610.9,0,2,0.122,3,27.39,81.96,57.36,0.3842
SUB000839,0.773,9,78,2,142.6,6725.5,0,3,0.374,6,0.35,63.03,74.21,0.8896
SUB000840,0.798,7,94,3,34.3,3366.8,0,0,0.181,1,11.94,67.08,69.11,0.7628
SUB000841,0.565,4,94,4,29.2,5483.8,0,3,0.234,4,3.29,65.42,55.03,0.318
SUB000842,0.897,9,100,5,241.4,2498.7,0,1,0.396,2,4.07,92.64,68.68,0.749
SUB000843,0.487,22,43,1,265.2,4486.2,1,2,0.179,3,23.01,100.0,29.62,0.0188
SUB000844,0.734,5,169,11,231.0,4600.3,0,3,0.428,3,16.19,82.5,57.97,0.4054
SUB000845,0.766,27,170,6,312.4,2714.1,0,2,0.26,8,7.78,93.64,57.37,0.3848
SUB000846,0.554,14,109,3,244.5,7382.9,0,2,0.556,3,1.07,45.88,55.19,0.3231
SUB000847,0.571,16,218,7,182.3,3757.5,1,0,0.035,4,20.4,62.58,40.94,0.0718
SUB000848,0.897,16,96,2,201.6,3077.2,1,5,0.074,1,28.41,55.51,56.04,0.3456
SUB000849,0.838,11,114,5,111.9,3588.5,0,2,0.228,3,11.47,78.42,74.11,0.8878
SUB000850,0.941,8,133,8,158.3,1396.3,0,3,0.054,4,3.65,86.22,71.64,0.8338
SUB000851,0.423,5,113,3,179.7,4074.3,0,0,0.362,5,11.32,65.05,46.57,0.1363
SUB000852,0.594,5,86,2,180.9,3448.9,0,0,0.279,5,59.98,63.93,60.71,0.4936
SUB000853,0.748,12,111,4,148.5,6043.5,0,2,0.2,5,33.79,69.61,63.19,0.5773
SUB000854,0.769,8,63,3,22.2,4788.9,0,2,0.261,2,8.55,56.96,73.02,0.8678
SUB000855,0.888,6,78,2,47.2,2488.3,0,2,0.135,3,3.24,43.07,78.85,0.9557
SUB000856,0.716,10,156,10,178.6,3800.0,0,2,0.033,3,19.21,82.8,52.48,0.2522
SUB000857,0.415,11,269,7,122.7,8578.6,1,0,0.657,2,55.99,60.49,36.42,0.0428
SUB000858,0.576,13,85,3,198.9,3057.2,1,3,0.485,2,16.91,64.28,63.58,0.5913
SUB000859,0.782,6,102,5,65.0,5745.3,0,2,0.06,4,29.37,78.3,67.87,0.7255
SUB000860,0.263,9,100,5,228.7,3479.8,1,3,0.131,4,20.31,52.17,25.13,0.0098
SUB000861,0.812,6,121,7,81.7,3100.4,2,3,,4,2.9,96.06,61.96,0.5308
SUB000862,0.699,5,163,5,223.6,4002.2,0,2,0.172,4,54.87,75.38,62.7,0.5598
SUB000863,0.498,15,116,6,71.9,6785.6,0,0,0.405,1,38.72,57.65,37.5,0.0488
SUB000864,0.66,14,64,2,198.2,,0,3,0.501,3,26.68,85.19,63.29,0.5812
SUB000865,0.369,4,88,4,76.1,5424.9,0,1,0.43,1,12.4,92.52,57.3,0.3819
SUB000866,0.941,10,127,4,149.5,6464.2,0,1,0.421,3,7.49,41.44,69.87,0.7843
SUB000867,0.873,16,95,3,232.6,3647.0,0,2,0.177,3,41.16,19.04,59.81,0.4658
SUB000868,0.698,13,97,5,213.1,5980.5,0,0,0.028,5,2.53,64.98,59.65,0.4607
SUB000869,0.783,6,98,5,88.6,5752.1,0,2,0.412,3,6.5,68.42,57.97,0.4054
SUB000870,0.654,17,108,5,134.2,3330.1,1,7,0.17,1,0.75,72.02,39.17,0.0597
SUB000871,0.719,16,76,2,73.6,2955.3,1,0,0.634,3,30.9,90.95,53.63,0.2814
SUB000872,0.753,11,155,6,45.5,4544.1,0,4,0.167,1,29.7,72.51,64.27,0.6132
SUB000873,0.766,8,64,3,94.0,4482.3,1,1,0.397,2,24.67,64.76,63.14,0.5762
SUB000874,0.634,6,126,5,86.7,4075.4,2,1,,1,20.98,81.38,46.56,0.1362
SUB000875,0.856,9,90,5,56.6,5297.6,0,4,0.133,4,12.67,90.28,64.59,0.6268
SUB000876,0.703,18,113,3,161.7,3404.3,1,2,0.236,2,26.49,42.16,49.62,0.1904
SUB000877,0.84,6,180,8,136.1,3532.6,0,0,0.419,4,16.85,86.89,80.68,0.971
SUB000878,0.845,19,179,5,176.2,4900.9,0,0,0.291,2,3.42,63.27,62.82,0.5646
SUB000879,0.938,13,162,5,111.1,5152.7,1,2,0.129,2,83.59,84.69,67.9,0.7272
SUB000880,0.691,9,193,6,112.3,6932.9,0,2,0.697,4,13.05,55.69,73.1,0.8693
SUB000881,0.643,16,251,11,149.0,5936.5,1,2,0.612,1,42.3,54.96,47.09,0.1438
SUB000882,0.781,9,155,8,196.0,5839.1,0,2,0.486,3,2.43,79.87,75.43,0.9101
SUB000883,0.763,9,133,8,106.4,4147.5,0,2,0.255,1,17.71,85.47,64.56,0.6258
SUB000884,0.913,15,77,2,64.3,,0,0,0.24,5,24.27,90.23,84.67,0.99
SUB000885,0.489,2,142,4,106.7,3756.7,0,2,0.158,2,29.21,45.51,32.29,0.0267
SUB000886,0.832,10,115,6,123.8,4849.2,1,2,0.178,1,13.64,73.98,58.2,0.414
SUB000887,0.685,9,208,5,50.1,5258.4,2,3,0.338,4,9.28,81.09,50.18,0.2025
SUB000888,0.37,7,150,5,117.0,4895.3,1,0,0.022,4,29.79,44.85,29.78,0.0195
SUB000889,0.728,8,70,2,90.9,4046.1,0,1,0.155,2,39.84,43.94,67.33,0.7103
SUB000890,0.746,20,124,3,175.3,4556.0,0,1,0.199,3,1.35,72.51,57.28,0.3812
SUB000891,0.704,3,157,4,154.2,7270.3,0,2,0.61,2,39.44,71.03,73.57,0.8771
SUB000892,0.281,6,114,4,105.8,4981.5,1,2,0.358,4,26.79,72.37,30.38,0.0208
SUB000893,0.434,7,248,9,171.7,6115.1,0,1,0.188,3,3.81,61.5,41.57,0.0768
SUB000894,0.829,9,147,5,128.6,5438.3,0,2,0.555,1,5.9,60.04,78.6,0.9537
SUB000895,0.78,8,77,4,128.1,4123.7,1,2,0.287,2,7.11,96.23,64.14,0.6092
SUB000896,0.923,10,75,3,131.5,5180.3,0,3,0.474,4,16.36,62.32,78.45,0.9522
SUB000897,0.658,3,82,2,117.4,4441.2,0,0,0.143,4,22.15,71.14,69.23,0.7659
SUB000898,0.603,10,92,5,,2584.6,1,3,0.255,3,1.98,51.84,37.79,0.0505
SUB000899,0.842,20,112,4,70.3,3689.0,1,3,0.081,6,22.19,83.52,43.2,0.0932
SUB000900,0.669,10,128,6,217.1,7630.2,0,1,0.186,1,39.06,68.26,63.98,0.6041
SUB000901,0.881,8,180,6,156.7,6650.2,0,4,,4,24.17,76.74,53.26,0.2729
SUB000902,0.808,9,155,8,114.4,4326.7,0,1,0.644,1,12.11,90.49,73.08,0.8691
SUB000903,0.555,8,98,3,207.8,,0,0,0.505,3,0.02,67.67,60.05,0.4723
SUB000904,0.529,13,98,3,330.9,4818.0,0,0,0.425,2,30.07,100.0,55.05,0.3189
SUB000905,0.837,11,152,9,63.0,,0,1,0.155,3,19.82,90.43,77.91,0.9468
SUB000906,0.371,11,91,4,150.7,4260.6,1,0,0.263,4,35.84,67.49,33.24,0.0301
SUB000907,0.323,16,137,9,208.0,5021.7,0,5,0.134,1,27.02,58.46,46.49,0.1349
SUB000908,0.896,13,61,3,61.2,3109.4,0,0,0.276,2,18.04,52.95,66.96,0.6998
SUB000909,0.69,3,130,5,37.4,4448.4,0,3,0.105,3,31.75,58.82,62.58,0.5556
SUB000910,0.654,8,123,5,201.2,503.3,0,2,0.315,3,50.71,46.15,63.04,0.5728
SUB000911,0.495,5,92,3,131.7,4849.6,0,4,0.282,2,27.36,82.82,47.95,0.1583
SUB000912,0.676,6,67,3,96.4,5840.3,1,1,0.216,6,10.71,78.67,57.78,0.4008
SUB000913,0.94,7,63,3,42.6,6853.3,0,1,0.346,1,97.91,69.48,77.08,0.9372
SUB000914,0.591,6,120,3,157.6,5321.5,2,1,0.093,2,35.09,80.83,35.71,0.0398
SUB000915,0.966,13,127,3,74.9,4086.9,1,0,0.191,1,3.29,67.17,72.63,0.8581
SUB000916,0.8,12,51,3,94.9,3022.8,0,1,0.286,3,8.41,62.07,78.9,0.9561
SUB000917,0.659,8,50,2,86.7,3537.0,0,1,0.196,1,21.96,79.54,70.84,0.8114
SUB000918,0.649,12,72,4,135.7,1962.3,0,1,0.33,3,19.87,61.02,54.96,0.3172
SUB000919,0.58,11,76,2,86.9,4002.3,0,0,0.556,2,25.19,85.26,62.3,0.5434
SUB000920,0.904,10,84,2,93.0,2581.5,0,0,,4,12.68,70.76,83.91,0.9875
SUB000921,0.684,9,120,4,203.7,3704.2,0,0,0.089,4,12.21,100.0,55.79,0.3405
SUB000922,0.766,4,162,5,142.1,4503.5,0,2,0.119,5,11.92,73.36,64.61,0.6278
SUB000923,0.696,14,163,4,162.9,5309.1,1,2,0.25,5,36.28,54.28,47.06,0.1429
SUB000924,0.82,9,142,8,173.2,2233.3,0,1,0.245,1,23.59,71.45,75.84,0.9193
SUB000925,0.779,10,160,5,86.5,4285.3,0,2,0.185,1,6.5,73.6,67.4,0.7124
SUB000926,0.569,10,77,4,171.8,5414.0,0,3,0.049,6,7.99,66.65,45.48,0.1205
SUB000927,0.659,7,141,9,166.6,6804.6,0,1,0.071,1,23.28,80.55,57.12,0.3759
SUB000928,0.624,7,148,5,79.6,4628.5,0,1,0.433,2,8.42,87.23,68.17,0.7363
SUB000929,0.755,8,58,3,179.8,7585.8,1,4,0.199,7,3.82,71.35,53.32,0.2748
SUB000930,0.838,13,181,11,173.1,5955.4,0,1,0.059,4,15.6,82.19,62.93,0.5688
SUB000931,0.452,9,151,9,162.7,4847.5,0,3,0.109,3,38.61,70.33,49.68,0.1927
SUB000932,0.811,4,88,2,232.0,6305.1,1,0,0.316,2,52.06,58.36,66.36,0.6837
SUB000933,0.833,11,54,3,160.3,3509.4,1,1,0.11,2,28.29,40.3,61.32,0.5111
SUB000934,0.635,7,119,5,85.6,3023.2,2,1,0.229,4,3.42,93.33,45.86,0.1253
SUB000935,0.546,6,98,5,145.8,5883.3,0,1,0.127,4,0.87,93.06,56.07,0.3465
SUB000936,0.712,13,66,2,159.8,5126.0,1,3,0.355,6,5.44,54.52,58.27,0.4166
SUB000937,0.828,13,111,7,92.5,6121.4,1,0,0.167,3,58.25,43.08,57.33,0.3829
SUB000938,0.772,10,92,3,28.6,5991.7,0,3,0.568,3,33.7,64.1,63.17,0.5768
SUB000939,0.687,8,151,6,140.1,7770.5,0,1,0.356,1,15.11,66.56,65.29,0.6499
SUB000940,0.625,7,50,2,197.6,2072.8,1,2,0.344,1,0.25,50.74,51.3,0.2268
SUB000941,0.909,5,157,4,192.2,4253.3,0,1,0.262,5,3.28,62.44,73.66,0.8794
SUB000942,0.672,3,108,7,146.0,4108.2,1,0,0.231,3,39.92,88.93,53.29,0.2741
SUB000943,0.695,8,142,9,238.2,6460.1,0,3,0.62,5,5.96,69.81,67.1,0.7048
SUB000944,0.896,8,187,8,154.5,5494.1,0,4,0.087,5,26.42,56.96,61.92,0.5299
SUB000945,0.6,18,129,5,162.2,6400.9,0,0,0.252,4,11.7,75.57,60.25,0.4811
SUB000946,0.631,6,156,4,150.2,5204.7,1,2,0.072,1,18.61,63.14,57.45,0.3882
SUB000947,0.607,16,61,3,124.0,4277.3,0,2,0.219,4,30.8,53.9,60.26,0.4818
SUB000948,0.343,7,64,2,65.0,5341.1,0,1,0.069,3,7.89,44.04,52.89,0.2638
SUB000949,0.811,10,97,6,91.3,4876.9,0,0,0.255,3,1.88,77.58,68.54,0.7462
SUB000950,0.779,11,86,5,124.2,5014.6,0,2,0.246,4,41.96,47.74,72.34,0.8499
SUB000951,0.496,11,133,4,205.0,5642.8,0,0,0.373,3,5.59,72.98,50.98,0.2198
SUB000952,0.817,7,133,4,54.2,,0,1,0.311,4,30.49,99.39,62.89,0.5666
SUB000953,0.568,8,171,10,85.6,6329.1,2,0,0.095,4,22.74,80.79,36.84,0.0452
SUB000954,0.881,9,108,3,195.3,4617.7,0,1,0.13,6,4.64,70.71,66.02,0.6733
SUB000955,0.501,7,61,4,119.6,4559.4,1,0,0.498,2,7.64,89.58,41.27,0.0746
SUB000956,0.824,15,172,5,153.0,3358.6,1,1,0.415,4,1.0,86.65,75.55,0.9132
SUB000957,0.522,24,168,8,169.5,6314.6,1,5,0.327,1,2.92,95.33,32.19,0.0264
SUB000958,0.758,11,98,6,269.0,7057.0,1,1,0.305,3,3.74,59.2,67.78,0.7236
SUB000959,0.727,11,170,5,186.6,2146.8,0,0,0.324,5,29.22,53.99,73.0,0.8673
SUB000960,0.564,15,58,3,180.1,5251.4,0,1,,4,44.64,46.05,48.78,0.1748
SUB000961,0.685,13,101,4,170.8,4286.0,1,1,0.341,4,37.54,81.82,57.32,0.3827
SUB000962,0.818,9,71,2,171.6,4078.5,0,1,0.289,3,39.89,85.15,62.49,0.552
SUB000963,0.728,19,155,8,287.9,5716.5,0,3,0.626,5,4.25,31.29,59.36,0.4494
SUB000964,0.809,7,86,3,118.6,4385.4,0,0,0.147,3,22.7,85.44,73.67,0.8797
SUB000965,0.668,13,162,6,169.1,5398.8,0,4,0.262,4,0.4,74.55,66.75,0.6947
SUB000966,0.722,8,69,3,145.7,3805.5,0,2,0.301,2,0.45,57.3,62.31,0.544
SUB000967,0.687,11,230,14,207.2,7407.2,0,1,0.303,4,43.7,83.85,68.44,0.744
SUB000968,0.801,8,97,4,246.3,4135.5,0,3,0.355,3,3.94,73.32,63.6,0.592
SUB000969,0.884,19,93,4,141.7,3323.2,1,3,0.435,4,50.21,77.41,69.89,0.7849
SUB000970,0.564,15,150,6,192.2,5270.5,0,2,0.271,5,0.38,53.51,54.46,0.3013
SUB000971,0.818,11,129,4,163.6,3392.6,0,2,0.276,3,25.19,53.79,59.5,0.4546
SUB000972,0.95,13,97,4,75.4,4837.2,2,2,0.108,4,27.6,67.85,54.28,0.2964
SUB000973,0.229,6,92,4,196.2,6930.6,1,1,0.266,3,4.28,64.44,23.72,0.0075
SUB000974,0.632,5,201,6,228.8,4937.8,0,5,0.153,1,9.2,64.66,54.39,0.3001
SUB000975,0.604,7,106,4,190.2,2498.5,0,0,0.354,5,80.48,89.17,57.58,0.3927
SUB000976,0.6,18,107,3,136.1,3912.3,0,2,0.161,5,1.53,74.34,50.82,0.2157
SUB000977,0.942,8,69,2,62.6,5563.7,0,2,0.479,2,58.99,58.11,63.96,0.6033
SUB000978,0.531,14,184,5,200.5,5080.3,0,1,0.295,3,16.05,69.67,47.06,0.1429
SUB000979,0.793,8,77,2,79.2,5436.9,0,0,0.473,2,4.43,97.37,68.07,0.7328
SUB000980,0.567,9,74,3,88.2,3421.0,1,2,0.061,3,18.44,58.04,52.73,0.2592
SUB000981,0.676,8,158,5,156.6,4172.1,0,1,0.576,3,15.22,48.35,58.98,0.4366
SUB000982,0.664,7,33,2,185.2,5115.5,0,0,0.441,2,1.27,65.47,52.59,0.2541
SUB000983,0.836,13,118,4,138.8,7006.3,0,0,0.339,4,7.83,58.5,75.67,0.9152
SUB000984,0.727,8,93,4,131.6,3884.1,0,2,0.347,2,23.62,72.67,70.08,0.7904
SUB000985,0.766,7,102,4,134.3,4566.1,0,3,0.139,3,54.83,67.33,53.75,0.2838
SUB000986,0.77,9,78,4,92.0,6039.9,2,1,0.408,1,28.61,75.12,56.09,0.3472
SUB000987,0.859,8,86,2,121.2,4626.6,0,2,0.192,2,19.89,62.74,60.73,0.4942
SUB000988,0.907,6,51,3,41.0,5211.7,0,1,0.039,4,12.55,59.98,69.86,0.7841
SUB000989,0.846,13,150,4,203.1,3639.8,0,0,0.486,4,4.92,67.28,71.27,0.8242
SUB000990,0.656,10,98,3,317.3,4495.3,1,0,0.532,6,2.07,48.78,65.12,0.6445
SUB000991,0.813,7,163,9,144.6,3882.9,0,0,0.651,2,32.45,81.13,82.21,0.979
SUB000992,0.84,6,242,9,209.5,2681.6,1,2,0.24,3,47.68,100.0,61.56,0.5182
SUB000993,0.79,15,70,2,149.3,3023.3,1,2,0.323,6,22.98,64.15,60.07,0.473
SUB000994,0.611,5,139,3,54.2,5367.3,0,4,0.302,3,67.97,90.39,53.13,0.2698
SUB000995,0.882,3,73,2,264.1,5192.7,0,1,0.127,3,16.37,86.9,76.0,0.9222
SUB000996,0.719,12,82,3,105.3,5562.9,0,1,0.288,4,4.7,73.98,64.53,0.6242
SUB000997,0.868,4,105,3,188.8,5288.4,1,4,0.339,3,8.11,45.9,59.58,0.4572
SUB000998,0.586,10,226,10,163.0,4797.0,1,2,0.338,2,15.97,47.49,55.9,0.3429
SUB000999,0.769,10,95,4,221.2,1725.3,0,1,0.431,2,4.49,49.83,66.95,0.6994
SUB001000,0.872,5,104,4,131.0,2803.8,0,2,0.202,2,51.58,45.73,80.45,0.9689
SUB001001,0.918,5,118,3,65.2,6247.1,0,3,0.341,1,70.22,52.03,69.32,0.7681
SUB001002,0.756,10,103,5,110.1,3251.8,0,2,0.618,6,7.6,47.35,70.4,0.8
SUB001003,0.89,5,70,2,276.1,4238.3,0,0,0.401,7,2.43,63.29,69.01,0.7606
SUB001004,0.871,16,168,11,187.2,4934.1,0,0,0.454,5,10.83,92.4,76.6,0.9318
SUB001005,0.924,7,91,4,271.6,2377.2,0,3,0.469,4,27.93,49.78,83.74,0.9862
SUB001006,0.75,18,60,2,151.9,4798.3,0,2,0.216,4,6.71,60.91,62.53,0.5541
SUB001007,0.663,16,122,4,210.8,6901.7,0,2,0.27,2,5.07,63.36,66.52,0.6869
SUB001008,0.581,9,172,6,70.0,4831.9,0,0,0.512,2,1.86,58.82,53.95,0.2888
SUB001009,0.689,10,78,2,151.8,3986.1,0,1,0.409,5,3.91,62.28,67.02,0.7022
SUB001010,0.727,14,98,4,295.4,,0,0,0.685,2,3.48,78.38,68.01,0.7316
SUB001011,0.845,6,107,6,91.0,4124.2,0,0,0.048,6,26.5,57.77,62.02,0.5325
SUB001012,0.862,8,88,3,102.6,5251.9,0,1,0.184,4,11.88,56.28,70.04,0.7897
SUB001013,0.761,17,108,3,220.7,4530.4,0,3,0.381,3,5.18,73.0,68.56,0.7468
SUB001014,0.889,14,198,9,168.9,4330.4,0,2,0.181,2,10.58,76.49,69.8,0.7822
SUB001015,0.451,8,109,7,257.8,6053.8,1,0,0.386,6,9.7,71.93,40.94,0.0718
SUB001016,0.809,10,132,4,135.5,4267.6,0,1,0.107,3,15.2,58.25,62.08,0.5355
SUB001017,0.899,7,93,4,145.1,3823.2,3,2,0.051,4,21.69,45.63,56.58,0.361
SUB001018,0.361,8,121,5,163.0,4816.8,0,0,0.64,2,11.58,45.35,48.82,0.1757
SUB001019,0.563,12,127,5,91.5,6595.5,0,0,0.17,5,8.43,53.49,54.29,0.2968
SUB001020,0.722,8,147,4,66.1,4503.2,0,2,0.196,1,2.01,75.44,64.49,0.6227
SUB001021,0.876,13,90,4,75.6,3121.7,0,5,0.112,3,16.66,77.18,79.19,0.9592
SUB001022,0.978,5,100,5,5.0,5318.7,0,2,0.216,2,60.21,70.92,85.46,0.9917
SUB001023,0.775,12,153,5,150.9,4267.4,0,1,0.574,2,13.59,63.13,64.51,0.6232
SUB001024,0.805,6,93,3,60.0,,0,1,0.193,6,11.99,56.41,68.71,0.7505
SUB001025,0.892,9,70,4,114.7,1276.9,1,1,0.493,4,2.9,52.71,66.85,0.697
SUB001026,0.834,7,88,3,202.2,,0,3,0.242,4,70.72,65.47,67.54,0.7168
SUB001027,0.66,12,151,5,99.2,4382.1,0,1,0.541,1,5.31,69.24,61.19,0.5081
SUB001028,0.557,5,160,5,176.4,3360.6,0,4,0.223,3,19.59,69.64,52.64,0.2558
SUB001029,0.895,13,140,6,64.2,2880.6,0,1,0.604,5,16.73,60.53,84.5,0.9895
SUB001030,0.925,9,170,8,,4429.9,0,1,0.172,2,30.7,63.78,66.58,0.6892
SUB001031,0.756,8,192,8,248.5,3355.9,0,1,0.331,5,35.68,70.41,64.4,0.6189
SUB001032,0.942,7,236,7,115.3,731.2,1,0,0.234,3,0.69,69.06,70.29,0.7963
SUB001033,0.974,8,143,5,221.3,2952.1,0,2,,1,42.45,62.0,71.99,0.8439
SUB001034,0.914,16,103,4,309.3,2687.1,1,4,0.32,6,26.75,67.81,58.24,0.4152
SUB001035,0.467,7,62,2,115.9,4353.9,0,1,0.239,2,0.93,94.72,44.54,0.108
SUB001036,0.924,16,68,3,128.1,2556.8,0,1,0.373,3,29.3,46.54,77.48,0.9415
SUB001037,0.526,18,80,2,44.4,4399.0,1,4,0.502,5,3.4,80.88,32.03,0.026
SUB001038,0.537,8,162,5,161.5,3380.3,1,1,,5,4.82,70.15,65.91,0.6695
SUB001039,0.874,5,82,5,157.8,5583.8,0,0,0.283,3,58.31,63.89,72.83,0.8636
SUB001040,0.63,14,82,5,208.2,4972.0,0,3,0.11,2,10.34,67.09,48.0,0.1597
SUB001041,0.641,14,85,5,245.5,3974.8,1,1,0.449,6,38.57,46.99,45.63,0.1233
SUB001042,0.842,16,108,7,106.4,4755.9,0,0,0.242,3,34.74,48.79,71.16,0.8218
SUB001043,0.388,9,122,4,259.3,5472.1,2,1,0.059,2,17.31,66.64,22.12,0.006
SUB001044,0.908,11,122,6,136.1,4701.7,0,1,0.274,4,9.49,96.33,88.21,0.997
SUB001045,0.906,8,86,3,165.8,4641.8,0,2,,4,10.02,54.9,71.08,0.8188
SUB001046,0.966,7,158,6,137.0,1629.0,0,4,0.419,5,53.35,65.99,80.87,0.973
SUB001047,0.889,10,105,6,103.7,,0,1,0.427,4,11.7,81.45,74.09,0.8876
SUB001048,0.845,14,149,10,90.1,3577.1,0,1,0.031,3,8.8,51.19,61.38,0.5128
SUB001049,0.781,13,111,7,171.6,6131.3,0,0,0.261,4,27.12,59.42,71.88,0.8411
SUB001050,0.559,9,85,3,89.1,3839.4,1,3,0.254,2,23.12,66.55,55.44,0.3326
SUB001051,0.665,15,94,3,151.8,3457.9,0,0,0.442,3,17.81,63.51,54.74,0.3093
SUB001052,0.945,5,78,3,110.3,5261.4,1,2,0.077,2,37.02,79.87,59.25,0.4459
SUB001053,0.855,25,59,3,173.3,2016.5,0,2,0.182,3,4.19,90.86,57.38,0.3853
SUB001054,0.915,5,116,3,27.0,4450.7,0,2,,3,5.47,52.81,57.66,0.3963
SUB001055,0.802,9,74,3,5.0,1405.4,2,1,0.444,2,1.37,63.63,59.05,0.4391
SUB001056,0.725,10,65,3,200.3,3244.6,0,2,0.146,4,31.0,82.69,55.85,0.342
SUB001057,0.803,10,146,6,217.5,4035.6,0,1,0.281,1,57.82,100.0,67.58,0.7181
SUB001058,0.725,14,174,11,8.3,7055.6,0,1,0.659,5,7.9,83.04,66.7,0.6927
SUB001059,0.719,6,82,3,163.1,4186.6,0,0,0.419,2,8.81,68.56,77.06,0.9368
SUB001060,0.873,11,328,10,166.0,4304.3,1,2,0.243,2,25.99,81.23,67.46,0.7143
SUB001061,0.29,13,145,8,79.6,4524.8,0,2,0.203,5,14.78,65.42,49.47,0.1877
SUB001062,0.824,15,115,5,218.9,6735.9,0,4,0.604,6,23.41,84.23,72.73,0.861
SUB001063,0.801,8,51,2,212.3,1173.2,0,2,0.392,1,48.92,66.66,71.09,0.8196
SUB001064,0.938,10,131,5,213.6,5813.9,1,0,0.513,5,18.27,62.46,85.95,0.9938
SUB001065,0.714,9,70,2,,4919.0,1,1,0.164,2,28.6,74.78,60.26,0.4818
SUB001066,0.842,12,74,3,216.0,,0,0,0.267,4,23.33,60.53,73.49,0.8759
SUB001067,0.742,12,137,4,106.1,4219.1,1,3,0.148,5,42.51,85.9,60.18,0.4784
SUB001068,0.809,8,218,11,145.0,7245.7,0,0,0.21,2,1.32,87.51,85.93,0.9937
SUB001069,0.791,9,117,4,170.1,5662.6,0,1,0.335,3,23.16,72.7,71.42,0.8282
SUB001070,0.632,10,157,7,241.1,3228.5,0,0,0.301,2,25.01,77.15,61.47,0.5161
SUB001071,0.457,6,216,6,122.9,5113.5,0,4,0.664,4,29.43,72.77,39.14,0.0595
SUB001072,0.808,11,59,2,115.1,6162.8,0,4,0.749,4,26.83,48.5,71.15,0.8213
SUB001073,0.698,11,138,4,53.8,5496.8,1,0,0.16,6,11.76,80.61,51.05,0.2208
SUB001074,0.719,6,177,10,190.4,5278.5,1,1,0.335,2,14.31,42.28,47.39,0.1488
SUB001075,0.745,11,166,6,165.5,2875.3,2,3,0.043,3,0.91,86.1,48.42,0.1671
SUB001076,0.895,26,172,6,146.0,8330.0,0,1,0.102,3,7.61,64.96,68.74,0.752
SUB001077,0.895,7,90,4,187.2,5532.2,0,2,0.098,3,29.2,53.03,76.27,0.9263
SUB001078,0.462,6,124,4,117.6,7295.2,0,4,0.058,4,12.93,68.7,48.41,0.1666
SUB001079,0.529,12,178,7,76.5,5341.9,1,0,0.218,3,49.45,82.06,56.29,0.3532
SUB001080,0.777,8,136,5,223.8,4652.6,0,1,0.157,1,12.5,85.48,56.71,0.3649
SUB001081,0.746,14,67,3,38.2,3368.4,0,0,0.045,4,7.12,84.74,59.29,0.4474
SUB001082,0.49,9,72,2,155.6,5822.8,0,5,0.154,3,31.69,56.78,46.52,0.1357
SUB001083,0.824,7,168,10,134.4,7086.4,0,4,0.653,4,4.57,53.45,62.23,0.5404
SUB001084,0.798,9,38,1,48.7,5752.0,0,2,0.409,3,13.94,63.55,70.79,0.81
SUB001085,0.88,12,139,4,175.5,8078.5,0,2,0.301,5,19.31,66.36,68.81,0.754
SUB001086,0.854,12,149,7,114.4,4941.6,0,2,0.327,1,14.49,67.64,80.38,0.9683
SUB001087,0.816,5,129,4,236.0,3713.7,0,4,0.384,2,0.24,47.06,56.03,0.3451
SUB001088,0.37,12,150,4,216.2,5135.9,1,3,0.239,2,6.79,68.14,16.91,0.0022
SUB001089,0.924,10,149,7,163.3,5951.1,1,1,0.105,2,12.1,77.68,74.74,0.8996
SUB001090,0.46,10,42,2,5.0,3815.8,0,1,0.09,4,2.99,61.15,48.64,0.1719
SUB001091,0.651,11,53,2,119.7,4199.9,0,2,0.455,1,37.58,68.58,68.3,0.7395
SUB001092,0.813,6,82,2,100.0,4730.7,0,2,0.179,2,2.69,84.67,62.48,0.5517
SUB001093,0.828,5,129,6,207.6,5385.4,0,4,0.428,1,10.02,48.31,79.32,0.9605
SUB001094,0.506,5,124,3,145.7,4822.2,2,2,0.421,1,7.01,73.86,45.97,0.1273
SUB001095,0.826,14,72,4,181.0,4676.4,0,4,0.152,5,40.02,40.69,60.0,0.4704
SUB001096,0.878,14,26,1,223.0,5083.9,0,0,0.355,5,21.2,49.53,71.8,0.8385
SUB001097,0.831,3,181,5,226.8,,0,1,0.228,1,55.77,93.47,69.47,0.774
SUB001098,0.808,9,240,11,234.5,4457.5,2,1,0.295,1,6.73,57.0,52.0,0.2402
SUB001099,0.516,7,149,4,173.8,1990.6,0,0,0.044,1,2.61,71.03,50.62,0.2118
SUB001100,0.816,6,123,7,121.7,3057.7,1,1,0.186,2,5.39,45.84,63.0,0.5718
SUB001101,0.783,15,130,5,191.1,5341.6,0,2,0.218,2,19.43,63.63,62.14,0.5372
SUB001102,0.948,17,85,2,169.0,,0,2,0.337,3,42.13,74.07,62.15,0.5377
SUB001103,0.598,10,65,3,197.2,4723.3,1,3,0.229,3,39.46,78.61,54.68,0.3072
SUB001104,0.728,7,159,5,106.9,4709.1,0,2,0.187,2,0.11,76.33,47.75,0.1555
SUB001105,0.756,8,149,4,198.2,4845.4,2,0,0.186,1,4.11,65.12,43.46,0.0958
SUB001106,0.695,6,160,5,140.8,5537.0,1,3,0.282,3,5.81,80.28,58.15,0.4123
SUB001107,0.952,8,127,3,167.2,6420.0,1,1,0.304,1,11.14,71.52,70.01,0.7889
SUB001108,0.817,6,64,2,66.2,4295.0,0,2,0.273,2,2.91,43.39,71.68,0.8358
SUB001109,0.738,16,62,3,151.6,2746.8,0,3,,6,4.13,64.4,55.22,0.3247
SUB001110,0.649,4,73,2,158.8,4831.5,0,1,0.075,1,26.49,52.66,66.58,0.6892
SUB001111,0.901,13,191,7,148.1,6024.4,0,0,0.548,2,19.2,52.0,71.08,0.8188
SUB001112,0.763,6,60,2,,919.5,0,2,0.571,5,41.63,67.78,70.58,0.8042
SUB001113,0.584,12,104,3,82.0,3436.5,0,0,0.025,6,4.66,53.57,62.45,0.5504
SUB001114,0.831,9,89,4,167.5,4488.9,2,3,0.112,1,31.64,75.92,57.23,0.3797
SUB001115,0.51,13,63,2,249.3,3594.5,0,4,0.141,4,3.66,77.7,52.41,0.2504
SUB001116,0.844,5,133,5,121.0,4866.7,0,0,0.479,3,4.13,30.2,74.83,0.901
SUB001117,0.775,7,194,6,111.7,4033.9,0,5,0.264,3,14.84,83.12,67.87,0.7255
SUB001118,0.842,8,108,4,207.1,5945.6,1,1,0.435,3,29.32,67.51,59.94,0.4682
SUB001119,0.681,10,56,2,150.7,4357.1,1,1,0.237,6,2.52,74.87,56.93,0.371
SUB001120,0.809,10,97,3,194.6,1785.3,1,2,0.348,5,13.1,82.49,61.45,0.5154
SUB001121,0.94,6,87,3,120.3,5532.1,1,1,0.1,6,28.6,50.01,64.93,0.6389
SUB001122,0.512,5,97,3,110.6,5677.4,1,4,0.474,2,22.29,68.38,33.41,0.0313
SUB001123,0.584,8,102,3,193.3,4454.0,0,0,0.386,4,82.1,77.46,64.25,0.6121
SUB001124,0.522,9,207,6,187.3,2275.9,0,0,0.199,4,33.6,69.65,58.46,0.4208
SUB001125,0.831,8,130,4,124.8,6002.9,0,1,0.178,5,39.49,92.29,76.74,0.9337
SUB001126,0.828,4,130,3,64.5,3117.0,1,0,0.409,4,11.4,55.51,63.36,0.5831
SUB001127,0.387,9,86,5,46.8,3888.1,0,3,0.343,4,37.08,68.4,37.83,0.051
SUB001128,0.753,11,157,5,60.8,3923.8,1,4,0.409,2,22.22,67.62,63.38,0.5845
SUB001129,0.569,10,165,10,112.0,2665.7,1,1,0.616,4,17.19,93.5,50.87,0.2168
SUB001130,0.804,9,140,5,166.0,4709.2,1,0,0.399,3,1.48,74.68,62.92,0.5682
SUB001131,0.492,10,135,4,50.1,4979.1,0,2,0.154,4,6.68,68.42,50.86,0.2165
SUB001132,0.662,7,62,2,45.0,4480.1,0,1,0.125,3,0.43,100.0,55.51,0.3338
SUB001133,0.882,15,128,4,187.7,4326.0,0,2,0.054,2,2.98,80.85,63.68,0.5944
SUB001134,0.783,7,187,6,235.1,3817.5,0,1,0.268,3,52.88,60.09,66.9,0.6978
SUB001135,0.6,11,130,7,218.3,6853.6,0,0,0.287,6,0.04,66.9,65.71,0.6623
SUB001136,0.391,17,148,4,60.5,,0,2,0.28,3,0.25,81.07,36.98,0.0461
SUB001137,0.653,8,98,5,167.5,3086.8,0,2,0.09,5,20.21,55.9,54.38,0.2997
SUB001138,0.746,14,83,4,219.3,5075.7,0,0,0.238,4,6.13,81.18,74.32,0.8908
SUB001139,0.997,7,70,4,111.3,4896.6,1,2,0.213,3,16.28,87.28,73.31,0.8735
SUB001140,0.891,14,174,5,147.8,5793.0,0,0,0.277,2,46.3,77.15,75.77,0.9172
SUB001141,0.679,16,106,4,188.0,4481.7,0,2,0.266,4,21.5,59.78,60.26,0.4818
SUB001142,0.906,6,165,6,167.3,3891.1,0,1,0.36,3,33.71,63.45,71.85,0.84
SUB001143,0.748,13,93,4,181.6,2410.8,1,0,0.372,5,33.1,78.23,69.46,0.7735
SUB001144,0.792,18,170,11,217.5,4054.6,0,1,0.304,3,26.18,74.6,66.83,0.6964
SUB001145,0.952,11,114,7,165.9,2085.5,0,1,0.104,3,88.32,100.0,77.15,0.9378
SUB001146,0.484,15,97,6,127.5,4936.2,0,1,0.207,5,6.65,56.61,45.04,0.115
SUB001147,0.651,16,98,3,141.2,2080.8,0,1,0.267,2,1.65,78.01,51.82,0.2366
SUB001148,0.762,14,154,8,115.2,4236.8,0,1,0.187,4,3.95,64.58,63.63,0.5926
SUB001149,0.854,7,130,5,113.3,5743.4,0,6,0.589,2,8.36,33.1,67.18,0.7071
SUB001150,0.757,11,155,6,186.7,4411.9,1,1,0.17,3,12.16,87.73,58.1,0.4103
SUB001151,0.873,12,186,7,109.6,4841.4,0,1,0.334,1,5.31,64.87,79.37,0.9613
SUB001152,0.917,4,103,3,196.2,5180.2,0,2,,1,6.75,88.26,75.23,0.9067
SUB001153,0.932,9,141,9,87.7,5475.0,1,1,0.155,5,14.02,81.02,72.53,0.8556
SUB001154,0.79,10,108,4,162.2,6096.9,1,1,0.416,4,0.15,80.77,63.37,0.5837
SUB001155,0.752,11,94,5,203.1,5315.0,0,3,0.254,4,9.25,63.28,67.61,0.7191
SUB001156,0.909,6,131,3,164.9,5191.7,0,2,0.425,2,85.25,60.43,74.2,0.8893
SUB001157,0.784,8,35,1,33.2,1232.8,0,0,0.14,4,1.56,100.0,72.38,0.8509
SUB001158,0.795,10,62,3,158.0,4672.5,0,1,0.182,3,24.11,74.42,58.02,0.4072
SUB001159,0.778,8,161,9,99.7,7292.9,1,1,0.274,1,0.89,100.0,60.81,0.4959
SUB001160,0.852,4,125,7,52.7,5596.1,0,2,0.23,3,33.23,69.25,69.37,0.7697
SUB001161,0.699,16,85,5,181.4,5879.5,0,1,0.282,2,1.46,75.74,64.46,0.6211
SUB001162,0.861,21,126,7,108.1,3618.6,0,1,0.253,5,1.39,78.32,62.76,0.5621
SUB001163,0.718,11,54,3,167.7,4166.7,0,4,0.296,3,53.36,86.45,58.77,0.4314
SUB001164,0.7,11,69,4,240.4,5191.9,0,3,0.14,4,17.49,35.13,60.01,0.4709
SUB001165,0.518,9,69,4,165.1,5009.5,0,0,0.421,5,4.25,62.89,53.4,0.2766
SUB001166,0.887,5,66,3,121.0,5515.2,0,1,0.176,2,5.17,77.81,80.72,0.9716
SUB001167,0.641,4,104,5,122.4,2818.5,0,3,0.05,4,20.69,92.24,58.67,0.4278
SUB001168,0.705,3,126,5,183.8,3440.3,0,1,0.426,4,1.96,83.03,65.79,0.6661
SUB001169,0.381,15,277,7,146.7,3444.3,0,1,,4,9.51,63.21,35.77,0.0403
SUB001170,0.782,20,171,7,152.1,5243.0,0,0,0.445,4,64.07,76.05,56.33,0.3545
SUB001171,0.628,11,49,2,97.1,3964.1,0,2,0.17,2,13.02,100.0,56.19,0.3499
SUB001172,0.787,8,209,6,90.4,4753.1,0,2,0.288,2,14.01,73.02,70.54,0.8029
SUB001173,0.614,8,85,4,197.6,3404.0,0,1,0.043,2,23.78,66.17,59.43,0.4525
SUB001174,0.718,12,137,8,126.8,3419.8,1,0,0.3,5,17.98,81.2,62.58,0.5556
SUB001175,0.385,15,105,3,198.3,4527.8,0,3,0.132,4,19.67,66.99,37.65,0.0497
SUB001176,0.872,9,215,10,185.2,6736.0,0,2,0.245,3,24.53,73.75,77.08,0.9372
SUB001177,0.614,8,165,6,86.6,7176.1,0,0,0.204,5,2.86,77.29,56.47,0.3573
SUB001178,0.535,6,202,6,90.3,7366.4,0,2,0.179,5,3.93,61.03,44.58,0.1084
SUB001179,0.992,7,140,5,175.6,,1,2,0.545,3,6.73,61.2,70.17,0.7935
SUB001180,0.694,12,93,3,164.4,2690.5,1,1,0.177,2,39.33,98.33,58.64,0.4265
SUB001181,0.654,10,148,6,139.3,6065.6,1,2,0.133,8,23.31,53.22,49.88,0.1965
SUB001182,0.398,10,186,10,177.7,6841.9,0,2,0.386,2,3.49,54.58,54.25,0.2957
SUB001183,0.821,6,80,3,198.7,5026.4,1,2,0.057,5,11.71,71.34,66.11,0.6756
SUB001184,0.832,8,133,5,141.7,4630.6,0,2,0.396,3,34.63,55.8,63.38,0.5845
SUB001185,0.756,13,158,5,124.9,3849.7,1,2,0.151,1,20.47,78.44,54.02,0.2909
SUB001186,0.91,17,89,3,178.0,5353.3,0,2,0.563,4,0.97,73.75,71.83,0.8396
SUB001187,0.738,13,98,4,110.7,5353.6,0,3,0.213,4,56.79,80.8,54.1,0.2925
SUB001188,0.836,15,108,3,173.6,4964.5,0,2,0.386,3,4.27,87.0,66.06,0.6745
SUB001189,0.598,4,134,6,132.1,3010.3,0,1,0.046,3,24.29,75.77,58.72,0.4297
SUB001190,0.587,16,114,3,119.0,3079.6,0,1,0.324,3,1.43,87.06,57.61,0.3942
SUB001191,0.881,11,119,8,128.7,4454.1,0,3,0.314,5,6.85,42.47,71.66,0.8349
SUB001192,0.489,10,224,7,130.5,6682.8,2,0,0.3,2,20.53,69.07,33.5,0.032
SUB001193,0.692,11,112,4,197.0,5924.5,0,2,0.333,3,36.17,42.26,69.21,0.7654
SUB001194,0.582,19,196,7,124.5,4381.4,1,3,0.12,1,17.62,74.4,32.71,0.0283
SUB001195,0.789,8,265,8,95.4,,0,1,0.429,2,9.45,89.63,76.55,0.9303
SUB001196,0.549,11,83,3,130.6,6417.9,0,3,0.249,3,10.36,50.01,54.01,0.2905
SUB001197,0.796,9,167,6,180.8,6696.4,0,1,0.275,4,14.56,40.17,68.1,0.7339
SUB001198,0.5,6,95,3,181.6,4660.9,1,1,0.42,5,46.26,58.68,38.71,0.0573
SUB001199,0.628,5,164,8,150.7,4175.0,0,1,,2,13.72,81.56,61.03,0.5033
SUB001200,0.803,6,94,3,180.9,4009.2,1,0,0.264,3,2.38,72.22,52.67,0.2572
SUB001201,0.909,7,47,1,210.7,5631.7,0,1,0.12,2,23.42,60.7,71.06,0.8176
SUB001202,0.745,9,154,7,156.5,5575.3,1,3,0.213,7,15.46,72.49,59.8,0.4654
SUB001203,0.48,15,120,6,116.9,3958.0,0,3,0.198,6,8.67,46.71,34.5,0.0353
SUB001204,0.842,6,189,10,133.4,8247.4,0,0,0.156,6,53.01,71.76,76.96,0.9363
SUB001205,0.751,7,93,4,59.3,2170.0,0,0,0.169,3,29.42,58.54,68.71,0.7505
SUB001206,0.488,18,112,4,197.7,3657.6,0,2,,3,11.18,81.39,53.66,0.2819
SUB001207,0.792,8,91,3,114.5,3586.1,0,2,0.646,4,3.64,47.65,67.91,0.7278
SUB001208,0.915,7,68,4,147.7,4499.1,1,0,0.174,2,41.58,70.24,69.65,0.7794
SUB001209,0.802,7,132,5,135.9,6358.6,0,3,0.09,2,18.92,64.37,62.68,0.5588
SUB001210,0.563,10,112,6,127.0,5803.0,0,0,0.011,4,1.79,84.78,47.14,0.1442
SUB001211,0.886,9,54,1,160.5,4460.0,0,0,0.059,3,9.43,57.36,73.43,0.8745
SUB001212,0.404,7,191,6,133.5,2964.3,0,2,0.477,3,30.19,38.82,50.05,0.1995
SUB001213,0.913,8,118,6,106.2,6022.7,0,1,0.474,2,17.85,78.2,89.78,0.9985
SUB001214,0.914,13,90,4,93.1,2747.2,0,1,0.401,6,26.36,49.85,72.87,0.8645
SUB001215,0.89,10,155,4,171.4,4172.3,0,2,0.345,2,45.63,66.78,67.56,0.7175
SUB001216,0.322,16,173,6,95.6,4751.7,1,2,0.257,3,6.05,74.54,22.32,0.0063
SUB001217,0.847,8,71,3,251.7,3143.8,0,1,0.142,4,8.5,34.9,65.7,0.6617
SUB001218,0.464,13,67,2,236.2,3094.6,0,2,0.035,5,19.72,51.72,54.7,0.3078
SUB001219,0.847,13,98,4,63.6,5820.2,0,0,0.242,4,31.82,84.83,68.01,0.7316
SUB001220,0.599,7,135,4,,6856.3,0,1,0.204,4,6.9,82.95,63.26,0.5801
SUB001221,0.781,11,205,6,221.3,4914.0,0,3,0.125,5,20.12,66.92,64.79,0.634
SUB001222,0.907,9,37,2,111.8,1516.5,0,0,0.203,6,16.81,52.33,80.51,0.9697
SUB001223,0.541,4,231,7,153.1,5575.8,0,2,0.466,6,17.24,100.0,53.59,0.2807
SUB001224,0.759,5,123,3,127.5,3570.8,1,3,,3,17.69,73.58,52.35,0.2489
SUB001225,0.789,10,186,9,190.9,5470.9,1,2,0.36,4,1.08,81.44,73.91,0.8839
SUB001226,0.81,4,180,5,105.2,5343.2,0,1,0.31,4,70.61,58.91,71.9,0.8413
SUB001227,0.595,4,112,4,192.8,1737.6,0,0,0.276,5,13.03,52.52,67.28,0.7091
SUB001228,0.472,9,97,4,138.4,3899.4,0,2,0.086,4,6.54,84.24,58.42,0.4198
SUB001229,0.674,3,139,4,110.0,5619.5,0,2,0.113,4,2.27,65.64,55.31,0.3274
SUB001230,0.374,6,124,4,176.9,4480.2,1,2,0.517,5,103.76,72.0,35.62,0.0392
SUB001231,0.762,9,88,4,201.0,2795.4,0,1,0.695,2,14.48,65.88,75.37,0.909
SUB001232,0.886,9,112,4,6.8,5544.4,0,3,0.17,3,4.21,90.33,71.31,0.8248
SUB001233,0.657,9,101,3,5.0,2006.8,0,3,0.364,3,33.42,65.54,64.39,0.6185
SUB001234,0.804,12,117,4,176.5,4936.1,1,1,0.242,3,79.09,76.46,70.58,0.8042
SUB001235,0.509,14,173,9,122.3,4056.4,0,2,0.213,6,18.35,70.78,44.03,0.1023
SUB001236,0.562,15,100,3,85.7,5151.1,1,1,0.252,2,11.52,46.58,56.28,0.3528
SUB001237,0.557,19,129,4,154.6,4302.8,0,0,,4,0.51,55.82,51.06,0.2211
SUB001238,0.652,3,111,3,303.7,5284.3,0,1,0.553,2,68.31,72.77,63.22,0.5782
SUB001239,0.626,6,111,5,58.2,,1,3,0.293,3,6.96,62.15,48.81,0.1753
SUB001240,0.74,5,105,3,188.1,5566.3,1,1,0.16,3,27.48,64.56,50.99,0.2202
SUB001241,0.734,19,141,9,131.3,5719.1,0,2,0.113,3,1.11,90.53,66.39,0.6842
SUB001242,0.861,9,41,1,59.9,5079.4,0,1,0.188,3,24.79,63.59,70.55,0.8035
SUB001243,0.582,9,141,6,110.3,2129.9,0,2,0.139,5,18.63,100.0,48.4,0.1662
SUB001244,0.954,7,126,3,55.7,4750.8,0,0,0.295,2,17.3,64.78,84.16,0.9885
SUB001245,0.497,7,122,3,46.9,5014.6,0,2,0.226,3,11.56,59.38,43.57,0.0975
SUB001246,0.912,7,150,4,97.5,5579.3,0,2,0.382,3,24.17,91.26,73.44,0.8748
SUB001247,0.609,8,56,3,78.6,4153.2,0,1,0.125,2,0.81,72.7,57.71,0.3982
SUB001248,0.696,7,171,5,132.2,5928.3,0,1,0.241,2,0.13,89.16,50.93,0.2184
SUB001249,0.818,17,103,4,181.1,3076.8,1,1,0.806,4,41.65,50.6,67.73,0.7219
SUB001250,0.943,22,101,4,138.7,7494.2,0,1,0.351,3,89.89,37.52,68.74,0.752
SUB001251,0.519,22,81,2,223.8,5242.4,1,1,0.436,5,1.23,28.88,30.75,0.0222
SUB001252,0.573,4,85,3,92.2,3044.5,0,2,0.242,3,15.21,46.43,67.36,0.7113
SUB001253,0.778,7,55,2,131.8,6308.2,0,2,0.352,6,14.01,47.68,60.98,0.5014
SUB001254,0.661,3,118,6,5.0,2916.0,0,2,0.1,1,25.38,76.28,46.02,0.1283
SUB001255,0.654,3,93,3,133.9,4479.2,0,1,,2,20.35,65.06,58.7,0.4292
SUB001256,0.359,22,160,9,321.1,4973.0,0,4,0.227,3,1.2,63.16,27.29,0.0138
SUB001257,0.92,11,132,8,200.7,4045.1,0,0,0.846,2,10.79,48.51,83.36,0.9848
SUB001258,0.843,13,124,3,148.6,4436.9,0,1,0.22,2,6.74,81.33,66.36,0.6837
SUB001259,0.925,9,97,3,77.5,4579.9,1,1,0.134,4,74.52,78.58,68.13,0.735
SUB001260,0.925,9,107,7,244.9,2925.0,1,5,0.075,4,6.75,43.93,65.4,0.6531
SUB001261,0.673,16,202,8,158.3,5420.1,0,1,0.141,2,13.76,62.42,55.79,0.3405
SUB001262,0.814,9,96,4,106.6,4484.5,0,0,0.1,3,6.47,55.84,63.5,0.5882
SUB001263,0.699,10,39,2,111.1,7110.9,1,1,0.197,7,2.56,94.28,57.47,0.3891
SUB001264,0.798,13,105,3,283.4,6750.9,0,2,0.406,5,14.14,71.31,64.73,0.6318
SUB001265,0.963,12,77,4,148.9,3285.2,0,0,0.076,5,8.37,67.83,79.99,0.9652
SUB001266,0.749,9,101,5,174.0,4293.5,0,3,0.235,1,18.63,71.16,57.15,0.3775
SUB001267,0.726,7,116,6,128.8,3539.5,1,1,0.647,2,0.38,70.88,60.47,0.4865
SUB001268,0.651,7,77,2,137.1,4002.5,0,1,0.522,4,43.56,72.1,65.21,0.6477
SUB001269,0.613,15,54,3,139.5,5559.2,0,2,0.109,5,16.37,36.15,53.0,0.2667
SUB001270,0.901,10,106,5,235.3,,0,0,0.181,4,9.56,68.04,80.1,0.9661
SUB001271,0.513,6,191,5,140.6,4206.5,3,2,0.458,3,3.47,100.0,33.19,0.0298
SUB001272,0.491,14,114,4,77.5,5478.1,0,0,0.249,3,6.7,53.63,42.6,0.0872
SUB001273,0.911,9,127,7,170.6,1730.0,0,1,,3,8.64,81.95,84.02,0.9882
SUB001274,0.47,4,99,3,125.1,3915.4,0,3,0.207,2,4.91,77.14,42.16,0.0822
SUB001275,0.605,7,136,5,163.9,6735.0,1,0,0.141,3,9.09,66.52,48.78,0.1748
SUB001276,0.742,9,150,4,127.1,6876.4,0,3,0.093,3,12.29,53.91,63.43,0.5862
SUB001277,0.493,4,177,10,99.5,6843.0,0,0,0.147,2,11.91,76.12,53.37,0.2761
SUB001278,0.879,11,197,10,206.6,3138.1,0,4,0.19,3,16.06,62.3,69.49,0.7747
SUB001279,0.798,11,130,8,264.5,2791.9,3,0,0.108,2,4.0,66.47,44.74,0.1105
SUB001280,0.607,14,179,7,50.5,4154.4,2,3,0.336,3,27.37,74.6,38.66,0.0571
SUB001281,0.879,10,160,6,154.9,4818.8,1,0,0.299,4,5.26,53.73,68.94,0.7583
SUB001282,0.815,7,137,5,108.6,3585.4,0,0,0.336,2,32.92,62.44,75.81,0.9182
SUB001283,0.846,4,113,5,77.3,2044.1,0,0,0.212,3,71.65,78.69,67.63,0.7199
SUB001284,0.793,4,48,2,5.0,5631.8,0,2,0.286,5,7.49,67.44,65.21,0.6477
SUB001285,0.289,8,244,10,165.6,6361.8,0,1,0.353,5,34.8,40.6,38.51,0.0562
SUB001286,0.495,8,119,6,115.0,3708.9,0,2,0.242,4,21.79,73.88,48.1,0.1615
SUB001287,0.641,4,95,3,99.4,5543.0,0,0,0.096,7,23.62,76.65,51.61,0.2325
SUB001288,0.776,10,96,3,222.2,5895.2,1,3,0.233,5,32.64,78.24,60.81,0.4959
SUB001289,0.49,7,150,4,114.6,1180.2,1,3,0.088,2,11.3,64.84,27.31,0.014
SUB001290,0.93,6,70,4,109.1,5315.2,1,0,0.082,2,14.01,53.68,73.91,0.8839
SUB001291,0.721,5,191,8,54.8,4863.7,2,1,0.191,2,36.9,49.58,46.1,0.1298
SUB001292,0.388,17,130,6,116.5,880.2,0,1,0.162,4,5.36,62.09,50.76,0.2144
SUB001293,0.975,4,88,3,220.0,5967.3,0,0,0.04,1,30.82,78.92,80.71,0.9713
SUB001294,0.679,20,142,6,216.7,4829.2,0,3,0.44,3,51.04,57.47,45.14,0.1158
SUB001295,0.737,6,155,4,215.3,2380.7,0,2,0.303,2,5.53,95.11,65.32,0.6508
SUB001296,0.878,20,86,2,129.6,5026.2,2,0,0.188,4,62.72,59.15,52.73,0.2592
SUB001297,0.7,4,140,6,153.7,4971.5,0,0,0.604,3,41.88,88.99,67.8,0.7241
SUB001298,0.925,11,100,4,215.9,5311.3,1,2,0.108,4,7.65,74.0,76.33,0.927
SUB001299,0.789,16,187,7,202.8,2033.8,0,1,0.434,4,9.81,60.0,75.77,0.9172
SUB001300,0.648,16,101,3,262.8,4054.3,0,3,0.352,1,4.5,50.44,52.11,0.2427
SUB001301,0.858,11,105,3,177.1,3053.9,0,0,0.365,6,20.61,75.64,82.68,0.982
SUB001302,0.847,10,41,2,149.9,3960.6,0,1,0.043,6,8.72,66.01,64.61,0.6278
SUB001303,0.468,4,171,11,5.0,2307.7,1,2,0.225,3,0.94,56.79,27.58,0.0144
SUB001304,0.969,14,101,3,,2829.3,0,1,0.308,3,2.34,68.81,82.51,0.9807
SUB001305,0.715,15,100,4,200.9,6809.3,1,2,0.286,3,10.73,71.48,51.4,0.2291
SUB001306,0.76,9,180,6,215.9,6642.3,0,1,0.536,1,50.84,54.64,72.27,0.8491
SUB001307,0.253,10,134,6,102.3,6127.4,0,2,0.494,3,6.59,69.58,42.13,0.082
SUB001308,0.661,28,82,4,202.0,6616.1,0,1,0.41,3,3.89,35.18,43.15,0.0925
SUB001309,0.823,5,127,7,39.6,1830.7,1,0,0.102,2,13.85,47.61,65.75,0.6642
SUB001310,0.783,11,136,4,56.2,4595.1,4,1,0.14,1,8.32,81.71,52.46,0.2517
SUB001311,0.664,14,107,4,192.8,4900.9,1,0,0.245,3,14.85,62.12,53.08,0.2682
SUB001312,0.472,4,217,13,208.0,4503.9,0,0,0.637,3,26.79,77.74,58.49,0.4217
SUB001313,0.734,4,105,5,210.1,1733.7,1,0,0.54,3,8.32,75.98,59.85,0.4665
SUB001314,0.467,6,114,3,164.3,5895.5,0,1,0.453,2,14.03,82.33,57.38,0.3853
SUB001315,0.894,7,116,4,263.8,5506.7,2,1,0.348,2,26.56,78.04,56.58,0.361
SUB001316,0.428,6,151,4,114.4,3824.0,0,1,0.087,3,21.65,80.97,49.02,0.1788
SUB001317,0.873,7,79,2,194.9,5663.4,0,0,0.126,2,0.24,45.6,67.07,0.703
SUB001318,0.649,7,158,9,61.9,4976.5,1,3,0.515,3,42.62,92.3,53.37,0.2761
SUB001319,0.911,9,254,7,5.0,6220.7,1,3,0.22,4,3.57,76.77,54.79,0.3113
SUB001320,0.576,6,64,3,109.1,,1,1,0.091,4,35.72,100.0,43.78,0.1008
SUB001321,0.478,8,81,2,136.8,4763.0,0,0,0.433,3,22.63,65.45,44.88,0.1123
SUB001322,0.73,9,60,2,161.1,4673.9,1,1,0.399,3,28.9,55.11,56.31,0.3536
SUB001323,0.847,7,45,1,129.8,3877.7,0,1,0.108,2,6.25,84.87,72.5,0.8548
SUB001324,0.877,11,80,3,174.7,500.0,0,4,0.52,5,5.23,80.66,66.18,0.6782
SUB001325,0.615,17,83,5,275.4,4672.6,0,2,0.233,1,67.49,42.15,44.1,0.1033
SUB001326,0.548,5,155,6,179.3,5134.7,0,1,0.137,1,7.6,66.78,49.56,0.1895
SUB001327,0.544,6,178,9,92.1,3471.6,1,1,0.353,5,6.38,58.46,49.97,0.1982
SUB001328,0.618,13,127,7,8.2,5493.4,0,1,0.215,4,11.01,60.22,48.43,0.1673
SUB001329,0.371,10,170,6,85.5,5217.0,1,1,0.71,2,7.22,69.01,33.46,0.0317
SUB001330,0.667,13,150,5,239.6,5364.3,1,2,0.643,1,18.36,54.07,64.64,0.6292
SUB001331,0.812,12,89,4,125.8,3878.8,1,2,0.574,3,31.01,84.2,63.8,0.5984
SUB001332,0.727,7,133,9,181.7,2101.9,0,1,0.04,4,55.17,55.92,66.3,0.6817
SUB001333,0.719,18,77,2,212.4,1855.1,0,2,0.077,2,44.5,55.91,48.42,0.1671
SUB001334,0.737,18,114,4,170.7,5601.2,0,2,0.306,3,62.28,48.92,67.08,0.7036
SUB001335,0.759,6,124,4,132.8,2979.2,1,1,0.307,2,18.3,72.48,47.69,0.1545
SUB001336,0.514,16,143,8,128.1,3518.0,0,4,0.531,4,9.66,50.3,32.3,0.0268
SUB001337,0.714,17,207,7,304.6,6294.4,0,1,0.131,6,5.78,76.46,60.03,0.4718
SUB001338,0.81,20,68,2,122.6,1135.4,0,0,0.179,3,5.43,84.58,61.8,0.526
SUB001339,0.703,13,113,7,226.3,2155.2,0,0,0.095,4,16.01,60.35,61.61,0.5201
SUB001340,0.408,8,192,7,193.8,6143.7,2,2,0.311,2,3.93,89.68,23.18,0.0068
SUB001341,0.654,6,87,5,174.9,4561.4,0,0,0.281,2,0.87,63.75,65.72,0.6632
SUB001342,0.845,8,78,4,136.8,1399.8,1,0,0.584,1,0.39,85.3,61.7,0.5231
SUB001343,0.842,5,148,5,46.2,4080.6,0,1,0.49,1,29.25,80.32,80.23,0.9672
SUB001344,0.883,11,140,5,84.1,4964.0,0,2,0.11,4,7.72,58.4,81.92,0.9772
SUB001345,0.604,8,60,2,97.5,2647.1,0,1,0.133,2,1.67,69.57,44.99,0.1141
SUB001346,0.754,4,92,3,154.2,2291.0,0,1,0.129,2,11.09,71.41,68.86,0.7551
SUB001347,0.696,7,73,3,194.4,1832.1,0,1,0.525,2,64.37,54.71,76.12,0.9233
SUB001348,0.698,16,73,3,186.8,5634.5,0,0,0.215,7,1.73,51.35,60.22,0.4798
SUB001349,0.957,11,136,6,168.6,6244.9,3,2,0.34,4,52.09,59.35,55.2,0.3238
SUB001350,0.894,6,135,6,,5807.0,0,2,0.17,1,52.98,57.27,65.68,0.6611
SUB001351,0.938,20,113,5,54.6,6413.5,0,1,0.243,4,14.17,30.95,68.73,0.7513
SUB001352,0.483,11,68,2,20.6,6260.6,1,3,0.238,3,25.04,100.0,39.64,0.062
SUB001353,0.467,5,74,3,42.1,2095.9,1,2,0.224,3,1.18,60.77,28.13,0.0155
SUB001354,0.819,8,131,5,199.5,6156.9,0,2,0.282,3,5.03,87.38,74.7,0.8986
SUB001355,0.829,4,63,2,11.4,4483.3,0,0,0.338,5,20.89,76.82,73.23,0.8724
SUB001356,0.873,18,53,2,173.4,7114.3,2,0,0.187,3,10.73,56.63,41.64,0.0772
SUB001357,0.95,13,95,3,104.4,9553.9,0,3,0.502,4,0.04,80.37,79.17,0.9587
SUB001358,0.788,6,113,3,147.3,4271.6,1,2,0.079,2,2.39,55.15,46.31,0.1327
SUB001359,0.623,3,56,2,120.5,3822.5,0,1,0.249,3,22.89,96.98,57.23,0.3797
SUB001360,0.625,13,133,7,174.0,4089.4,0,1,0.104,1,7.8,58.15,63.38,0.5845
SUB001361,0.958,10,108,3,126.1,4647.9,1,1,0.496,5,3.83,56.54,74.18,0.8892
SUB001362,0.85,16,71,2,210.4,4703.0,1,2,0.335,3,18.42,86.05,57.6,0.3939
SUB001363,0.915,3,117,3,216.8,8542.1,0,4,0.184,1,32.95,67.03,74.29,0.8905
SUB001364,0.394,13,48,1,234.9,4454.8,0,0,,4,7.24,91.96,45.47,0.1202
SUB001365,0.904,9,98,4,125.3,3845.6,0,0,0.408,2,59.53,54.74,82.65,0.9816
SUB001366,0.493,24,99,5,140.1,4514.6,0,3,0.182,3,3.2,99.34,34.92,0.0367
SUB001367,0.808,5,114,4,146.7,3332.6,0,1,0.486,5,25.48,50.57,66.92,0.6983
SUB001368,0.739,14,119,4,280.5,2077.8,0,0,0.033,3,40.71,75.95,64.81,0.6347
SUB001369,0.493,13,151,7,155.8,4533.0,0,2,0.381,3,29.91,57.49,58.61,0.4251
SUB001370,0.788,4,111,4,182.3,8055.1,0,3,0.161,2,20.18,67.26,65.01,0.6408
SUB001371,0.545,8,62,2,191.0,5642.6,1,4,0.307,4,57.99,87.27,48.41,0.1666
SUB001372,0.677,12,78,4,202.3,3670.5,0,3,0.267,2,55.55,56.18,58.64,0.4265
SUB001373,0.594,6,283,12,214.4,5941.4,0,2,0.241,2,1.2,94.47,65.33,0.6513
SUB001374,0.556,6,56,2,59.0,8051.3,0,2,0.253,1,55.75,79.26,43.99,0.1022
SUB001375,0.856,15,231,11,107.2,5453.4,1,1,0.162,3,14.23,39.93,51.61,0.2325
SUB001376,0.816,21,217,6,185.9,3749.8,0,0,0.324,1,8.82,62.82,57.47,0.3891
SUB001377,0.692,14,62,2,235.8,4412.8,0,4,0.129,4,3.7,69.86,60.98,0.5014
SUB001378,0.634,5,162,8,,5772.8,1,2,0.24,4,5.37,70.79,54.47,0.3016
SUB001379,0.621,2,132,4,123.2,5285.0,0,0,0.34,3,7.24,53.11,66.73,0.6938
SUB001380,0.884,5,174,7,194.9,7049.1,1,1,0.435,4,40.07,58.78,70.43,0.8008
SUB001381,0.65,13,79,3,133.7,4544.7,1,0,0.19,1,18.04,49.37,59.59,0.458
SUB001382,0.823,13,133,4,109.4,1150.5,1,1,0.37,1,10.84,91.05,68.21,0.7376
SUB001383,0.678,8,86,2,64.3,5137.7,0,0,0.203,4,38.99,41.68,64.75,0.6325
SUB001384,0.544,5,72,3,126.8,4965.7,0,2,0.253,1,13.11,42.0,41.71,0.0778
SUB001385,0.659,8,117,4,,5093.1,0,5,0.055,5,12.59,55.22,60.46,0.4863
SUB001386,0.475,4,149,5,192.2,3472.2,0,1,0.42,5,4.2,59.22,51.99,0.2399
SUB001387,0.662,2,144,4,159.8,7710.0,0,0,0.18,1,21.75,58.27,68.89,0.756
SUB001388,0.805,11,167,5,156.3,3203.8,1,2,0.192,4,0.68,64.39,67.97,0.7302
SUB001389,0.836,10,82,2,153.5,2938.2,0,0,0.137,5,13.66,85.17,72.08,0.845
SUB001390,0.798,5,216,13,109.9,4736.7,0,0,0.062,4,5.38,55.11,63.27,0.5803
SUB001391,0.439,14,116,5,55.3,6569.6,1,3,0.284,5,35.98,59.05,36.16,0.0419
SUB001392,0.591,9,70,3,76.1,6404.6,1,0,0.236,6,29.08,78.34,46.23,0.1311
SUB001393,0.363,6,162,6,185.2,5770.3,0,1,0.406,5,0.88,91.9,48.58,0.1709
SUB001394,0.876,11,109,3,144.7,5885.0,0,0,,4,13.81,79.94,65.1,0.6435
SUB001395,0.555,24,81,3,113.3,2451.2,0,1,0.205,2,55.52,35.15,44.33,0.1058
SUB001396,0.775,4,90,6,214.0,1900.3,0,3,0.44,5,12.4,68.99,71.03,0.817
SUB001397,0.709,25,110,3,296.9,3992.0,0,1,0.297,4,15.58,87.5,57.09,0.3749
SUB001398,0.75,9,52,3,219.3,5588.5,0,1,0.173,6,2.11,37.31,60.14,0.4769
SUB001399,0.674,12,198,11,181.4,6357.5,1,4,0.182,2,51.57,68.17,47.12,0.144
SUB001400,0.781,13,139,4,176.2,3391.3,0,4,0.475,2,16.87,63.23,69.08,0.7618
SUB001401,0.762,6,116,3,136.5,3114.2,0,3,0.374,1,3.06,99.52,74.15,0.8885
SUB001402,0.621,7,100,4,150.8,6253.0,0,1,0.13,7,3.06,73.29,44.79,0.1109
SUB001403,0.538,17,170,6,208.7,5135.3,1,3,0.274,1,25.4,76.8,40.33,0.066
SUB001404,0.722,19,203,7,219.4,1907.5,0,1,0.315,1,2.59,85.34,59.77,0.4646
SUB001405,0.824,8,67,4,171.2,2648.8,1,0,0.09,4,8.9,26.31,56.4,0.3562
SUB001406,0.622,22,116,4,5.0,5307.7,0,1,0.126,2,55.47,76.39,55.76,0.34
SUB001407,0.725,9,129,8,216.1,2865.5,1,0,0.422,6,4.37,56.56,61.51,0.5168
SUB001408,0.483,14,169,5,,,1,2,0.119,3,46.14,51.11,32.18,0.0262
SUB001409,0.723,6,147,4,56.6,3313.1,1,4,0.053,2,9.29,61.82,49.89,0.1969
SUB001410,0.584,13,133,6,170.9,5977.4,0,0,0.147,4,11.22,64.52,57.62,0.3946
SUB001411,0.953,8,111,5,162.1,4540.7,0,1,0.175,1,25.22,72.95,74.41,0.8928
SUB001412,0.473,27,64,3,106.8,6834.5,0,0,0.029,4,5.75,80.96,31.25,0.0237
SUB001413,0.861,11,119,3,114.4,3951.6,0,4,0.651,2,37.48,90.88,69.99,0.7882
SUB001414,0.488,20,102,3,113.6,4193.6,1,3,0.263,4,8.9,56.14,21.84,0.0057
SUB001415,0.804,10,67,2,91.6,4836.9,1,2,0.174,7,0.41,67.63,58.79,0.4321
SUB001416,0.773,9,203,8,181.2,4078.0,0,2,0.425,4,1.53,27.64,70.38,0.7992
SUB001417,0.765,10,115,3,112.7,2177.3,0,1,0.434,3,5.87,54.63,58.79,0.4321
SUB001418,0.787,23,145,5,194.6,4196.2,0,0,0.049,2,3.96,74.28,58.47,0.4211
SUB001419,0.494,7,104,5,185.3,3397.0,0,3,0.676,1,9.38,79.52,67.6,0.7188
SUB001420,0.747,26,75,3,172.0,4184.8,0,2,0.187,3,2.0,100.0,55.56,0.335
SUB001421,0.385,15,150,6,211.7,3852.7,0,2,0.276,4,30.2,64.76,42.73,0.0883
SUB001422,0.536,22,209,9,267.3,5721.1,0,1,0.264,4,5.11,55.89,53.93,0.2882
SUB001423,0.606,5,168,8,185.8,4312.1,0,1,0.183,1,2.97,66.08,44.13,0.1038
SUB001424,0.84,14,135,5,198.0,2251.0,1,2,0.315,6,9.85,64.84,71.07,0.8182
SUB001425,0.615,17,102,3,222.3,3576.1,1,0,0.631,5,11.95,52.27,46.59,0.1368
SUB001426,0.458,18,125,6,197.7,2821.6,0,6,0.34,2,10.83,75.15,41.18,0.0738
SUB001427,0.622,13,148,8,209.9,7622.4,0,3,0.426,7,32.29,47.64,46.66,0.1382
SUB001428,0.936,8,99,3,73.6,4564.1,1,2,0.109,4,5.24,75.02,58.55,0.4227
SUB001429,0.578,8,147,5,139.5,5735.8,0,2,,4,2.47,70.24,56.08,0.3469
SUB001430,0.748,7,105,4,164.5,4381.2,0,2,0.328,5,3.91,72.71,65.35,0.6518
SUB001431,0.945,11,47,1,148.5,6985.8,0,2,0.119,4,19.38,78.34,75.51,0.9115
SUB001432,0.981,10,77,3,300.1,2493.6,0,1,0.104,6,7.5,90.49,85.09,0.9912
SUB001433,0.867,8,107,5,132.5,3347.6,1,1,0.031,3,39.3,68.85,52.18,0.2446
SUB001434,0.956,9,119,6,40.0,6264.3,2,1,0.105,3,4.26,68.78,62.17,0.5387
SUB001435,0.72,9,37,2,150.3,3408.5,1,5,0.042,3,44.54,73.17,41.29,0.0748
SUB001436,0.959,3,162,7,178.7,3687.6,0,4,0.034,1,1.94,62.84,71.08,0.8188
SUB001437,0.594,8,128,3,91.6,3797.8,0,1,0.118,5,49.7,85.44,69.24,0.7662
SUB001438,0.907,7,58,2,138.8,7187.7,1,1,0.248,2,14.89,47.98,75.39,0.9092
SUB001439,0.591,5,148,6,130.6,7806.8,0,1,0.168,4,2.4,74.6,49.72,0.1934
SUB001440,0.923,5,100,5,131.4,5114.6,1,4,0.182,3,10.46,63.73,65.35,0.6518
SUB001441,0.78,8,64,4,108.1,4615.0,0,3,0.41,6,21.49,76.82,62.43,0.5496
SUB001442,0.542,11,147,4,218.8,5910.2,0,3,0.13,2,62.76,55.99,59.76,0.4642
SUB001443,0.376,11,156,4,283.0,5368.7,1,2,0.638,2,31.9,100.0,39.45,0.0602
SUB001444,0.552,12,121,5,105.6,4868.6,2,1,,3,8.14,77.78,36.73,0.0445
SUB001445,0.88,11,130,4,74.6,3974.1,1,0,0.095,2,0.73,63.72,68.44,0.744
SUB001446,0.649,7,120,6,114.7,3676.5,0,0,0.111,2,13.31,71.46,61.78,0.5253
SUB001447,0.477,5,145,5,,5469.2,0,2,0.639,3,12.26,70.06,55.34,0.3287
SUB001448,0.846,6,106,6,122.5,4738.7,0,1,0.293,6,17.46,75.61,71.74,0.8372
SUB001449,0.931,9,45,2,169.0,6427.8,0,3,0.202,3,27.25,68.56,79.22,0.9597
SUB001450,0.576,10,77,2,95.3,3996.5,0,2,0.12,1,19.25,85.57,58.81,0.4327
SUB001451,0.85,14,83,3,269.0,3027.2,0,2,0.245,2,5.77,26.75,67.38,0.7118
SUB001452,0.393,18,101,3,156.3,2313.3,0,1,0.082,1,4.71,58.38,36.37,0.0425
SUB001453,0.677,8,105,6,159.0,3372.8,0,0,0.219,3,16.11,69.03,62.53,0.5541
SUB001454,0.697,10,195,9,102.2,2818.0,0,1,0.236,3,1.33,46.95,59.2,0.4438
SUB001455,0.676,12,114,4,102.5,6291.4,0,2,0.183,1,15.55,74.69,55.31,0.3274
SUB001456,0.338,10,130,4,149.8,4012.3,0,3,0.151,4,14.92,81.77,32.84,0.0288
SUB001457,0.865,6,108,3,144.2,3388.3,1,3,0.451,4,15.75,96.8,69.12,0.7632
SUB001458,0.779,6,120,3,189.8,5319.6,1,1,0.214,4,20.09,82.38,69.52,0.7758
SUB001459,0.811,15,130,5,63.7,7573.6,1,3,0.012,4,17.51,75.66,58.05,0.4083
SUB001460,0.68,8,169,6,,4204.8,0,3,0.301,4,3.6,77.72,53.95,0.2888
SUB001461,0.724,8,167,5,102.8,3133.9,0,2,0.142,2,3.53,61.92,56.2,0.3505
SUB001462,0.643,3,63,4,136.2,3721.6,0,0,0.256,6,23.37,59.86,64.37,0.6173
SUB001463,0.886,16,84,3,100.2,1631.9,0,2,0.472,2,22.97,69.08,66.86,0.6972
SUB001464,0.645,13,100,6,153.3,5272.0,0,2,0.04,2,45.79,77.4,55.66,0.3378
SUB001465,0.922,5,162,8,96.4,5675.4,1,0,0.084,4,3.93,55.1,66.02,0.6733
SUB001466,0.789,12,125,3,147.9,3965.9,0,1,0.115,1,1.55,82.33,58.91,0.4352
SUB001467,0.636,12,105,4,109.5,2844.4,0,2,0.235,2,10.11,73.74,61.46,0.5158
SUB001468,0.726,20,69,2,119.3,7945.5,0,4,0.308,1,15.5,73.79,51.17,0.224
SUB001469,0.687,6,150,4,155.1,2905.9,0,0,0.422,7,43.01,56.98,54.49,0.302
SUB001470,0.69,12,172,5,222.8,3734.7,1,2,0.51,5,6.98,71.78,58.08,0.4093
SUB001471,0.612,7,78,2,189.8,4441.2,0,2,0.04,4,3.44,89.0,55.61,0.3366
SUB001472,0.639,7,57,3,207.8,5576.2,2,0,0.141,3,28.81,83.3,58.61,0.4251
SUB001473,0.798,18,111,5,247.8,4329.0,1,2,0.168,2,39.39,73.83,54.84,0.3136
SUB001474,0.724,15,112,3,155.4,4613.1,1,0,0.211,1,7.85,58.01,43.49,0.0963
SUB001475,0.765,5,191,8,247.3,5873.0,1,0,0.487,2,20.73,62.79,72.12,0.8457
SUB001476,0.845,4,90,4,177.4,9258.5,1,0,0.425,4,15.53,68.17,71.32,0.8252
SUB001477,0.573,12,84,2,99.0,3551.2,0,4,0.193,2,25.07,63.46,47.02,0.1422
SUB001478,0.711,9,83,3,106.9,3650.1,0,1,0.524,2,57.43,81.79,81.32,0.975
SUB001479,0.674,6,71,4,147.1,4193.6,0,1,0.495,1,68.96,41.96,60.2,0.4792
SUB001480,0.337,12,106,3,208.8,5548.5,0,2,0.311,5,3.95,56.58,49.94,0.1979
SUB001481,0.614,12,154,4,142.3,8557.8,1,2,0.259,3,12.94,70.82,52.42,0.2509
SUB001482,0.712,9,156,4,88.7,4613.9,0,2,0.125,4,2.75,52.96,69.11,0.7628
SUB001483,0.924,10,73,2,197.4,5197.0,0,2,0.317,6,17.52,52.6,68.69,0.7497
SUB001484,0.568,6,165,9,71.0,1586.3,1,3,0.258,2,24.75,79.15,46.61,0.1372
SUB001485,0.39,11,115,3,171.2,4671.9,0,2,0.297,5,10.98,60.98,41.92,0.0797
SUB001486,0.723,22,51,2,188.6,4233.8,0,1,0.426,3,21.51,51.17,48.91,0.1767
SUB001487,0.967,5,147,6,54.5,6263.7,0,1,0.18,3,20.35,59.45,70.36,0.7985
SUB001488,0.85,14,168,5,268.6,4064.0,0,2,0.238,3,16.69,58.07,56.63,0.3627
SUB001489,0.647,5,92,3,136.0,2626.4,0,5,0.171,2,48.9,92.74,60.18,0.4784
SUB001490,0.62,13,114,3,87.8,4914.5,0,3,0.176,2,53.71,50.09,59.05,0.4391
SUB001491,0.633,9,104,3,149.9,2181.4,0,0,0.173,3,10.22,77.05,67.08,0.7036
SUB001492,0.8,13,118,6,55.2,3384.4,0,6,,2,8.02,85.37,57.74,0.3998
SUB001493,0.87,5,103,4,156.7,4597.5,0,0,0.178,3,1.27,65.53,64.2,0.6107
SUB001494,0.803,2,122,6,177.7,1014.9,0,2,0.634,2,62.81,48.47,63.78,0.5975
SUB001495,0.982,10,44,2,312.1,3836.4,1,2,0.285,2,27.61,87.38,74.98,0.9033
SUB001496,0.694,14,90,4,167.9,6820.7,0,1,0.287,1,39.77,68.59,58.33,0.4181
SUB001497,0.881,10,108,4,110.5,2123.6,0,2,0.758,4,2.44,70.58,69.14,0.7636
SUB001498,0.727,13,140,9,171.4,3674.9,0,4,0.292,4,0.93,52.77,68.24,0.7383
SUB001499,0.629,7,45,1,227.4,5107.7,0,1,0.312,4,2.21,68.06,54.75,0.3097
SUB001500,0.663,13,168,9,189.1,6063.1,2,1,,5,15.19,54.42,55.2,0.3238
SUB001501,0.405,18,114,5,224.0,4656.9,0,1,0.238,2,17.14,34.75,35.88,0.0408
SUB001502,0.473,7,163,8,186.6,4535.6,0,2,0.03,7,21.53,47.1,41.49,0.0762
SUB001503,0.826,13,129,5,189.4,7125.2,0,3,0.088,5,19.07,40.87,62.23,0.5404
SUB001504,0.903,6,185,11,53.9,5244.1,0,2,0.133,1,75.24,70.71,71.34,0.8258
SUB001505,0.616,19,132,4,89.6,3073.5,1,2,0.645,2,44.87,58.14,51.57,0.2313
SUB001506,0.559,5,58,2,40.2,4470.2,0,0,0.267,2,9.06,89.48,59.74,0.4638
SUB001507,0.756,11,143,4,81.2,4512.6,1,4,0.067,4,28.18,76.6,60.68,0.493
SUB001508,0.335,10,118,7,85.1,3932.0,0,0,,2,40.49,72.17,36.53,0.0435
SUB001509,0.446,7,88,5,252.6,1918.2,1,2,0.112,3,0.69,93.77,27.88,0.015
SUB001510,0.696,7,120,3,98.6,4589.4,1,2,0.19,2,25.14,46.16,59.3,0.4481
SUB001511,0.678,9,133,5,153.0,5538.8,2,2,0.251,3,16.66,100.0,44.19,0.1044
SUB001512,0.852,18,123,7,,5740.7,0,2,0.251,2,23.42,54.09,63.18,0.577
SUB001513,0.795,11,63,4,164.6,4331.7,1,2,0.431,2,14.85,86.92,56.08,0.3469
SUB001514,0.737,4,192,5,136.2,5013.3,0,0,0.052,3,11.94,46.37,68.58,0.7475
SUB001515,0.777,4,151,7,56.6,3915.1,0,1,0.187,3,6.98,71.44,57.84,0.4023
SUB001516,0.806,11,111,4,188.9,6007.0,0,1,0.22,2,11.27,88.8,67.19,0.7073
SUB001517,0.789,15,100,3,124.2,2716.4,0,2,0.212,5,19.73,76.67,57.06,0.3743
SUB001518,0.641,6,187,6,95.2,4153.5,0,0,0.553,3,39.46,69.36,66.24,0.6802
SUB001519,0.589,10,123,4,131.6,3406.2,0,1,0.198,2,20.76,97.31,60.14,0.4769
SUB001520,0.484,15,65,2,213.5,4157.4,0,2,0.356,5,28.74,49.99,54.73,0.3088
SUB001521,0.833,11,188,6,115.5,6909.2,0,4,0.53,2,28.8,69.06,70.96,0.8143
SUB001522,0.63,10,94,3,155.5,2688.4,1,0,0.091,4,3.81,49.85,47.07,0.1432
SUB001523,0.683,8,65,3,168.2,4743.9,1,4,0.258,1,14.76,66.22,52.86,0.2629
SUB001524,0.793,9,123,4,162.4,5067.3,0,1,0.169,4,3.25,53.89,69.59,0.7779
SUB001525,0.799,13,86,2,171.1,2983.9,0,3,0.253,4,12.89,65.97,69.65,0.7794
SUB001526,0.858,14,107,5,77.8,4246.1,0,2,0.611,1,27.25,56.31,71.61,0.8325
SUB001527,0.684,13,131,5,166.6,3309.9,1,1,0.766,3,12.63,57.42,65.63,0.6595
SUB001528,0.679,7,34,1,86.1,4321.1,1,1,0.152,3,17.17,64.38,54.34,0.2988
SUB001529,0.765,3,118,4,23.4,4412.6,0,1,0.354,1,39.94,76.57,61.59,0.5193
SUB001530,0.585,8,171,6,116.2,7112.2,0,0,0.13,5,25.26,60.57,49.99,0.1983
SUB001531,0.844,14,67,2,130.9,3187.0,1,1,0.37,2,1.0,61.07,62.91,0.5678
SUB001532,0.71,20,41,3,357.6,3947.1,0,0,0.099,4,0.46,57.53,54.03,0.2912
SUB001533,0.646,6,153,7,196.6,4204.6,0,3,0.227,3,8.86,64.29,56.86,0.3688
SUB001534,0.62,13,115,5,206.1,6610.1,1,3,0.153,4,19.05,32.74,55.59,0.3358
SUB001535,0.866,7,137,4,116.5,3946.5,0,2,0.238,3,17.03,59.49,71.07,0.8182
SUB001536,0.605,17,95,4,159.9,3138.2,0,1,0.254,6,6.17,75.01,57.73,0.3992
SUB001537,0.332,14,122,5,316.3,3446.1,1,1,0.03,1,39.1,43.72,26.33,0.012
SUB001538,0.745,11,188,7,114.8,3751.3,0,2,0.407,2,32.12,71.9,70.14,0.7927
SUB001539,0.751,11,138,5,168.3,3818.1,0,1,0.462,3,3.01,89.12,63.2,0.5778
SUB001540,0.772,16,70,2,278.5,3066.4,0,1,0.404,5,38.03,70.17,66.59,0.6898
SUB001541,0.529,4,166,5,88.6,4853.2,0,0,0.106,3,36.11,65.84,62.19,0.5392
SUB001542,0.446,9,109,3,,2597.1,0,2,0.284,4,2.37,83.84,44.85,0.1116
SUB001543,0.651,5,46,2,133.9,5094.9,0,4,0.309,4,85.21,70.28,53.39,0.2763
SUB001544,0.324,11,80,2,99.7,4461.8,2,3,0.253,1,14.18,85.75,17.96,0.0028
SUB001545,0.509,10,74,3,196.5,6802.7,0,2,0.712,4,40.57,60.4,60.12,0.4758
SUB001546,0.901,11,107,7,86.1,5235.3,2,1,0.455,2,13.01,92.32,60.66,0.4924
SUB001547,0.838,5,168,5,181.6,5388.8,0,2,0.232,4,10.78,67.49,66.03,0.6738
SUB001548,0.885,15,150,10,190.8,7764.3,2,0,0.206,2,0.24,78.55,56.53,0.3592
SUB001549,0.823,13,87,5,212.9,5086.7,1,1,0.109,5,52.03,70.23,55.39,0.3309
SUB001550,0.517,7,133,8,129.3,4342.9,0,2,0.449,2,2.32,84.6,46.32,0.1328
SUB001551,0.881,14,92,3,185.4,3156.2,0,1,0.25,1,13.57,94.43,72.08,0.845
SUB001552,0.715,3,100,5,190.6,6679.3,0,0,0.182,3,4.22,64.3,69.74,0.7813
SUB001553,0.598,5,126,4,50.5,3117.4,0,1,0.377,1,7.91,55.51,49.11,0.181
SUB001554,0.837,9,67,3,74.5,2625.7,0,3,0.318,1,27.95,39.44,68.25,0.7387
SUB001555,0.743,8,103,4,178.9,2812.4,0,1,0.405,3,3.19,68.91,79.48,0.9621
SUB001556,0.668,17,104,4,220.4,3391.3,1,0,0.268,3,11.57,68.37,49.02,0.1788
SUB001557,0.752,13,83,2,,4480.1,1,3,0.24,2,19.79,90.03,59.66,0.4612
SUB001558,0.868,19,132,4,232.2,,0,0,0.029,4,56.02,74.46,67.31,0.7099
SUB001559,0.872,5,132,7,113.3,5448.1,2,1,0.251,2,10.53,38.61,53.54,0.2798
SUB001560,0.918,8,76,2,220.0,2744.9,0,1,0.486,2,25.91,59.77,77.5,0.9417
SUB001561,0.879,5,66,2,130.6,3022.3,0,0,0.131,2,3.63,62.97,64.3,0.6148
SUB001562,0.785,11,109,3,106.3,4775.3,1,3,0.489,7,8.61,67.11,59.81,0.4658
SUB001563,0.811,5,79,3,220.5,2948.7,0,2,0.147,3,4.32,76.52,78.99,0.9571
SUB001564,0.734,10,95,4,199.6,2431.8,0,5,0.414,3,4.86,60.29,74.48,0.8943
SUB001565,0.677,3,33,1,102.0,1870.2,0,1,0.2,4,35.29,80.63,52.77,0.2604
SUB001566,0.672,6,103,7,112.2,4442.2,1,3,0.05,3,64.41,89.64,44.52,0.1078
SUB001567,0.797,14,97,3,198.1,4381.8,1,2,0.17,2,3.46,54.55,63.48,0.5877
SUB001568,0.664,9,68,2,87.0,4166.1,2,2,0.337,3,0.87,100.0,50.01,0.1988
SUB001569,0.697,4,147,8,151.2,6560.4,0,1,0.503,2,20.85,80.12,70.3,0.7968
SUB001570,0.581,15,96,6,154.9,4933.3,0,0,0.406,5,40.05,61.82,57.65,0.3958
SUB001571,0.821,15,114,7,177.9,4570.5,1,2,0.155,4,26.14,56.94,53.71,0.2829
SUB001572,0.894,13,144,8,37.7,6742.0,0,0,0.115,3,13.3,80.78,82.04,0.9776
SUB001573,0.428,7,135,5,86.6,6137.5,0,2,0.482,4,22.88,89.3,40.35,0.0664
SUB001574,0.867,12,61,2,171.2,3210.1,2,7,0.47,2,6.95,70.88,53.03,0.2672
SUB001575,0.964,16,116,6,231.2,5831.8,0,3,0.223,2,1.66,87.42,71.02,0.8166
SUB001576,0.76,9,83,4,139.1,7074.4,1,3,0.394,6,25.89,94.24,53.75,0.2838
SUB001577,0.485,9,162,5,190.4,7475.0,0,2,0.122,3,13.45,89.65,47.28,0.1468
SUB001578,0.86,10,204,10,61.1,6485.1,2,2,0.481,2,16.42,89.46,63.26,0.5801
SUB001579,0.559,13,171,5,132.1,5437.0,0,2,0.417,4,6.12,66.23,55.69,0.3385
SUB001580,0.778,10,145,8,166.8,5160.3,1,4,0.411,2,0.27,62.37,63.56,0.5906
SUB001581,0.627,12,107,3,152.3,6720.8,0,0,0.536,4,6.29,62.25,74.46,0.8939
SUB001582,0.927,9,150,5,192.8,2743.5,0,1,0.254,1,32.21,61.85,76.22,0.9255
SUB001583,0.589,8,53,3,128.6,6166.4,0,2,0.13,5,26.28,59.55,52.33,0.2486
SUB001584,0.615,13,86,4,144.2,4625.6,1,3,0.038,7,27.78,47.33,43.44,0.0954
SUB001585,0.568,7,133,6,180.2,3281.0,0,1,0.427,4,8.44,99.22,50.63,0.2121
SUB001586,0.737,6,102,6,,2737.0,0,0,0.34,8,22.67,57.87,68.95,0.7587
SUB001587,0.7,7,72,3,86.5,1801.6,1,0,0.492,2,19.47,64.39,57.49,0.3902
SUB001588,0.646,8,132,4,171.9,5506.7,0,1,0.148,3,13.23,67.03,68.23,0.738
SUB001589,0.761,9,183,6,89.2,7798.7,0,3,0.251,5,7.15,66.44,58.71,0.4293
SUB001590,0.854,7,177,9,226.1,4136.2,0,4,0.37,3,31.81,63.9,69.71,0.7803
SUB001591,0.595,8,87,3,33.5,3154.0,0,0,0.188,2,4.85,74.02,65.26,0.6491
SUB001592,0.727,11,196,9,135.1,6792.7,0,1,0.303,7,0.03,73.65,64.92,0.6385
SUB001593,0.798,6,93,6,235.6,4635.3,1,0,0.068,4,0.98,74.24,64.51,0.6232
SUB001594,0.841,13,118,6,277.6,6471.5,0,1,0.47,3,7.84,60.37,76.22,0.9255
SUB001595,0.966,6,159,7,132.5,3331.2,1,1,0.048,1,9.91,59.72,65.49,0.6554
SUB001596,0.928,9,44,3,213.2,5198.9,0,1,,3,33.3,89.05,89.75,0.9983
SUB001597,0.773,9,115,7,193.5,7297.8,0,0,0.572,6,6.65,77.06,60.66,0.4924
SUB001598,0.466,17,78,3,141.5,2815.1,1,1,0.45,4,8.62,78.07,33.11,0.0297
SUB001599,0.867,9,97,3,175.0,,0,0,0.594,4,15.77,69.68,75.93,0.9205
SUB001600,0.831,14,159,5,110.3,4252.6,0,2,0.245,2,18.59,62.83,73.11,0.8697
SUB001601,0.521,13,93,2,65.3,5589.3,1,1,0.014,3,35.94,89.61,43.54,0.097
SUB001602,0.893,7,107,7,171.3,6426.0,0,2,0.194,4,24.41,79.72,63.99,0.6048
SUB001603,0.601,16,110,3,201.8,3527.4,0,0,0.21,3,24.67,91.31,56.39,0.3558
SUB001604,0.741,7,142,8,69.9,8457.1,0,1,0.581,2,6.23,58.89,70.9,0.8129
SUB001605,0.648,8,155,7,135.4,4859.7,1,2,0.361,2,46.85,72.57,50.15,0.2017
SUB001606,0.677,12,124,7,84.8,3768.5,1,0,0.188,3,17.18,72.07,51.55,0.2312
SUB001607,0.636,8,96,4,116.3,6621.5,0,4,0.131,2,20.45,71.29,54.05,0.2919
SUB001608,0.718,5,120,6,108.8,4810.1,0,3,0.387,4,12.21,85.17,55.79,0.3405
SUB001609,0.822,8,94,3,188.5,3905.7,1,1,0.403,2,24.82,46.03,66.57,0.6887
SUB001610,0.888,8,203,6,114.0,,1,1,0.333,3,39.27,29.79,64.75,0.6325
SUB001611,0.837,6,108,5,,7693.3,0,2,0.208,2,33.88,84.78,66.65,0.6916
SUB001612,0.715,9,169,5,249.9,3354.2,0,1,0.094,4,1.64,68.66,68.76,0.7528
SUB001613,0.497,9,169,9,176.7,6533.7,1,1,0.438,7,2.02,83.98,43.88,0.1012
SUB001614,0.698,11,124,8,206.8,3402.6,0,1,0.413,3,10.42,66.88,57.66,0.3963
SUB001615,0.447,5,130,7,171.5,3715.9,0,2,0.111,5,1.61,52.22,43.28,0.0941
SUB001616,0.772,5,130,6,191.5,4527.1,0,0,0.199,4,4.58,67.54,66.07,0.675
SUB001617,0.532,13,139,9,,5393.1,0,1,0.634,2,23.12,64.86,62.5,0.5525
SUB001618,0.719,6,70,4,165.9,1882.9,0,1,0.26,3,5.74,62.18,64.04,0.6074
SUB001619,0.597,11,239,11,160.6,,0,0,0.077,2,8.28,93.69,59.18,0.4432
SUB001620,0.84,8,119,3,117.7,6138.6,0,2,0.414,4,4.06,76.79,71.0,0.8159
SUB001621,0.921,7,183,5,194.2,6451.8,1,0,0.065,4,26.47,57.84,71.24,0.8234
SUB001622,0.753,17,120,3,155.1,4164.5,0,0,0.049,2,44.8,62.57,50.88,0.2172
SUB001623,0.597,9,123,7,154.1,2852.1,0,0,0.272,7,0.17,85.17,65.71,0.6623
SUB001624,0.879,7,88,6,163.2,4763.3,2,0,0.516,3,18.57,63.67,65.79,0.6661
SUB001625,0.787,4,93,3,159.3,5715.3,0,0,0.255,2,15.6,74.4,62.1,0.5361
SUB001626,0.6,12,51,2,95.1,4527.3,1,1,0.429,2,5.77,84.35,45.65,0.1235
SUB001627,0.736,6,220,11,150.1,7208.1,0,3,0.202,1,20.81,100.0,64.16,0.6098
SUB001628,0.619,16,171,5,,4450.4,0,4,0.072,3,2.85,59.65,47.51,0.1506
SUB001629,0.791,9,88,2,157.7,2463.0,0,3,0.586,1,0.33,82.66,67.88,0.7261
SUB001630,0.64,27,116,5,247.8,3687.8,0,1,0.559,1,97.33,69.58,50.27,0.2042
SUB001631,0.528,8,140,4,252.0,4702.3,0,3,0.237,4,5.8,71.69,55.38,0.3306
SUB001632,0.794,6,73,4,172.7,3309.8,0,1,0.168,1,7.25,72.16,63.31,0.582
SUB001633,0.922,10,85,3,201.8,3645.6,0,1,0.271,2,39.25,75.99,63.43,0.5862
SUB001634,0.844,7,110,6,75.7,5992.6,1,2,0.227,5,23.36,98.51,64.55,0.6252
SUB001635,0.733,3,188,6,161.3,3721.5,1,0,0.332,3,10.28,71.55,61.43,0.5147
SUB001636,0.812,14,87,5,95.1,2435.3,0,1,0.57,5,116.55,85.07,71.71,0.8366
SUB001637,0.843,11,142,5,225.1,5924.9,1,1,0.584,3,13.13,62.74,64.48,0.6219
SUB001638,0.666,6,216,11,74.0,6048.1,1,1,0.201,5,2.68,72.35,54.71,0.3082
SUB001639,0.684,5,172,7,76.4,3304.2,0,2,0.174,6,26.67,38.83,65.56,0.6577
SUB001640,0.811,6,69,2,183.3,5406.1,2,3,0.379,3,24.01,32.09,51.09,0.2219
SUB001641,0.884,9,95,4,247.8,2779.1,0,2,0.084,2,7.07,100.0,68.75,0.7525
SUB001642,0.947,21,110,4,246.5,3464.7,0,1,0.402,1,3.83,84.67,71.62,0.8329
SUB001643,0.458,8,83,2,122.8,2758.4,0,0,0.212,4,2.51,57.16,56.04,0.3456
SUB001644,0.592,4,51,1,72.6,3567.4,0,1,0.7,4,5.97,75.82,56.78,0.3671
SUB001645,0.606,6,161,4,112.3,5651.1,1,2,0.011,2,39.89,80.87,50.24,0.2038
SUB001646,0.869,10,67,3,157.5,4739.8,2,2,0.439,4,25.73,78.23,54.3,0.297
SUB001647,0.861,6,88,3,133.4,3219.4,0,3,0.328,2,26.03,32.31,75.48,0.9109
SUB001648,0.722,5,129,4,73.3,4929.2,1,2,0.281,3,5.61,50.21,49.63,0.1908
SUB001649,0.812,8,113,3,221.2,5138.1,0,4,0.366,5,48.81,63.37,59.96,0.4695
SUB001650,0.795,6,82,4,216.5,5843.2,0,1,0.223,4,2.41,55.39,62.77,0.5625
SUB001651,0.84,10,196,5,263.1,5518.9,0,1,0.515,2,2.27,62.0,72.28,0.8494
SUB001652,0.834,10,74,3,50.4,5476.5,0,0,0.156,3,114.76,50.95,60.96,0.5007
SUB001653,0.903,12,152,4,107.5,4857.2,1,0,0.335,2,30.09,80.47,78.49,0.9529
SUB001654,0.846,13,138,5,174.1,3467.7,1,1,0.271,2,15.43,70.77,63.88,0.5999
SUB001655,0.826,6,141,6,138.3,4947.7,1,1,0.713,3,3.82,57.11,65.52,0.6564
SUB001656,0.79,14,59,3,135.0,6118.4,1,4,0.543,3,15.33,63.61,59.74,0.4638
SUB001657,0.723,8,110,6,92.6,6451.7,1,1,0.425,2,76.81,69.87,63.92,0.6012
SUB001658,0.778,4,125,4,72.1,752.8,0,3,0.57,6,18.6,90.61,63.55,0.5901
SUB001659,0.818,13,132,5,280.6,5603.4,0,2,0.024,2,6.84,60.22,72.14,0.8467
SUB001660,0.893,17,105,4,85.4,3783.7,0,1,0.156,3,2.39,73.5,67.88,0.7261
SUB001661,0.825,8,142,5,50.5,5310.9,1,0,0.147,3,5.53,55.12,57.78,0.4008
SUB001662,0.564,14,108,4,,2491.1,0,1,0.244,3,9.23,46.75,43.25,0.0937
SUB001663,0.506,9,81,4,158.5,3759.8,0,2,0.413,5,5.5,96.26,49.76,0.1939
SUB001664,0.715,7,83,4,124.6,2008.8,0,3,0.607,4,39.76,56.29,54.02,0.2909
SUB001665,0.885,9,134,5,171.8,4021.0,1,4,0.088,5,53.63,48.31,51.51,0.2306
SUB001666,0.875,9,84,3,104.6,5331.4,1,0,0.109,7,45.51,72.06,59.6,0.4586
SUB001667,0.702,10,146,4,155.3,5397.6,0,0,0.178,1,19.02,54.33,71.63,0.8333
SUB001668,0.628,8,84,2,149.1,7638.9,0,4,0.295,1,35.25,73.64,63.79,0.5978
SUB001669,0.601,13,71,3,253.5,3582.4,0,1,0.236,3,17.71,50.15,56.17,0.349
SUB001670,0.887,11,222,10,259.7,3792.5,0,1,0.022,3,6.55,88.44,68.14,0.7354
SUB001671,0.735,6,182,5,128.9,6988.9,1,2,0.372,3,37.89,61.48,63.52,0.5888
SUB001672,0.826,7,118,6,,2015.5,0,4,0.083,4,37.34,64.71,65.72,0.6632
SUB001673,0.778,12,93,3,165.7,4754.8,0,1,0.114,5,4.51,83.75,68.16,0.7359
SUB001674,0.557,8,147,4,190.2,5489.3,0,1,0.06,4,1.5,80.98,55.09,0.3199
SUB001675,0.802,6,241,7,161.1,1739.7,0,3,0.58,4,30.29,73.71,75.35,0.9087
SUB001676,0.709,8,97,3,188.2,2849.6,0,3,0.443,2,6.1,94.73,61.09,0.5049
SUB001677,0.267,4,218,12,183.2,3042.1,1,0,0.223,4,3.18,74.14,27.08,0.0135
SUB001678,0.601,16,93,4,,5714.8,0,3,0.431,5,12.29,43.22,54.03,0.2912
SUB001679,0.585,9,63,2,155.2,3351.3,0,1,0.359,3,11.52,68.27,52.28,0.2478
SUB001680,0.845,7,116,6,203.6,4189.4,1,0,0.41,2,5.86,66.91,76.69,0.9329
SUB001681,0.539,4,59,2,123.9,1874.7,0,1,0.247,2,50.47,48.67,48.53,0.1701
SUB001682,0.886,19,144,6,142.4,3505.2,0,3,0.36,5,15.24,78.08,63.98,0.6041
SUB001683,0.566,4,69,2,,3159.8,0,2,0.559,4,44.47,47.19,56.87,0.3692
SUB001684,0.71,11,136,5,178.5,4352.8,0,1,0.143,1,9.24,64.18,61.54,0.5178
SUB001685,0.884,8,157,7,185.5,4326.1,0,0,0.335,1,18.95,54.14,67.95,0.7293
SUB001686,0.798,8,209,6,40.6,7250.3,0,2,0.118,3,15.27,81.05,68.79,0.7536
SUB001687,0.755,9,63,2,110.2,5352.5,0,3,0.108,6,27.75,43.25,52.65,0.2565
SUB001688,0.764,7,88,3,186.1,1775.4,0,5,0.368,3,9.95,72.78,66.57,0.6887
SUB001689,0.66,9,100,3,138.4,6026.3,0,3,0.207,1,0.91,87.25,69.57,0.7773
SUB001690,0.775,10,139,5,153.3,6015.1,0,2,0.357,4,3.09,51.82,69.32,0.7681
SUB001691,0.75,12,108,4,210.8,4642.2,0,0,0.243,2,24.98,71.03,64.75,0.6325
SUB001692,0.404,11,76,3,146.5,5858.6,1,0,0.092,4,44.54,43.4,39.96,0.0638
SUB001693,0.677,6,93,3,161.1,6268.8,0,2,0.593,1,14.83,54.25,56.17,0.349
SUB001694,0.816,6,123,4,73.1,3886.3,1,1,0.123,4,45.69,53.22,57.83,0.4022
SUB001695,0.749,14,97,3,183.1,2655.4,1,4,0.251,4,59.8,99.33,60.87,0.4984
SUB001696,0.793,7,197,5,60.7,5832.3,0,2,0.479,2,61.44,54.48,70.01,0.7889
SUB001697,0.644,11,131,6,75.2,3431.7,0,1,0.245,4,1.44,57.16,62.81,0.564
SUB001698,0.621,15,76,2,134.8,4776.5,0,1,0.315,2,75.65,70.75,52.01,0.2405
SUB001699,0.721,9,112,3,179.9,3003.0,0,5,0.324,4,37.94,58.02,51.13,0.2226
SUB001700,0.759,6,143,9,141.1,6176.1,0,3,0.205,3,30.82,83.75,62.71,0.5605
SUB001701,0.831,6,127,4,90.6,3495.9,0,1,0.41,5,8.8,68.94,68.8,0.7538
SUB001702,0.767,8,95,3,196.6,4158.6,0,0,0.369,5,7.03,65.12,69.4,0.7713
SUB001703,0.852,8,105,4,163.1,4112.2,0,2,0.313,3,4.02,62.93,75.96,0.921
SUB001704,0.565,5,110,6,197.7,2425.6,0,1,0.37,3,29.53,51.72,52.17,0.2442
SUB001705,0.569,6,164,10,84.6,6439.3,0,1,0.057,1,7.78,86.05,53.22,0.2719
SUB001706,0.721,11,144,9,239.1,6647.7,0,3,0.11,4,12.6,77.39,62.66,0.5582
SUB001707,0.617,14,63,3,256.9,4099.8,1,0,0.186,2,26.32,95.43,40.39,0.0669
SUB001708,0.835,8,194,6,198.7,3830.7,0,3,0.371,1,24.87,82.94,74.39,0.8921
SUB001709,0.515,2,217,7,155.3,4734.0,0,2,0.388,2,17.63,60.46,41.35,0.075
SUB001710,0.711,11,98,4,182.8,3731.0,1,2,0.649,3,6.92,59.59,53.8,0.2852
SUB001711,0.85,4,136,5,151.8,4645.9,0,1,0.177,2,9.59,92.65,81.59,0.9763
SUB001712,0.873,5,278,9,52.6,4922.4,0,0,0.263,4,4.26,65.5,76.3,0.9266
SUB001713,0.87,8,114,3,108.1,3209.2,1,0,0.186,1,13.74,68.42,71.86,0.8402
SUB001714,0.569,15,123,3,158.8,6312.1,0,0,0.049,3,18.05,64.54,46.96,0.1412
SUB001715,0.67,12,148,5,94.2,4418.9,0,3,0.187,7,11.66,67.64,53.45,0.2775
SUB001716,0.606,12,184,8,242.1,7817.5,0,0,0.312,5,68.53,72.05,57.14,0.3766
SUB001717,0.669,8,55,1,174.0,4431.4,0,1,0.238,5,54.82,87.74,63.98,0.6041
SUB001718,0.774,5,113,3,241.9,,0,4,0.025,3,49.76,100.0,66.81,0.6958
SUB001719,0.884,14,183,5,209.4,4491.8,0,0,0.081,2,14.96,65.91,74.36,0.8917
SUB001720,0.854,5,150,5,51.2,4199.1,2,2,0.62,3,0.13,65.39,62.61,0.5565
SUB001721,0.898,10,131,6,228.4,4495.8,1,1,0.225,4,50.44,68.45,67.8,0.7241
SUB001722,0.856,10,123,5,123.0,4951.0,0,1,0.648,2,91.75,77.77,75.55,0.9132
SUB001723,0.754,5,180,8,216.9,3217.1,0,1,,7,29.89,64.27,62.82,0.5646
SUB001724,0.823,4,143,6,222.5,3183.0,0,0,0.387,1,7.35,44.83,62.46,0.5511
SUB001725,0.646,12,211,8,237.1,6225.3,0,5,0.33,4,22.15,45.16,51.3,0.2268
SUB001726,0.951,9,107,3,211.4,5304.0,0,2,0.5,2,3.63,92.14,89.31,0.9978
SUB001727,0.766,14,47,2,188.0,1872.4,0,0,0.265,3,44.05,59.57,64.21,0.611
SUB001728,0.855,10,171,7,149.4,5638.9,0,3,0.307,3,2.08,53.04,66.84,0.6968
SUB001729,0.909,10,103,3,263.1,5775.6,0,1,0.571,2,21.34,100.0,77.8,0.9452
SUB001730,0.881,3,117,5,145.3,4963.7,0,1,0.293,5,17.97,77.06,70.29,0.7963
SUB001731,0.533,9,126,8,123.9,2148.9,0,1,0.522,3,2.22,60.96,54.59,0.305
SUB001732,0.696,9,94,3,,2464.4,1,0,0.066,1,2.4,49.82,50.22,0.2032
SUB001733,0.748,10,68,3,218.9,4269.5,0,3,0.209,3,11.01,88.24,64.48,0.6219
SUB001734,0.467,9,167,8,213.7,7658.5,0,2,0.433,3,0.02,47.35,53.71,0.2829
SUB001735,0.625,8,34,1,78.8,3362.4,0,2,0.111,1,13.84,46.7,49.54,0.1892
SUB001736,0.833,8,245,13,208.8,6133.2,1,0,0.124,4,6.64,74.15,69.0,0.7602
SUB001737,0.816,7,118,5,182.4,3624.0,0,1,0.398,3,60.23,50.15,72.14,0.8467
SUB001738,0.463,12,47,2,135.3,6784.9,0,3,0.301,2,4.47,50.67,39.57,0.0612
SUB001739,0.665,26,176,4,148.5,4942.2,1,2,0.303,3,36.28,74.59,47.51,0.1506
SUB001740,0.86,5,55,3,220.8,2456.0,1,1,0.293,3,37.08,73.25,68.35,0.7405
SUB001741,0.507,6,93,3,229.7,3241.7,0,4,0.118,7,3.43,43.92,38.66,0.0571
SUB001742,0.686,12,220,8,250.2,3755.6,0,0,0.036,2,15.64,77.04,60.29,0.4825
SUB001743,0.859,8,139,4,65.5,4869.5,1,4,0.488,4,8.9,41.69,68.47,0.7448
SUB001744,0.737,7,131,5,128.4,3610.5,0,1,0.171,2,22.38,70.63,65.17,0.6463
SUB001745,0.731,4,138,4,135.4,3947.2,4,1,0.208,5,24.39,48.93,35.63,0.0394
SUB001746,0.83,6,81,2,228.1,7324.5,0,2,0.276,2,2.02,74.64,70.81,0.8107
SUB001747,0.923,5,43,2,183.5,3335.4,0,2,0.441,4,37.09,68.68,71.96,0.8428
SUB001748,0.791,4,141,4,118.6,4969.7,0,1,0.015,3,7.63,59.34,63.71,0.5952
SUB001749,0.61,13,134,6,168.7,4260.5,1,3,0.418,2,0.42,56.67,49.45,0.1872
SUB001750,0.645,9,110,3,189.8,4476.2,0,1,0.359,6,14.09,68.79,69.73,0.7809
SUB001751,0.532,25,195,6,239.9,5975.3,1,0,0.068,3,1.89,58.5,30.6,0.0214
SUB001752,0.631,10,157,5,250.8,1487.7,0,0,0.08,6,23.04,55.64,64.3,0.6148
SUB001753,0.901,5,73,3,222.4,4590.5,0,3,0.476,1,11.75,63.83,57.38,0.3853
SUB001754,0.818,10,100,3,224.8,3935.8,1,0,0.314,2,13.91,78.86,65.1,0.6435
SUB001755,0.543,11,92,4,107.1,4723.3,0,4,0.054,6,39.36,46.76,48.36,0.1655
SUB001756,0.877,7,82,3,98.8,4104.9,0,1,0.092,2,9.45,58.18,75.69,0.9158
SUB001757,0.863,11,185,6,93.6,4633.4,0,0,0.253,3,1.82,85.89,77.26,0.9395
SUB001758,0.565,11,99,4,178.4,4938.3,0,0,0.414,4,17.24,60.89,41.42,0.0757
SUB001759,0.641,6,158,6,109.8,3964.7,0,1,0.205,2,8.16,100.0,68.38,0.7418
SUB001760,0.583,12,142,6,191.7,7660.6,0,4,0.479,6,6.63,85.81,48.86,0.1763
SUB001761,0.976,10,72,2,194.4,2916.9,0,0,0.422,4,32.4,59.11,75.27,0.9072
SUB001762,0.675,9,185,8,161.8,7083.7,0,3,0.417,4,10.7,54.05,50.3,0.2048
SUB001763,0.71,9,114,4,201.4,2708.1,0,0,0.111,6,9.12,78.26,66.28,0.6812
SUB001764,0.716,5,100,3,98.1,4104.6,0,3,0.228,2,1.95,100.0,65.4,0.6531
SUB001765,0.803,16,64,4,81.1,4786.1,0,0,0.056,1,3.14,53.36,61.44,0.515
SUB001766,0.5,8,83,4,103.4,3015.8,1,0,0.598,4,16.7,91.94,45.14,0.1158
SUB001767,0.615,7,76,2,193.1,2877.3,0,1,0.239,1,10.09,83.22,60.39,0.4845
SUB001768,0.814,10,58,2,262.2,3868.7,1,1,,2,15.81,53.92,54.39,0.3001
SUB001769,0.68,23,138,6,279.6,6033.7,1,1,0.153,4,39.13,90.52,63.05,0.5731
SUB001770,0.642,12,78,5,146.0,4512.9,0,1,0.453,2,8.04,68.15,62.51,0.5531
SUB001771,0.831,8,121,4,203.7,7447.1,0,1,0.194,4,0.85,76.4,78.06,0.9485
SUB001772,0.921,10,177,5,68.9,5732.0,0,5,,1,21.11,67.61,74.09,0.8876
SUB001773,0.829,10,151,6,245.1,4069.0,0,1,0.149,2,16.12,42.06,66.65,0.6916
SUB001774,0.685,9,128,4,180.8,598.9,0,3,0.442,5,16.41,55.55,56.05,0.3461
SUB001775,0.788,5,49,2,184.8,1918.7,0,0,0.427,2,20.61,76.06,77.21,0.9387
SUB001776,0.884,12,58,2,43.7,3892.0,0,3,0.261,1,14.8,85.31,71.69,0.8362
SUB001777,0.542,2,90,5,156.3,2102.6,0,1,0.194,4,20.23,61.15,59.32,0.449
SUB001778,0.693,7,132,5,254.3,4371.1,0,1,0.375,3,2.23,59.6,62.89,0.5666
SUB001779,0.747,6,77,2,158.5,4720.0,0,1,0.382,5,23.48,87.7,77.73,0.9441
SUB001780,0.809,7,76,4,138.3,3941.0,2,0,0.326,3,15.31,99.4,63.46,0.587
SUB001781,0.923,14,174,6,149.5,4463.0,0,0,0.346,3,14.45,80.51,71.81,0.8388
SUB001782,0.652,7,105,5,100.6,,0,2,0.523,4,51.71,65.44,67.34,0.7106
SUB001783,0.856,8,59,2,152.3,4393.6,0,1,0.643,4,46.08,77.97,77.63,0.9432
SUB001784,0.723,20,133,9,109.9,4458.4,0,2,0.055,5,7.55,75.51,50.33,0.2058
SUB001785,0.768,7,68,2,171.0,2848.6,0,1,0.116,7,32.72,78.02,62.64,0.5573
SUB001786,0.77,8,132,3,213.6,4655.1,0,1,0.54,3,9.41,83.53,65.94,0.6701
SUB001787,0.555,9,98,5,124.2,3772.2,0,0,0.277,5,52.45,76.63,51.84,0.237
SUB001788,0.654,7,117,6,167.0,,0,2,0.217,3,26.51,97.56,64.39,0.6185
SUB001789,0.491,8,75,4,143.2,5229.0,0,1,,3,10.39,72.72,60.63,0.4913
SUB001790,0.802,9,96,3,173.7,6610.6,0,5,0.039,2,2.41,57.55,63.38,0.5845
SUB001791,0.845,7,91,5,198.6,4767.7,0,1,0.171,3,12.57,83.03,70.16,0.7933
SUB001792,0.693,4,79,2,159.9,6263.8,0,1,0.176,4,29.01,69.51,60.4,0.485
SUB001793,0.67,4,97,3,186.6,2983.9,1,1,0.154,3,14.89,75.78,56.33,0.3545
SUB001794,0.861,9,49,2,181.3,,1,1,0.133,2,60.81,80.73,67.81,0.7245
SUB001795,0.794,17,147,10,225.8,3431.2,1,0,0.233,3,30.28,84.19,53.51,0.2792
SUB001796,0.847,8,144,5,166.0,4060.6,1,2,0.405,3,8.27,42.81,62.71,0.5605
SUB001797,0.704,10,99,3,172.9,4557.4,0,0,0.305,3,15.55,76.31,67.88,0.7261
SUB001798,0.855,14,101,4,206.5,3069.2,0,0,0.275,3,41.56,58.98,65.31,0.6504
SUB001799,0.791,11,96,3,151.7,2286.8,0,0,0.464,2,9.27,67.52,80.62,0.9707
SUB001800,0.689,9,147,5,177.0,6210.5,0,1,0.179,5,20.95,34.59,75.53,0.9122
SUB001801,0.635,8,89,2,93.5,1924.1,1,3,0.119,2,0.64,80.16,56.7,0.3646
SUB001802,0.757,6,161,7,32.2,7340.1,1,1,,2,26.02,80.51,54.69,0.3075
SUB001803,0.702,12,65,2,164.5,3101.5,0,2,,4,7.15,83.79,65.54,0.6567
SUB001804,0.653,14,161,7,117.0,5654.8,0,1,0.407,4,28.63,71.58,63.9,0.6005
SUB001805,0.887,2,44,2,244.8,5157.6,0,1,0.132,4,16.42,53.3,66.79,0.6952
SUB001806,0.817,12,94,3,110.9,2811.6,1,0,0.112,5,8.59,42.93,57.78,0.4008
SUB001807,0.849,11,148,6,201.7,5430.2,0,0,0.311,4,4.72,83.09,68.73,0.7513
SUB001808,0.341,7,158,9,101.1,5047.5,0,1,0.311,4,15.47,80.49,41.86,0.079
SUB001809,0.837,6,66,3,139.3,5276.9,2,0,0.631,2,3.05,68.87,56.63,0.3627
SUB001810,0.707,11,135,7,88.7,6489.4,1,0,0.096,3,40.88,66.78,54.04,0.2916
SUB001811,0.818,4,129,5,62.1,5865.5,0,1,0.377,3,8.92,83.09,75.54,0.9128
SUB001812,0.427,8,138,9,163.8,3387.4,0,1,0.172,1,7.96,49.89,41.37,0.0752
SUB001813,0.627,10,265,10,128.8,5121.0,0,4,0.49,6,14.97,62.08,61.91,0.5293
SUB001814,0.723,15,277,11,212.2,4149.0,1,5,0.489,1,9.49,88.67,47.54,0.1512
SUB001815,0.729,18,177,12,251.5,4021.3,1,2,0.718,2,2.11,45.4,59.65,0.4607
SUB001816,0.72,5,78,3,42.0,5121.9,0,3,0.411,1,11.35,80.2,67.11,0.7053
SUB001817,0.869,10,92,4,215.6,5367.6,0,1,0.492,1,0.52,53.6,73.96,0.8848
SUB001818,0.658,9,118,4,89.3,5463.1,0,4,0.378,1,31.72,59.8,55.95,0.3438
SUB001819,0.721,11,95,3,133.0,4906.7,0,1,0.222,5,0.61,65.41,63.58,0.5913
SUB001820,0.579,8,78,2,59.9,5050.9,0,2,0.388,3,2.1,72.73,61.63,0.521
SUB001821,0.794,12,159,6,73.7,4112.9,0,3,0.104,2,1.91,69.12,58.47,0.4211
SUB001822,0.827,10,66,2,33.3,6356.7,0,0,0.032,4,11.07,75.53,69.33,0.7687
SUB001823,0.792,7,45,2,116.7,5227.1,1,1,0.351,5,14.0,78.45,60.36,0.4839
SUB001824,0.789,12,144,6,159.7,4688.5,0,2,0.434,4,13.88,54.84,68.09,0.7334
SUB001825,0.828,8,142,6,121.7,6399.4,0,3,,1,9.47,63.9,67.96,0.7297
SUB001826,0.761,9,59,3,39.6,3522.2,0,2,0.328,4,11.73,64.09,70.36,0.7985
SUB001827,0.873,6,59,2,20.6,4474.4,0,1,0.315,3,19.81,83.12,65.64,0.6597
SUB001828,0.616,8,108,7,144.6,5882.3,0,0,0.445,2,0.14,63.01,60.05,0.4723
SUB001829,0.509,15,122,5,212.3,2782.9,1,2,0.229,5,40.52,48.72,40.93,0.0715
SUB001830,0.684,7,96,5,155.9,7814.0,1,1,0.359,4,32.28,61.16,51.16,0.2236
SUB001831,0.925,18,88,5,,3556.7,1,1,0.021,5,83.2,83.58,52.47,0.2519
SUB001832,0.508,9,105,5,144.7,3846.2,0,3,0.042,3,70.47,73.69,53.58,0.2805
SUB001833,0.953,10,140,5,168.9,4730.2,0,0,0.277,3,29.34,75.22,76.57,0.9312
SUB001834,0.603,6,60,2,136.7,5410.0,0,3,0.218,3,8.39,51.43,48.69,0.1727
SUB001835,0.718,12,115,3,109.1,5828.4,0,1,0.207,2,56.81,88.9,65.5,0.6558
SUB001836,0.69,4,78,2,122.1,6638.7,0,1,0.235,1,13.63,76.08,59.08,0.4406
SUB001837,0.84,8,250,7,194.3,5154.2,1,3,0.627,4,9.7,74.13,61.8,0.526
SUB001838,0.816,6,117,4,190.7,5080.1,1,2,0.495,2,0.53,62.87,63.34,0.5826
SUB001839,0.684,5,190,9,156.5,2642.7,0,0,0.627,2,21.41,90.31,66.15,0.6766
SUB001840,0.888,11,137,4,247.9,3078.8,0,0,,3,9.23,46.25,86.2,0.9943
SUB001841,0.934,8,218,8,171.4,4953.0,1,0,0.162,4,0.27,44.47,71.04,0.8173
SUB001842,0.831,9,106,3,166.6,5066.8,0,0,0.21,2,35.78,58.85,65.65,0.6599
SUB001843,0.721,6,112,7,228.1,4490.8,0,2,0.177,4,68.15,63.05,69.42,0.772
SUB001844,0.767,13,100,4,116.1,5286.4,0,0,0.135,3,46.57,68.05,64.38,0.618
SUB001845,0.668,10,82,3,235.7,4324.8,0,2,,4,8.6,73.41,70.9,0.8129
SUB001846,0.6,16,62,3,109.6,3959.1,0,1,0.506,1,1.36,83.48,51.62,0.2328
SUB001847,0.507,7,122,4,125.0,8210.4,0,1,0.181,5,2.37,68.75,47.6,0.1525
SUB001848,0.689,7,156,4,30.8,4385.2,0,3,0.227,3,27.6,61.09,50.13,0.2013
SUB001849,0.638,11,60,2,168.1,5818.7,0,2,0.275,2,6.07,64.51,54.92,0.3161
SUB001850,0.861,17,104,3,250.5,2561.4,0,0,0.229,3,32.18,79.71,90.49,0.9988
SUB001851,0.863,7,90,3,84.7,4634.9,1,1,0.197,3,8.74,60.11,63.71,0.5952
SUB001852,0.692,3,187,5,112.0,3923.2,0,3,0.135,4,7.53,66.67,61.77,0.525
SUB001853,0.632,5,71,2,121.7,7325.0,0,0,0.136,1,20.9,60.29,55.17,0.3225
SUB001854,0.641,15,110,3,152.1,3713.6,0,3,0.124,2,1.15,76.69,52.76,0.2602
SUB001855,0.979,8,145,7,81.1,4678.6,0,5,0.091,4,28.98,77.31,72.39,0.8515
SUB001856,0.571,19,77,2,179.3,3149.8,1,5,0.47,2,46.81,82.87,46.55,0.136
SUB001857,0.863,5,110,4,229.2,3224.5,0,2,0.492,1,69.06,66.36,71.27,0.8242
SUB001858,0.659,11,159,7,122.9,4680.7,0,1,0.494,2,25.95,67.5,69.54,0.7764
SUB001859,0.885,11,77,3,166.8,4928.8,0,3,0.167,2,59.9,51.65,64.63,0.6287
SUB001860,0.49,4,138,4,145.3,6276.4,0,1,0.362,3,63.0,44.1,50.67,0.2128
SUB001861,0.688,5,55,2,111.3,3406.4,1,2,0.599,4,34.89,62.47,55.81,0.3412
SUB001862,0.839,8,103,5,160.7,3621.3,1,1,0.561,2,37.35,64.67,70.01,0.7889
SUB001863,0.625,11,169,7,130.1,6772.7,2,0,0.094,4,7.84,65.52,48.05,0.1607
SUB001864,0.721,10,141,4,175.1,7095.8,0,4,0.1,5,10.67,83.33,68.48,0.7453
SUB001865,0.474,8,173,5,139.8,4738.8,0,1,0.447,2,3.15,48.99,57.44,0.3876
SUB001866,0.462,8,36,2,,4878.5,0,3,0.512,5,1.6,44.28,48.53,0.1701
SUB001867,0.803,3,40,1,21.1,6704.4,0,3,0.41,2,1.62,42.35,63.46,0.587
SUB001868,0.803,6,105,3,9.7,8498.2,0,1,0.335,3,26.83,61.96,67.5,0.7153
SUB001869,0.79,4,80,4,107.4,5028.3,0,0,0.348,1,7.62,91.74,67.94,0.7288
SUB001870,0.791,10,107,5,199.8,5665.0,0,0,0.564,4,20.84,86.23,72.58,0.8568
SUB001871,0.87,5,162,6,91.2,5009.3,0,3,0.027,3,23.35,83.75,76.22,0.9255
SUB001872,0.795,15,197,6,150.2,2764.8,0,2,,3,60.2,59.73,71.41,0.8274
SUB001873,0.786,9,234,6,107.8,5689.8,1,1,0.271,2,0.16,50.42,69.93,0.7864
SUB001874,0.571,6,91,2,87.9,6511.8,0,3,0.554,2,53.89,74.93,50.63,0.2121
SUB001875,0.751,14,52,2,294.2,3130.3,0,0,0.271,1,26.61,93.71,72.49,0.8544
SUB001876,0.49,26,47,2,150.1,1453.3,1,2,0.425,1,2.44,65.29,20.17,0.004
SUB001877,0.566,5,65,4,53.9,5211.3,1,1,0.249,4,5.04,55.52,51.22,0.2248
SUB001878,0.529,5,155,5,81.3,2140.6,0,2,0.116,2,63.91,60.69,49.04,0.1795
SUB001879,0.425,6,131,5,142.5,2296.9,0,2,0.249,3,15.07,62.25,49.34,0.1851
SUB001880,0.729,14,198,6,127.6,2538.2,1,2,0.115,5,19.03,94.64,62.52,0.5536
SUB001881,0.779,19,134,3,194.2,1665.7,0,4,0.655,2,1.88,66.66,59.97,0.47
SUB001882,0.428,4,106,6,88.2,6116.1,1,3,0.302,2,20.07,85.24,28.93,0.0173
SUB001883,0.641,28,91,4,168.7,4662.5,0,2,0.157,2,9.73,78.08,40.22,0.0653
SUB001884,0.701,12,186,6,113.6,8015.0,0,2,0.18,3,21.49,76.87,68.74,0.752
SUB001885,0.526,7,40,2,135.5,5302.0,0,1,0.12,3,6.02,86.19,55.22,0.3247
SUB001886,0.848,11,67,3,195.8,7427.2,1,0,0.16,4,12.96,87.38,60.56,0.4897
SUB001887,0.907,14,143,5,,3749.0,0,3,0.51,3,25.33,64.34,74.84,0.9012
SUB001888,0.679,6,95,6,222.5,5018.6,1,3,0.123,4,3.9,51.35,55.62,0.3368
SUB001889,0.727,14,153,6,83.2,2853.8,0,1,0.739,5,24.36,64.63,83.37,0.985
SUB001890,0.722,9,147,4,84.6,4319.0,0,1,0.043,1,40.86,61.91,55.35,0.3292
SUB001891,0.591,4,140,5,76.9,6851.9,0,2,0.65,4,2.66,88.67,61.17,0.5072
SUB001892,0.608,12,137,8,155.8,4624.2,1,3,0.167,6,3.09,74.72,43.68,0.0997
SUB001893,0.333,17,159,4,106.4,4442.8,2,0,0.157,2,39.59,43.34,25.04,0.0092
SUB001894,0.866,11,159,8,111.7,4761.8,1,4,0.49,4,36.59,56.3,60.24,0.4804
SUB001895,0.793,5,111,5,176.1,4770.3,0,2,0.153,1,19.01,60.29,62.23,0.5404
SUB001896,0.947,11,100,3,217.2,4717.2,0,5,0.23,1,6.75,80.35,74.13,0.8882
SUB001897,0.622,10,127,4,191.6,6634.6,1,2,0.154,4,19.73,60.2,47.15,0.1445
SUB001898,0.61,11,176,8,172.2,3798.4,1,1,0.439,2,42.14,84.26,62.98,0.5708
SUB001899,0.781,4,80,3,92.2,4089.9,0,1,0.157,4,0.75,50.83,77.76,0.9445
SUB001900,0.528,4,103,4,133.3,4661.9,2,3,0.248,3,21.21,38.84,30.81,0.0223
SUB001901,0.861,7,89,2,209.4,3089.8,0,3,0.062,2,5.02,70.75,72.38,0.8509
SUB001902,0.764,13,74,3,198.7,3699.9,2,1,0.168,6,1.85,40.74,57.34,0.3835
SUB001903,0.591,12,92,3,,5609.6,0,1,0.057,2,29.93,64.31,51.72,0.2341
SUB001904,0.604,13,64,3,216.0,3083.8,1,1,0.282,4,5.89,70.94,55.28,0.3265
SUB001905,0.631,11,60,3,133.3,8460.7,1,3,,2,0.24,83.85,60.65,0.4918
SUB001906,0.631,12,206,13,194.0,7484.9,2,0,0.195,3,2.85,79.59,44.36,0.1064
SUB001907,0.449,10,71,2,127.2,4620.4,0,1,0.567,3,0.38,50.23,47.36,0.1485
SUB001908,0.974,8,140,5,179.7,5563.4,0,1,0.265,2,25.94,52.33,76.15,0.9238
SUB001909,0.568,12,234,10,,6325.8,0,0,0.14,6,51.03,49.02,53.95,0.2888
SUB001910,0.751,5,170,8,228.2,5690.0,0,2,0.291,2,1.84,59.21,61.56,0.5182
SUB001911,0.624,6,137,5,173.7,4828.1,0,0,0.129,2,17.04,88.01,71.97,0.8432
SUB001912,0.466,5,147,8,158.6,8862.8,0,0,0.198,6,36.88,100.0,52.88,0.2636
SUB001913,0.347,10,90,2,233.3,3372.5,0,0,0.26,4,18.78,71.91,41.67,0.0775
SUB001914,0.887,5,172,5,83.1,4279.5,0,4,0.251,2,6.29,65.78,73.27,0.8727
SUB001915,0.71,3,214,7,215.8,,2,1,0.081,4,2.93,63.18,46.02,0.1283
SUB001916,0.568,4,97,3,139.8,5452.5,1,0,0.057,4,13.2,56.97,43.55,0.0972
SUB001917,0.818,17,59,2,179.3,7312.7,1,1,0.44,4,112.13,38.73,61.32,0.5111
SUB001918,0.874,10,156,6,122.9,4777.5,0,0,0.253,6,5.97,87.48,64.97,0.6402
SUB001919,0.569,14,263,9,91.6,6182.8,1,2,0.267,3,16.4,75.07,46.11,0.1301
SUB001920,0.655,4,74,4,220.3,4948.4,1,0,0.017,5,12.89,63.49,46.45,0.1344
SUB001921,0.817,11,39,2,177.2,4071.0,1,0,0.091,3,17.19,74.72,66.32,0.6824
SUB001922,0.772,5,103,4,112.8,6377.6,1,0,0.391,5,62.03,73.59,62.3,0.5434
SUB001923,0.775,11,87,5,174.0,5077.6,1,2,0.355,4,18.77,83.73,60.37,0.4842
SUB001924,0.888,3,120,3,108.8,6083.0,2,0,,3,5.35,73.1,54.84,0.3136
SUB001925,0.42,13,82,4,56.7,3970.3,1,2,0.15,2,43.56,65.96,37.12,0.0465
SUB001926,0.543,12,102,4,145.3,3699.0,0,0,0.122,5,0.77,69.13,52.09,0.2422
SUB001927,0.237,9,72,3,62.6,3845.2,1,1,0.19,3,29.35,56.27,20.62,0.0043
SUB001928,0.933,16,47,2,182.3,4683.4,1,2,0.071,2,10.82,53.06,52.24,0.246
SUB001929,0.862,13,107,5,254.2,6211.5,1,2,0.051,2,5.85,80.25,69.95,0.7874
SUB001930,0.711,6,144,5,99.5,7865.1,0,1,0.088,2,17.1,96.71,61.7,0.5231
SUB001931,0.704,5,65,4,182.5,4587.5,1,1,0.465,3,6.0,54.46,56.86,0.3688
SUB001932,0.803,24,244,12,153.6,8014.9,0,0,0.758,2,13.57,44.01,72.55,0.856
SUB001933,0.916,6,134,9,136.8,5609.3,1,2,0.333,2,18.16,45.58,62.32,0.5445
SUB001934,0.755,8,90,3,91.3,3447.4,0,5,0.424,3,0.96,59.79,62.66,0.5582
SUB001935,0.674,6,183,5,175.2,5093.4,1,2,0.335,4,11.23,57.18,60.01,0.4709
SUB001936,0.693,12,159,5,236.8,5948.9,0,1,0.4,4,22.31,81.34,65.45,0.6543
SUB001937,0.781,6,141,6,149.5,5974.9,1,2,0.079,2,30.99,85.43,59.31,0.4487
SUB001938,0.579,9,118,4,179.1,3870.6,1,0,0.326,5,24.97,93.73,55.7,0.3388
SUB001939,0.511,11,91,2,185.0,3920.9,1,2,0.151,2,13.62,88.62,47.98,0.1591
SUB001940,0.809,7,128,5,126.1,4137.2,1,1,0.29,5,25.26,76.83,62.05,0.534
SUB001941,0.792,11,118,3,231.4,4293.6,0,3,0.121,5,34.59,52.02,66.3,0.6817
SUB001942,0.4,18,179,5,142.9,5353.1,0,1,0.241,2,42.45,72.15,47.32,0.1476
SUB001943,0.83,10,137,7,55.7,7517.1,0,2,0.089,5,35.51,57.78,64.61,0.6278
SUB001944,0.632,12,98,4,100.7,3858.3,1,1,0.3,7,19.83,34.75,55.27,0.326
SUB001945,0.77,7,97,3,177.9,2025.6,0,0,0.241,4,26.19,67.57,80.84,0.9727
SUB001946,0.482,7,81,4,117.8,1849.1,1,1,0.142,3,0.99,60.16,40.7,0.0698
SUB001947,0.428,5,121,7,140.6,5830.2,0,1,0.18,4,17.8,50.03,45.91,0.1265
SUB001948,0.716,9,93,4,132.7,3647.3,1,1,0.15,5,51.93,60.42,50.27,0.2042
SUB001949,0.514,14,67,4,172.9,4739.4,0,2,0.391,2,1.63,96.85,49.76,0.1939
SUB001950,0.398,12,153,8,221.6,,1,0,0.332,3,2.06,83.22,30.6,0.0214
SUB001951,0.605,7,89,3,232.5,4222.7,0,1,0.123,5,41.11,95.96,55.11,0.3208
SUB001952,0.764,8,100,3,85.8,4012.4,0,1,,6,11.1,70.05,72.78,0.8622
SUB001953,0.38,18,194,10,229.9,3939.8,0,1,0.319,3,55.9,43.21,47.08,0.1436
SUB001954,0.915,11,162,4,164.8,6664.5,1,0,0.267,3,6.68,41.04,80.41,0.9685
SUB001955,0.851,13,136,3,85.6,6644.8,0,0,0.097,4,39.82,48.28,64.42,0.6195
SUB001956,0.575,13,120,5,188.7,5559.7,1,1,0.108,4,1.48,100.0,48.16,0.1622
SUB001957,0.763,7,212,5,251.9,8125.8,0,1,0.48,3,4.71,70.86,58.74,0.4302
SUB001958,0.612,7,101,3,96.7,2531.6,1,0,0.355,3,2.39,72.46,60.81,0.4959
SUB001959,0.681,7,82,5,127.3,4093.6,0,1,0.446,1,27.72,67.95,75.06,0.9045
SUB001960,0.582,7,179,10,44.6,4371.3,1,4,0.349,2,1.63,74.48,41.95,0.0803
SUB001961,0.689,16,136,5,161.0,5744.1,0,0,0.236,3,18.37,50.67,71.71,0.8366
SUB001962,0.844,8,75,2,153.6,2484.1,0,3,0.762,4,4.79,62.37,74.74,0.8996
SUB001963,0.761,15,136,8,283.4,5681.1,0,1,0.409,2,4.42,39.48,68.99,0.7599
SUB001964,0.562,8,60,2,87.9,2135.6,0,0,0.463,2,0.11,73.47,52.42,0.2509
SUB001965,0.673,9,164,5,204.8,5941.8,0,3,0.349,2,0.73,75.7,64.37,0.6173
SUB001966,0.945,4,122,3,150.0,6342.3,0,0,0.316,6,53.17,56.52,84.43,0.9892
SUB001967,0.466,7,129,3,275.0,2947.1,1,0,0.311,1,15.11,37.19,32.47,0.0272
SUB001968,0.786,17,132,7,181.5,4109.3,1,0,0.217,4,27.54,62.9,60.48,0.4867
SUB001969,0.527,16,135,8,164.9,6460.4,0,1,0.32,7,43.35,81.85,51.91,0.2381
SUB001970,0.779,7,109,5,191.8,6632.8,0,2,0.061,3,30.76,48.18,63.67,0.5938
SUB001971,0.563,3,113,5,158.3,2423.5,0,0,0.272,4,8.43,53.24,64.62,0.6282
SUB001972,0.623,6,92,3,194.1,5024.9,0,2,0.228,3,1.83,66.68,57.52,0.391
SUB001973,0.627,7,120,4,174.7,5580.4,1,2,0.328,4,26.74,69.04,57.23,0.3797
SUB001974,0.426,7,109,3,52.5,,0,1,0.177,3,14.53,76.07,54.49,0.302
SUB001975,0.961,7,116,5,172.3,6734.1,1,2,0.303,3,11.9,89.94,61.0,0.5022
SUB001976,0.702,9,65,3,176.9,3504.6,0,0,0.351,6,31.6,55.08,63.62,0.5923
SUB001977,0.967,5,86,4,,3807.7,0,3,0.74,4,37.24,50.72,75.8,0.9179
SUB001978,0.786,8,44,2,161.4,3231.2,0,2,0.415,6,50.94,60.52,64.56,0.6258
SUB001979,0.655,10,104,3,39.8,4888.3,1,1,0.487,3,15.77,51.52,52.12,0.243
SUB001980,0.753,7,71,2,156.3,3952.1,1,2,0.502,3,65.32,54.55,57.74,0.3998
SUB001981,0.56,9,53,2,188.1,5573.4,1,1,0.22,3,3.41,65.78,38.12,0.0539
SUB001982,0.624,18,120,3,231.6,4078.7,0,2,0.321,4,3.83,57.85,48.44,0.1676
SUB001983,0.946,12,74,5,198.0,4121.3,2,1,0.194,3,9.46,84.36,58.04,0.4079
SUB001984,0.792,11,86,4,99.8,4809.3,0,1,0.436,2,5.79,49.13,64.46,0.6211
SUB001985,0.77,7,128,4,53.1,3473.8,0,0,0.135,4,19.07,66.16,70.95,0.814
SUB001986,0.528,7,151,6,197.5,6359.3,0,2,0.465,4,4.27,45.01,60.94,0.4999
SUB001987,0.794,9,93,5,171.3,5573.4,0,1,0.371,1,9.34,72.25,72.45,0.8538
SUB001988,0.806,11,164,10,182.6,5879.5,0,4,0.16,2,5.11,72.01,67.31,0.7099
SUB001989,0.593,10,181,5,250.9,3454.4,0,3,0.616,1,16.97,97.31,54.92,0.3161
SUB001990,0.867,9,107,3,50.6,6933.8,0,4,0.429,4,2.31,83.09,65.99,0.6719
SUB001991,0.76,13,107,5,267.2,1838.0,0,0,0.205,4,38.0,43.34,64.51,0.6232
SUB001992,0.802,11,84,3,119.3,5611.3,1,3,0.291,6,24.62,75.85,59.66,0.4612
SUB001993,0.841,12,117,6,205.5,4876.2,0,1,0.413,2,0.32,65.09,75.99,0.9218
SUB001994,0.823,6,151,8,137.2,5838.0,2,0,0.251,3,46.02,76.24,62.28,0.5422
SUB001995,0.797,5,175,7,114.3,4634.3,1,1,0.457,2,9.04,56.37,66.48,0.6859
SUB001996,0.942,17,75,3,,4584.5,0,4,0.733,3,3.62,80.56,84.57,0.9897
SUB001997,0.913,3,109,3,88.7,5677.6,0,3,0.234,3,19.64,67.28,72.14,0.8467
SUB001998,0.779,5,140,9,163.0,4781.8,1,0,0.022,6,15.7,59.31,62.96,0.5699
SUB001999,0.677,7,54,2,162.3,4676.8,0,3,0.183,2,5.32,51.97,67.12,0.7058
SUB002000,0.888,15,31,1,222.1,4610.5,0,2,0.278,4,21.19,48.4,70.18,0.7938
SUB002001,0.587,5,108,7,93.5,7915.2,2,1,0.147,3,7.17,54.96,42.36,0.0842
SUB002002,0.79,4,76,3,176.8,2067.8,1,3,,9,6.32,61.67,51.06,0.2211
SUB002003,0.734,6,72,3,142.0,6388.8,1,2,0.356,2,48.91,81.41,52.05,0.2419
SUB002004,0.816,7,78,4,179.0,5153.4,1,2,0.227,5,11.93,86.8,66.99,0.7012
SUB002005,0.833,9,78,4,177.8,4967.1,0,1,0.387,3,32.8,50.89,72.39,0.8515
SUB002006,0.403,11,127,4,124.7,2811.5,1,2,0.166,1,17.0,60.64,35.02,0.0368
SUB002007,0.462,13,43,2,174.1,6028.3,0,0,0.155,2,32.14,53.87,47.76,0.1557
SUB002008,0.733,4,123,8,159.7,2999.1,1,2,0.582,2,0.91,46.43,55.89,0.3427
SUB002009,0.559,3,96,4,176.2,6773.2,0,3,0.512,1,12.83,70.02,49.17,0.1816
SUB002010,0.921,9,62,2,237.3,3578.5,0,3,0.164,4,6.09,84.21,73.53,0.8766
SUB002011,0.859,5,136,4,96.9,6973.1,0,1,0.079,2,53.63,80.25,67.77,0.7232
SUB002012,0.393,7,126,3,71.0,3649.8,0,1,0.169,4,3.36,69.78,41.94,0.0801
SUB002013,0.767,8,81,2,221.2,3088.3,0,0,0.371,3,14.2,71.41,81.52,0.9758
SUB002014,0.417,7,47,2,63.8,4171.3,0,0,0.39,4,30.14,59.97,56.9,0.37
SUB002015,0.947,3,133,8,191.0,3632.5,0,0,0.185,2,2.06,68.8,74.39,0.8921
SUB002016,0.615,9,170,6,92.4,4576.1,0,1,0.645,2,15.16,52.73,67.86,0.7251
SUB002017,0.836,20,45,2,142.2,6835.0,0,1,0.398,4,15.02,93.0,63.07,0.5738
SUB002018,0.917,8,72,3,139.3,3609.9,0,3,0.522,3,15.28,91.38,81.04,0.9742
SUB002019,0.762,22,42,1,98.9,4551.2,1,0,0.123,4,10.39,58.02,55.43,0.3319
SUB002020,0.868,3,145,7,70.8,7192.5,0,3,0.399,1,1.51,77.29,58.12,0.4109
SUB002021,0.967,6,102,3,37.6,4947.5,0,0,0.386,1,84.34,72.57,79.74,0.9638
SUB002022,0.899,19,92,3,217.2,6228.6,0,1,0.22,2,32.23,75.72,69.31,0.7677
SUB002023,0.889,6,141,4,137.3,5619.4,2,0,0.228,3,19.45,58.94,58.72,0.4297
SUB002024,0.86,10,87,3,150.9,6013.3,0,1,0.219,4,8.75,45.16,67.54,0.7168
SUB002025,0.672,9,142,4,143.3,4688.8,0,2,0.015,2,0.29,85.6,57.53,0.3912
SUB002026,0.894,7,67,2,139.9,5287.1,1,1,0.4,1,5.48,84.7,68.88,0.7558
SUB002027,0.898,13,108,6,130.1,7331.5,0,1,0.134,1,7.54,64.13,65.67,0.6606
SUB002028,0.857,9,152,6,204.4,4343.0,0,2,0.299,2,18.84,40.12,68.42,0.7431
SUB002029,0.697,12,57,2,50.2,4991.6,0,1,0.161,4,11.18,50.08,54.76,0.31
SUB002030,0.718,19,78,2,90.4,3451.0,0,2,0.35,3,3.43,76.54,59.59,0.458
SUB002031,0.825,13,92,3,240.5,6094.0,0,0,0.487,3,34.76,67.09,64.78,0.6337
SUB002032,0.613,5,204,10,151.0,2593.0,0,1,0.276,3,6.36,57.37,50.49,0.2093
SUB002033,0.549,24,121,4,70.5,4238.8,0,0,0.147,3,51.98,64.45,53.85,0.2863
SUB002034,0.91,11,63,2,172.2,5902.5,0,0,,4,25.5,59.85,83.89,0.9873
SUB002035,0.85,8,217,13,48.6,4934.0,1,3,0.443,3,87.12,91.81,73.92,0.8842
SUB002036,0.288,5,196,6,213.0,,0,2,0.363,2,37.81,38.81,41.76,0.078
SUB002037,0.91,9,117,4,202.2,3506.4,0,4,0.074,4,5.89,78.72,73.76,0.8817
SUB002038,0.723,6,242,11,263.8,4260.5,1,0,0.268,2,90.12,63.72,74.94,0.9027
SUB002039,0.861,4,84,4,114.1,6857.0,0,2,0.099,3,5.41,74.64,58.17,0.4132
SUB002040,0.682,5,97,3,62.0,5746.9,1,2,0.173,2,22.19,66.92,56.76,0.3662
SUB002041,0.788,4,73,4,99.6,5780.0,0,0,0.547,7,23.11,77.72,80.09,0.9658
SUB002042,0.782,3,142,6,97.9,2938.3,1,0,0.287,3,115.03,78.84,57.15,0.3775
SUB002043,0.709,7,226,7,164.1,5210.6,1,4,0.099,6,4.34,47.72,47.64,0.1538
SUB002044,0.799,8,161,8,34.1,7213.5,1,3,0.178,3,2.04,70.98,53.7,0.2825
SUB002045,0.559,10,75,4,149.7,5793.1,0,1,0.273,3,2.24,56.17,48.22,0.1632
SUB002046,0.597,24,86,2,131.1,3742.1,1,1,0.056,2,21.34,40.73,27.12,0.0137
SUB002047,0.78,11,153,5,122.2,6017.5,0,3,0.411,2,2.0,82.91,69.3,0.7673
SUB002048,0.646,7,74,3,224.0,2517.3,0,0,0.247,4,11.16,95.01,68.69,0.7497
SUB002049,0.797,7,107,6,201.2,3322.8,0,0,0.441,3,23.04,65.29,73.85,0.8829
SUB002050,0.929,9,55,4,190.8,1523.8,0,1,0.181,1,13.63,51.24,72.43,0.8532
SUB002051,0.487,5,96,3,173.2,4385.1,0,2,0.438,4,0.12,83.13,52.36,0.2492
SUB002052,0.865,12,117,5,140.1,5608.6,1,2,0.456,4,82.9,52.94,65.1,0.6435
SUB002053,0.74,7,119,6,138.1,3222.8,1,1,0.473,5,24.95,42.29,68.3,0.7395
SUB002054,0.786,13,135,4,64.6,4610.6,1,0,0.268,2,0.05,49.98,58.87,0.4345
SUB002055,0.909,9,190,6,73.0,3764.2,1,2,0.717,3,21.34,99.95,78.21,0.9497
SUB002056,0.749,8,165,5,151.6,4011.3,2,1,0.132,5,6.44,86.42,74.08,0.8872
SUB002057,0.878,14,159,5,94.8,,0,1,0.247,1,5.17,80.97,72.79,0.8628
SUB002058,0.896,4,150,4,173.4,6685.0,0,2,0.325,3,9.48,61.53,63.37,0.5837
SUB002059,0.718,10,120,5,147.0,3636.4,1,4,0.646,3,25.6,47.31,71.62,0.8329
SUB002060,0.757,4,108,6,114.1,4239.1,0,0,0.437,3,13.22,59.48,62.29,0.5428
SUB002061,0.56,17,168,11,134.6,4125.2,0,2,0.243,1,29.52,70.82,56.34,0.3548
SUB002062,0.539,9,152,10,174.0,5305.9,0,1,0.305,4,2.07,92.16,60.79,0.4952
SUB002063,0.626,8,82,2,184.7,8218.8,0,0,0.247,3,3.89,65.59,58.0,0.4064
SUB002064,0.79,13,140,5,106.2,8952.4,0,3,0.249,3,50.88,69.47,58.74,0.4302
SUB002065,0.506,7,121,7,109.5,4350.0,1,3,0.045,2,38.74,51.29,50.21,0.203
SUB002066,0.82,8,131,7,132.7,5355.3,1,1,0.023,2,1.77,49.6,59.13,0.4418
SUB002067,0.905,5,178,5,154.3,6407.6,1,2,0.525,2,19.11,42.57,60.54,0.4889
SUB002068,0.704,7,84,3,159.5,6379.0,0,2,0.599,2,7.96,28.04,69.2,0.7651
SUB002069,0.597,11,81,2,146.9,5434.9,0,0,0.107,4,15.46,72.65,60.16,0.4776
SUB002070,0.806,8,125,3,186.5,6360.6,0,2,0.095,1,11.65,100.0,57.15,0.3775
SUB002071,0.749,6,87,3,129.9,5130.5,0,2,0.201,2,102.85,88.32,70.46,0.8013
SUB002072,0.841,15,60,3,81.2,3432.7,0,2,0.174,1,57.8,75.94,68.14,0.7354
SUB002073,0.881,14,70,2,242.2,6076.3,0,3,0.485,3,20.69,81.56,76.57,0.9312
SUB002074,0.875,22,243,8,244.8,5500.3,2,1,0.616,2,7.12,69.85,70.13,0.7921
SUB002075,0.679,6,117,3,55.4,5164.7,0,3,0.354,3,2.71,76.75,54.85,0.314
SUB002076,0.62,14,141,7,172.7,2750.7,0,1,0.234,4,21.9,80.63,58.58,0.4237
SUB002077,0.677,11,104,3,231.0,,0,0,0.211,7,9.65,68.73,61.14,0.5064
SUB002078,0.508,10,171,6,131.7,4357.1,1,0,0.625,2,30.1,39.08,54.87,0.3148
SUB002079,0.854,18,44,2,220.3,5089.9,0,1,0.235,1,4.32,83.03,63.17,0.5768
SUB002080,0.5,10,203,9,216.6,7787.6,1,1,,4,3.77,56.53,48.73,0.1736
SUB002081,0.819,6,116,7,154.1,5827.6,0,1,0.466,5,8.89,56.14,78.98,0.9568
SUB002082,0.773,7,87,2,269.6,4240.1,1,0,0.675,2,33.88,63.72,78.13,0.9491
SUB002083,0.635,4,191,11,171.0,3551.6,1,0,0.203,3,20.97,68.67,57.44,0.3876
SUB002084,0.963,11,138,6,159.1,6639.9,0,1,0.103,2,9.97,81.55,69.67,0.78
SUB002085,0.845,18,109,4,164.0,5101.7,1,1,0.127,1,9.15,87.89,66.16,0.6769
SUB002086,0.788,10,62,3,147.2,500.0,1,0,0.203,4,4.71,73.79,52.98,0.2659
SUB002087,0.812,10,111,4,116.1,6196.8,0,3,0.462,3,11.12,80.81,57.59,0.3934
SUB002088,0.717,13,121,5,92.2,5243.8,1,1,,4,33.8,68.64,50.4,0.2075
SUB002089,0.725,12,128,5,102.1,1493.9,0,3,0.086,2,0.25,52.95,53.71,0.2829
SUB002090,0.4,15,83,5,156.5,5426.1,0,1,0.306,7,9.44,90.18,45.6,0.1226
SUB002091,0.841,9,84,3,195.2,4624.7,0,3,0.421,6,58.24,50.01,74.27,0.8902
SUB002092,0.54,11,69,2,172.6,2448.7,0,1,0.467,2,19.71,49.29,58.43,0.4202
SUB002093,0.903,8,86,2,154.1,7565.7,2,0,0.13,3,9.6,66.85,51.46,0.23
SUB002094,0.68,5,147,8,262.2,5470.3,0,2,0.323,3,25.64,65.69,52.49,0.2526
SUB002095,0.67,5,221,9,236.0,4455.1,1,4,0.169,7,10.21,69.93,48.44,0.1676
SUB002096,0.804,6,103,5,83.2,3416.2,1,1,0.089,4,15.98,93.87,61.89,0.5284
SUB002097,0.736,5,129,7,177.3,4433.4,0,0,0.296,4,59.16,64.15,71.42,0.8282
SUB002098,0.712,9,68,3,75.8,4177.3,0,2,0.068,3,7.68,53.07,64.76,0.6331
SUB002099,0.545,13,68,2,175.1,,0,2,0.391,5,60.5,74.41,56.51,0.3588
SUB002100,0.675,7,167,7,58.6,4550.8,0,2,0.314,2,30.08,94.3,56.77,0.3667
SUB002101,0.728,4,41,2,95.6,,0,4,0.273,6,26.92,82.12,43.73,0.1
SUB002102,0.725,6,138,4,175.4,5001.8,0,0,0.086,2,2.96,69.95,56.8,0.3678
SUB002103,0.842,8,140,4,116.7,4119.3,0,0,0.588,7,4.23,66.31,81.85,0.977
SUB002104,0.612,13,169,7,94.3,4745.1,0,2,0.087,2,9.18,81.88,70.73,0.8077
SUB002105,0.664,9,132,4,105.7,6806.2,0,1,0.251,4,13.81,48.63,48.93,0.1772
SUB002106,0.395,9,61,2,90.4,3652.9,0,3,0.489,4,17.94,61.26,36.95,0.0458
SUB002107,0.603,11,184,5,177.7,4730.5,1,3,0.253,4,49.11,53.54,57.65,0.3958
SUB002108,0.404,14,92,5,234.2,3314.6,0,0,0.109,3,12.63,93.43,46.63,0.1376
SUB002109,0.676,17,178,6,159.2,6547.8,1,1,0.114,5,66.37,100.0,56.2,0.3505
SUB002110,0.915,7,163,5,202.8,2280.7,0,2,0.371,4,73.02,89.51,68.1,0.7339
SUB002111,0.886,9,130,3,112.6,3404.2,0,1,0.365,6,35.53,64.47,72.86,0.864
SUB002112,0.884,7,163,5,134.9,5885.7,0,0,0.301,2,27.02,43.85,84.9,0.9907
SUB002113,0.677,11,194,10,260.0,4744.4,0,1,0.409,2,12.42,70.53,62.61,0.5565
SUB002114,0.733,4,138,4,121.3,6014.2,1,0,0.267,2,11.08,58.42,59.58,0.4572
SUB002115,0.912,19,156,6,241.2,4490.3,0,1,0.203,7,4.06,67.76,71.24,0.8234
SUB002116,0.685,11,78,3,109.8,3381.8,1,3,0.246,5,4.87,69.98,62.42,0.5489
SUB002117,0.762,10,151,7,148.8,4571.5,1,0,0.259,4,24.7,89.15,65.87,0.6687
SUB002118,0.622,6,78,2,86.5,2452.5,1,1,0.24,4,3.14,69.88,55.11,0.3208
SUB002119,0.828,7,125,4,145.0,3386.4,1,1,0.132,1,32.77,73.51,59.2,0.4438
SUB002120,0.617,5,87,2,149.4,5803.8,0,4,0.566,2,18.24,88.93,63.52,0.5888
SUB002121,0.845,6,96,3,183.4,4091.8,0,1,0.115,2,113.4,73.02,73.62,0.8785
SUB002122,0.666,14,204,10,127.3,4974.7,0,1,0.115,3,30.09,59.91,62.61,0.5565
SUB002123,0.89,4,115,3,122.0,4761.9,0,2,0.06,2,10.56,51.04,75.78,0.9175
SUB002124,0.558,21,124,7,254.3,2267.4,0,1,0.402,3,32.3,74.6,55.56,0.335
SUB002125,0.465,15,154,7,92.5,2431.9,0,1,0.171,2,11.25,79.9,50.44,0.2086
SUB002126,0.685,10,121,3,5.0,5177.4,0,2,0.489,4,18.26,74.37,59.21,0.4443
SUB002127,0.847,6,150,4,98.8,4134.4,1,3,0.424,2,48.11,75.21,69.83,0.7834
SUB002128,0.617,12,156,5,192.6,4449.8,1,3,0.322,5,2.45,95.79,58.27,0.4166
SUB002129,0.747,11,93,5,158.0,5387.9,1,3,0.235,6,9.37,71.33,58.23,0.4148
SUB002130,0.589,7,73,2,83.6,2963.0,0,3,0.26,2,2.1,66.18,52.37,0.2495
SUB002131,0.833,11,120,4,157.3,3749.9,1,2,0.274,2,5.73,87.72,67.28,0.7091
SUB002132,0.886,8,96,4,122.0,3951.1,0,2,0.239,5,7.21,68.53,67.89,0.7266
SUB002133,0.715,4,161,6,38.1,5309.9,1,1,0.187,5,20.92,65.32,51.86,0.2374
SUB002134,0.496,5,97,4,114.6,3945.8,1,0,0.377,4,9.18,80.34,41.54,0.0765
SUB002135,0.724,15,193,8,209.7,4015.7,0,1,0.185,1,3.53,55.57,61.14,0.5064
SUB002136,0.862,7,196,7,124.3,7520.3,0,1,0.283,6,20.89,43.5,65.39,0.6528
SUB002137,0.578,6,187,12,47.2,4994.9,0,2,0.461,3,12.99,81.28,61.75,0.5247
SUB002138,0.819,9,145,4,250.5,5707.1,1,1,0.593,3,2.37,96.48,71.09,0.8196
SUB002139,0.871,3,89,2,69.4,1731.0,0,1,0.237,2,9.01,98.27,68.13,0.735
SUB002140,0.268,9,102,4,169.4,2577.8,0,1,0.262,3,69.61,58.41,42.77,0.089
SUB002141,0.718,10,144,4,200.1,5598.6,0,0,0.258,1,2.92,66.04,62.98,0.5708
SUB002142,0.633,12,110,3,181.3,4188.6,1,3,0.469,3,54.19,40.15,58.86,0.434
SUB002143,0.88,5,107,3,121.1,3955.5,0,1,0.15,4,43.61,65.21,65.21,0.6477
SUB002144,0.764,7,190,5,32.0,3524.3,0,1,0.155,6,36.46,100.0,66.02,0.6733
SUB002145,0.716,10,67,3,220.3,5796.4,0,0,0.527,6,15.38,59.9,67.29,0.7094
SUB002146,0.842,5,147,4,65.0,5716.6,0,2,0.332,3,17.88,97.89,72.59,0.8571
SUB002147,0.859,10,140,8,208.3,4602.2,0,1,0.374,2,22.77,47.37,83.59,0.9857
SUB002148,0.91,9,123,3,213.7,4983.7,0,1,0.199,4,5.53,71.53,79.56,0.9627
SUB002149,0.765,3,77,3,,3927.6,0,0,0.212,3,4.93,70.43,69.82,0.7831
SUB002150,0.585,13,103,3,84.8,3489.2,0,2,0.189,2,4.57,83.52,55.4,0.3312
SUB002151,0.875,6,122,5,114.4,3831.8,0,2,0.127,3,4.29,61.87,76.02,0.9225
SUB002152,0.711,9,73,5,202.2,5511.6,0,2,0.168,4,19.79,39.73,52.17,0.2442
SUB002153,0.853,20,175,9,144.1,4283.1,0,3,0.201,3,0.65,91.32,68.0,0.7312
SUB002154,0.634,6,117,6,143.6,4671.1,0,0,0.554,2,38.53,54.02,60.85,0.4975
SUB002155,0.629,11,114,4,122.9,3925.7,1,1,0.145,2,21.91,52.92,44.87,0.112
SUB002156,0.595,22,151,7,233.1,6164.5,0,0,0.346,1,11.33,59.02,51.36,0.2283
SUB002157,0.793,12,206,5,117.9,4054.8,0,0,0.423,4,42.47,50.09,68.1,0.7339
SUB002158,0.723,15,102,3,121.8,6800.6,1,2,0.318,2,35.0,53.35,59.87,0.467
SUB002159,0.81,5,70,2,,3489.8,1,0,0.199,4,71.27,66.69,62.42,0.5489
SUB002160,0.833,17,216,6,107.2,4221.6,0,2,0.258,1,12.46,82.27,71.11,0.8202
SUB002161,0.664,4,128,4,195.8,7645.1,1,0,,3,16.7,64.24,58.65,0.427
SUB002162,0.648,11,251,7,131.5,3655.2,2,1,0.091,3,4.96,49.12,43.05,0.0919
SUB002163,0.728,9,195,6,89.9,4918.9,0,4,0.202,2,3.16,45.54,54.85,0.314
SUB002164,0.841,8,85,3,43.7,5942.5,2,4,0.044,3,19.48,83.86,58.54,0.4224
SUB002165,0.931,7,108,5,124.8,2224.8,0,2,0.304,4,19.49,53.72,76.9,0.9353
SUB002166,0.544,12,41,1,106.7,4592.3,0,1,0.326,3,5.19,75.73,53.96,0.2892
SUB002167,0.96,6,88,3,77.4,2131.5,0,3,0.031,6,28.89,62.43,76.41,0.9277
SUB002168,0.845,7,66,4,94.6,4384.9,0,1,0.508,2,7.5,75.13,70.22,0.7949
SUB002169,0.595,11,91,6,160.3,7508.9,1,0,0.328,2,9.78,78.43,54.24,0.2953
SUB002170,0.671,14,57,2,92.3,758.3,1,1,0.279,2,31.51,73.53,49.67,0.1923
SUB002171,0.574,8,82,2,125.6,4296.7,1,1,0.43,1,10.06,60.04,50.08,0.2001
SUB002172,0.713,18,90,3,227.1,3767.8,0,2,0.399,3,17.03,68.4,61.11,0.5056
SUB002173,0.889,10,114,6,116.8,3059.1,0,0,0.257,1,32.6,61.88,66.75,0.6947
SUB002174,0.897,9,62,2,83.2,2015.0,2,1,0.26,4,55.32,84.99,66.27,0.681
SUB002175,0.455,27,54,3,264.3,5918.5,0,5,0.367,1,6.45,75.94,35.83,0.0407
SUB002176,0.489,11,178,5,147.7,5186.6,0,0,0.028,3,27.88,43.67,55.84,0.3418
SUB002177,0.638,21,89,5,172.5,1656.7,0,1,0.185,4,11.31,81.23,59.08,0.4406
SUB002178,0.668,26,130,6,229.3,3237.7,0,2,0.315,3,33.89,73.63,52.87,0.2632
SUB002179,0.826,5,87,3,129.8,3611.8,0,1,0.312,2,12.46,34.73,73.8,0.8822
SUB002180,0.407,6,116,4,142.2,2223.1,0,2,0.285,3,15.73,57.0,38.48,0.0558
SUB002181,0.781,4,112,3,37.7,4691.5,0,1,0.396,3,3.13,84.65,74.14,0.8883
SUB002182,0.941,12,182,7,105.6,5292.6,0,3,0.461,3,14.97,71.65,84.22,0.9887
SUB002183,0.976,12,105,5,267.7,4886.3,3,4,0.275,4,9.26,87.54,65.1,0.6435
SUB002184,0.836,7,107,6,78.6,7566.1,0,2,0.274,3,5.7,76.61,73.12,0.87
SUB002185,0.495,3,75,2,133.1,2963.8,1,0,0.449,1,28.53,73.01,48.46,0.1681
SUB002186,0.659,11,56,3,257.5,3570.5,0,2,0.463,2,0.02,76.65,74.37,0.8918
SUB002187,0.62,4,127,4,173.2,3844.4,1,2,0.072,1,30.38,62.29,47.34,0.1481
SUB002188,0.749,8,129,5,161.4,5926.9,0,3,0.091,5,4.32,83.7,68.86,0.7551
SUB002189,0.948,13,123,5,110.9,5732.7,0,1,0.13,6,25.92,69.94,79.36,0.9609
SUB002190,0.761,9,163,8,109.6,3118.9,1,3,0.105,2,7.03,71.54,52.11,0.2427
SUB002191,0.684,14,113,3,143.4,6732.7,0,0,0.181,3,7.36,88.51,65.32,0.6508
SUB002192,0.288,8,97,3,164.2,3123.0,2,3,0.419,4,33.91,81.64,24.29,0.0085
SUB002193,0.882,6,121,4,214.4,5885.8,0,1,,2,8.8,75.05,70.22,0.7949
SUB002194,0.802,6,106,4,145.1,5720.4,2,1,,3,41.18,58.33,49.72,0.1934
SUB002195,0.695,12,64,3,121.7,4917.0,2,1,0.383,3,7.9,61.7,56.31,0.3536
SUB002196,0.572,9,170,7,141.2,4355.9,0,1,0.16,5,19.02,68.19,55.41,0.3315
SUB002197,0.448,6,88,2,169.2,3973.6,1,1,0.035,3,50.44,42.21,29.25,0.0182
SUB002198,0.634,11,109,4,173.2,5266.9,1,2,0.119,3,10.41,78.14,42.6,0.0872
SUB002199,0.804,4,91,6,117.1,5244.5,0,1,0.27,5,18.25,62.43,69.4,0.7713
SUB002200,0.879,9,181,5,79.8,5969.3,1,2,0.616,2,38.68,73.09,67.4,0.7124
SUB002201,0.484,10,92,3,214.6,5524.9,0,0,0.637,1,4.14,58.66,49.01,0.1783
SUB002202,0.883,11,192,10,137.3,5473.6,0,0,0.296,6,15.84,91.22,78.42,0.9516
SUB002203,0.7,18,84,5,188.7,6540.0,1,1,0.425,1,4.26,47.87,55.32,0.3279
SUB002204,0.508,8,147,6,103.4,3834.7,0,1,0.346,10,19.9,30.18,43.72,0.0998
SUB002205,0.619,10,107,4,107.9,4598.7,0,1,0.492,1,47.31,83.34,56.32,0.354
SUB002206,0.9,11,60,2,182.8,3462.6,0,4,0.044,3,15.48,44.68,61.35,0.5119
SUB002207,0.652,9,190,12,71.0,8615.4,0,2,0.351,3,47.11,53.21,62.19,0.5392
SUB002208,0.207,5,82,3,65.2,5556.5,1,1,0.158,4,6.28,37.84,24.19,0.0083
SUB002209,0.842,13,98,5,249.5,6010.0,1,2,0.106,4,47.42,84.52,49.09,0.1805
SUB002210,0.41,3,126,5,178.6,5299.5,0,2,0.235,4,9.92,79.92,43.67,0.0994
SUB002211,0.522,5,71,2,160.0,4270.3,1,2,0.157,6,27.89,81.68,44.35,0.1062
SUB002212,0.614,8,87,5,79.6,8441.1,0,1,0.208,4,15.67,86.46,79.37,0.9613
SUB002213,0.863,5,104,3,148.2,6343.2,0,0,0.352,3,18.32,79.96,75.14,0.9055
SUB002214,0.776,9,58,3,142.6,3808.9,3,0,0.16,5,74.21,62.54,45.35,0.1186
SUB002215,0.857,15,122,4,138.5,4202.0,0,2,0.421,3,3.35,70.75,76.66,0.9323
SUB002216,0.666,21,68,2,177.6,4673.0,1,2,0.726,2,6.15,80.06,43.97,0.1017
SUB002217,0.632,9,146,5,61.1,3918.8,0,0,0.647,5,36.66,74.01,55.4,0.3312
SUB002218,0.777,11,171,5,28.8,4333.6,0,0,0.311,4,15.21,57.14,72.69,0.8598
SUB002219,0.698,9,150,5,164.8,2470.4,0,0,0.296,2,8.42,68.74,67.9,0.7272
SUB002220,0.668,8,158,5,153.7,1196.9,1,3,0.449,3,4.12,70.12,49.74,0.1937
SUB002221,0.891,8,102,3,159.1,7475.4,0,2,0.418,1,1.25,82.05,78.15,0.9493
SUB002222,0.757,19,65,2,223.2,3565.6,0,1,0.15,4,10.73,71.76,57.15,0.3775
SUB002223,0.811,3,168,10,159.7,4384.0,0,0,0.113,3,3.42,72.01,63.64,0.5929
SUB002224,0.8,13,87,3,248.1,4538.6,1,1,0.148,2,64.75,56.65,68.16,0.7359
SUB002225,0.906,6,111,3,208.8,5599.0,0,0,0.331,2,16.94,74.36,73.21,0.8719
SUB002226,0.744,8,78,2,147.5,5553.8,0,2,0.282,7,8.82,62.21,64.42,0.6195
SUB002227,0.85,5,74,2,144.5,5913.7,1,0,0.318,4,16.31,76.42,76.53,0.9297
SUB002228,0.887,5,125,3,148.5,5487.3,0,1,0.29,3,42.94,65.83,79.24,0.9599
SUB002229,0.538,14,116,6,70.0,4178.0,0,1,0.036,6,6.16,55.88,44.48,0.1075
SUB002230,0.936,6,59,2,193.2,6191.9,0,3,0.556,4,32.54,64.6,84.66,0.9898
SUB002231,0.491,9,89,2,182.1,4177.2,1,1,0.216,3,1.65,59.83,35.2,0.038
SUB002232,0.886,11,219,14,53.5,6642.4,1,2,0.463,2,10.85,61.8,62.7,0.5598
SUB002233,0.703,18,139,7,267.0,2385.3,1,3,0.295,2,2.03,66.58,49.86,0.1956
SUB002234,0.957,5,85,4,109.3,6377.1,0,1,0.496,6,18.01,67.41,73.77,0.8819
SUB002235,0.706,18,97,3,166.5,3147.7,0,1,0.514,3,3.28,45.18,53.81,0.2856
SUB002236,0.73,10,115,3,141.4,2400.0,0,4,0.316,4,6.13,86.75,57.36,0.3842
SUB002237,0.888,10,97,3,139.7,2536.4,0,1,0.162,6,14.41,60.51,86.7,0.9953
SUB002238,0.721,8,185,7,287.7,5229.3,0,0,0.56,2,21.96,91.95,74.57,0.8957
SUB002239,0.883,7,136,4,125.3,8108.9,0,0,0.592,1,4.64,75.43,68.46,0.7445
SUB002240,0.963,4,150,9,112.5,4455.9,1,3,0.332,6,1.54,51.04,73.28,0.8729
SUB002241,0.975,16,156,4,169.2,4611.5,0,1,0.096,1,13.63,54.73,78.55,0.9533
SUB002242,0.852,5,136,4,84.1,5832.6,0,3,0.215,2,20.73,72.83,62.87,0.566
SUB002243,0.502,7,143,5,158.5,3851.3,0,2,0.202,6,2.01,53.31,46.38,0.1335
SUB002244,0.692,14,181,10,112.7,4680.6,0,2,0.235,2,4.91,84.27,47.69,0.1545
SUB002245,0.311,8,146,4,174.0,4207.2,1,1,0.284,2,24.49,76.57,26.39,0.0125
SUB002246,0.731,5,72,2,72.4,7310.9,0,0,0.23,6,33.97,100.0,55.35,0.3292
SUB002247,0.765,13,207,5,123.8,5148.4,0,1,0.099,2,3.26,75.31,65.83,0.6672
SUB002248,0.187,7,54,2,80.7,5393.0,0,1,0.46,2,71.67,54.04,45.6,0.1226
SUB002249,0.47,7,134,6,109.1,3601.7,1,2,0.016,1,6.62,79.0,38.85,0.0582
SUB002250,0.797,5,119,5,27.8,2886.6,0,0,0.137,4,66.86,69.47,71.49,0.8297
SUB002251,0.475,7,94,3,5.0,,0,3,0.331,4,15.59,68.52,50.9,0.2178
SUB002252,0.757,7,156,4,121.7,5159.3,0,1,0.577,2,52.56,75.51,80.24,0.9675
SUB002253,0.763,11,107,6,60.8,6080.1,0,1,0.616,3,9.76,55.32,76.37,0.9273
SUB002254,0.748,6,137,4,242.0,3354.8,1,1,0.195,5,31.87,75.57,47.96,0.1586
SUB002255,0.762,16,68,2,146.5,,1,3,0.23,3,1.17,77.08,54.24,0.2953
SUB002256,0.912,15,167,8,207.5,2902.5,0,2,0.461,6,75.8,72.93,65.76,0.665
SUB002257,0.617,15,162,6,183.5,4068.4,0,5,0.426,3,2.58,39.0,58.12,0.4109
SUB002258,0.92,10,114,3,86.2,2402.0,0,0,0.041,4,10.18,69.52,77.67,0.9433
SUB002259,0.557,13,79,3,133.8,3968.5,1,3,0.297,3,10.39,46.74,40.4,0.0672
SUB002260,0.873,12,172,6,200.4,,1,0,0.326,3,27.84,48.51,76.7,0.9332
SUB002261,0.751,14,55,2,202.5,2987.8,0,2,0.091,2,20.26,51.2,63.93,0.6018
SUB002262,0.519,15,116,6,217.0,3273.9,1,0,0.288,2,13.47,64.8,62.35,0.5464
SUB002263,0.391,12,101,3,116.6,4254.5,0,1,0.34,3,8.17,63.8,42.55,0.0862
SUB002264,0.85,12,132,3,191.0,4383.9,1,1,0.259,3,7.1,91.03,65.5,0.6558
SUB002265,0.71,12,100,6,119.7,,0,1,0.198,3,22.32,81.13,55.74,0.3396
SUB002266,0.71,12,158,10,216.7,2841.5,1,0,0.264,5,0.35,86.52,56.4,0.3562
SUB002267,0.79,9,71,4,205.8,599.3,0,1,0.174,3,0.31,81.22,64.26,0.6127
SUB002268,0.775,7,172,5,,4955.3,2,3,0.578,2,35.17,50.24,57.45,0.3882
SUB002269,0.875,5,108,4,151.6,7076.0,1,0,0.16,6,44.31,57.15,61.72,0.5239
SUB002270,0.781,5,92,3,69.3,4169.2,0,3,0.465,2,21.99,28.32,63.25,0.5796
SUB002271,0.908,5,131,4,184.7,5249.0,0,0,0.096,2,26.69,67.86,71.36,0.8262
SUB002272,0.561,14,155,6,94.3,4655.7,0,1,0.26,5,12.38,90.23,52.86,0.2629
SUB002273,0.671,17,104,3,190.4,5638.3,0,1,0.269,5,1.51,68.89,60.12,0.4758
SUB002274,0.645,12,108,3,200.3,4098.4,0,3,0.28,2,33.37,51.05,43.66,0.099
SUB002275,0.51,10,83,3,154.0,4304.5,0,2,0.129,3,18.97,55.74,53.33,0.2752
SUB002276,0.94,4,54,1,183.7,6727.2,0,0,0.255,5,11.04,75.17,77.57,0.9427
SUB002277,0.719,8,90,3,161.6,6166.1,0,0,0.351,5,21.65,60.75,62.17,0.5387
SUB002278,0.588,6,114,5,232.0,3532.4,0,2,0.433,2,4.97,82.33,57.85,0.4027
SUB002279,0.542,6,98,5,71.9,3491.5,0,3,0.103,3,24.85,80.27,53.48,0.2786
SUB002280,0.736,9,99,3,124.0,3600.9,1,2,0.328,3,3.85,64.3,64.3,0.6148
SUB002281,0.344,12,71,2,40.8,2669.2,1,3,0.287,7,37.44,51.18,23.52,0.0073
SUB002282,0.683,9,76,2,129.2,3551.5,0,2,0.197,2,2.56,76.47,69.33,0.7687
SUB002283,0.592,23,71,2,117.8,4172.8,1,0,0.32,1,2.28,58.06,52.81,0.2613
SUB002284,0.653,10,115,3,66.8,3414.9,0,1,,3,28.94,75.64,60.39,0.4845
SUB002285,0.51,4,133,6,38.7,5432.2,1,3,0.061,3,6.27,77.32,54.29,0.2968
SUB002286,0.859,19,117,4,148.6,2074.7,1,4,0.514,1,16.12,60.09,49.92,0.1974
SUB002287,0.824,9,136,5,162.2,2910.1,0,1,0.622,4,41.55,91.97,68.47,0.7448
SUB002288,0.823,17,75,4,199.7,5363.7,0,1,0.298,2,10.26,64.04,71.91,0.8416
SUB002289,0.648,5,112,4,195.1,7411.4,0,0,0.565,5,13.23,82.58,75.51,0.9115
SUB002290,0.699,5,93,4,191.7,4844.3,0,4,0.158,3,10.74,80.11,52.74,0.2598
SUB002291,0.448,6,105,6,70.3,3273.7,0,0,0.214,6,40.69,63.71,54.31,0.2973
SUB002292,0.753,5,60,2,90.4,2630.3,1,0,0.301,5,16.52,50.45,69.44,0.7726
SUB002293,0.972,14,70,2,173.6,3787.1,2,0,0.174,2,12.79,68.5,60.84,0.4969
SUB002294,0.781,16,114,3,180.5,6469.9,0,1,0.217,3,15.62,80.02,58.09,0.4098
SUB002295,0.935,11,83,2,235.8,5186.3,1,2,0.384,1,20.77,65.14,71.09,0.8196
SUB002296,0.355,10,85,5,132.7,2569.4,1,1,0.182,3,2.63,62.82,24.64,0.0088
SUB002297,0.529,4,102,5,178.1,5053.5,0,3,0.18,1,30.65,74.94,37.34,0.0479
SUB002298,0.799,6,134,6,129.4,6822.1,0,1,0.542,1,74.05,72.1,77.02,0.9367
SUB002299,0.561,7,153,5,162.5,6536.2,0,1,0.131,4,65.05,56.66,53.41,0.2768
SUB002300,0.88,4,55,1,155.3,6270.8,0,0,0.329,1,7.87,46.43,70.87,0.8122
SUB002301,0.862,9,91,4,145.7,5655.4,0,2,0.469,5,14.06,77.01,77.31,0.9402
SUB002302,0.796,12,120,4,97.4,2676.7,0,3,0.065,2,4.83,56.64,63.06,0.5734
SUB002303,0.676,13,132,8,175.6,3448.9,1,1,0.303,1,11.0,60.82,61.91,0.5293
SUB002304,0.628,12,148,5,194.6,7349.3,0,0,0.226,3,49.58,84.05,64.48,0.6219
SUB002305,0.661,8,127,3,150.4,4124.9,0,2,0.494,3,42.89,100.0,57.46,0.3886
SUB002306,0.855,7,86,3,5.0,1585.2,0,1,0.582,4,14.25,98.9,82.57,0.9813
SUB002307,0.296,8,119,4,133.4,5504.6,0,2,0.328,2,34.5,68.38,46.94,0.141
SUB002308,0.568,8,113,4,184.7,6158.1,0,0,0.403,7,7.62,90.42,57.73,0.3992
SUB002309,0.453,5,69,3,76.2,4224.4,0,2,0.12,3,0.15,47.05,56.35,0.3551
SUB002310,0.656,7,82,3,205.0,5234.6,0,2,0.147,6,40.27,64.21,58.96,0.4361
SUB002311,0.584,7,124,3,104.2,3377.7,0,1,0.192,6,11.52,61.79,58.69,0.4289
SUB002312,0.763,18,148,5,154.8,4043.5,1,2,0.344,2,6.3,59.19,54.37,0.2994
SUB002313,0.616,14,89,4,174.4,,0,2,0.527,3,43.12,71.05,47.89,0.1575
SUB002314,0.664,11,219,8,97.7,3484.7,0,0,0.351,8,82.6,73.86,68.0,0.7312
SUB002315,0.898,6,39,2,192.7,6350.1,0,3,0.406,5,6.33,62.64,72.66,0.8588
SUB002316,0.884,13,109,7,234.9,500.0,0,1,0.248,1,3.35,70.66,65.12,0.6445
SUB002317,0.706,6,114,6,72.0,3989.0,0,3,0.237,2,1.54,54.2,63.13,0.5759
SUB002318,0.475,13,159,4,147.9,3994.4,0,2,0.357,2,14.16,26.2,50.32,0.2056
SUB002319,0.744,8,85,4,257.6,5316.7,0,1,0.065,4,6.67,69.97,64.53,0.6242
SUB002320,0.648,15,90,2,231.0,1250.0,0,0,0.457,4,34.16,74.42,60.09,0.4742
SUB002321,0.763,4,91,4,35.2,3309.8,1,2,0.422,2,40.23,81.95,62.4,0.548
SUB002322,0.741,12,156,6,226.0,3897.3,1,2,0.5,4,13.52,48.76,57.15,0.3775
SUB002323,0.685,16,167,5,5.0,5442.9,0,1,0.173,1,32.16,46.75,58.1,0.4103
SUB002324,0.939,8,96,5,180.9,4465.5,0,3,0.423,2,23.3,36.6,71.14,0.8211
SUB002325,0.426,8,78,2,92.6,1906.0,0,4,,1,9.09,73.5,39.69,0.0623
SUB002326,0.745,9,79,3,174.6,3886.8,1,1,0.39,2,3.18,56.79,57.86,0.4031
SUB002327,0.734,11,64,4,167.8,3153.9,0,0,0.082,4,47.6,58.14,69.6,0.7784
SUB002328,0.676,7,174,4,149.0,5565.3,0,2,0.136,2,11.49,76.89,57.6,0.3939
SUB002329,0.739,6,110,5,173.1,4180.8,0,1,0.225,3,1.9,89.46,66.63,0.6908
SUB002330,0.696,19,153,7,147.2,7387.9,0,3,0.684,5,8.92,60.23,48.35,0.1652
SUB002331,0.825,8,100,3,108.1,3504.1,1,0,0.659,5,12.56,80.87,71.09,0.8196
SUB002332,0.751,9,232,10,202.8,4308.2,2,4,0.228,1,33.16,75.37,55.52,0.3341
SUB002333,0.879,7,143,4,141.3,3916.9,1,1,0.387,2,6.56,90.76,72.7,0.8604
SUB002334,0.779,12,124,8,121.8,4330.5,0,2,0.205,2,5.42,73.57,62.06,0.5345
SUB002335,0.909,7,134,4,130.3,5932.7,1,2,0.491,1,1.56,57.88,70.91,0.8133
SUB002336,0.676,8,76,3,128.1,3716.7,0,3,0.43,2,13.18,58.37,57.34,0.3835
SUB002337,0.691,14,92,5,141.2,3866.8,0,4,0.659,1,15.69,90.58,64.28,0.6138
SUB002338,0.794,13,152,4,185.6,5295.5,1,1,0.156,3,4.51,97.24,57.03,0.3736
SUB002339,0.68,8,112,3,91.8,3140.5,2,3,0.2,4,0.26,54.47,52.68,0.2577
SUB002340,0.639,9,137,4,238.2,5631.1,0,1,0.12,4,47.52,40.72,64.51,0.6232
SUB002341,0.677,6,99,4,151.4,3928.1,1,0,0.299,2,7.97,74.13,57.05,0.3739
SUB002342,0.803,9,106,3,36.8,3175.8,1,0,,3,23.02,49.77,60.41,0.4854
SUB002343,0.875,21,169,8,199.5,2086.3,1,1,0.264,1,2.75,49.05,48.93,0.1772
SUB002344,0.6,13,118,4,103.2,2936.9,1,2,0.286,6,13.25,55.58,62.34,0.5459
SUB002345,0.961,6,120,5,136.3,4290.1,0,3,0.242,2,37.26,59.32,77.1,0.9376
SUB002346,0.846,4,108,4,122.9,4401.4,0,0,0.15,2,6.41,43.38,68.73,0.7513
SUB002347,0.938,6,95,6,178.7,4048.7,0,0,0.216,3,8.57,79.59,74.95,0.9031
SUB002348,0.667,5,101,3,175.0,2285.2,1,1,0.285,4,10.01,64.37,48.77,0.1742
SUB002349,0.759,8,112,5,157.3,4242.3,1,0,0.401,2,14.58,74.81,68.69,0.7497
SUB002350,0.585,15,172,6,279.6,2530.4,0,1,0.169,3,3.71,57.83,55.45,0.3332
SUB002351,0.864,8,112,4,100.5,2655.1,0,2,0.492,3,11.35,69.92,70.34,0.7976
SUB002352,0.773,7,160,10,222.9,6427.7,0,3,0.716,1,23.89,66.17,71.6,0.8321
SUB002353,0.771,8,79,3,227.6,4192.3,1,4,0.284,2,0.57,75.59,61.68,0.5224
SUB002354,0.664,11,131,6,173.2,5288.0,2,1,0.04,2,26.35,50.97,48.07,0.1608
SUB002355,0.815,10,53,3,177.5,6365.4,0,0,0.285,2,2.83,81.22,82.69,0.9822
SUB002356,0.85,6,84,2,195.0,4285.9,0,1,0.345,2,7.33,67.13,70.44,0.8012
SUB002357,0.694,13,85,3,140.1,5818.0,0,1,0.02,2,24.53,56.97,50.3,0.2048
SUB002358,0.746,5,92,3,104.6,4992.7,0,0,0.095,4,4.53,70.81,67.74,0.7222
SUB002359,0.56,9,159,9,119.8,3667.6,0,1,0.082,3,54.45,84.8,53.02,0.267
SUB002360,0.509,7,55,2,158.5,4009.7,0,2,0.021,3,10.87,79.17,49.58,0.1899
SUB002361,0.958,8,167,8,115.9,3659.1,0,5,0.453,3,2.37,81.42,78.34,0.9508
SUB002362,0.747,6,52,3,94.7,5128.0,1,0,0.094,3,15.19,68.85,53.25,0.2726
SUB002363,0.849,9,97,3,84.9,5931.5,0,3,0.039,5,5.66,54.91,56.4,0.3562
SUB002364,0.573,5,99,3,76.0,2394.8,0,1,0.447,2,17.62,65.27,62.91,0.5678
SUB002365,0.653,7,188,11,102.6,3571.6,0,2,0.192,3,71.45,68.62,59.95,0.4688
SUB002366,0.893,8,141,9,107.0,4118.8,1,2,0.211,3,38.49,83.75,76.3,0.9266
SUB002367,0.609,6,212,6,144.4,3787.3,0,4,0.253,2,6.37,55.83,59.02,0.4381
SUB002368,0.642,16,225,11,121.4,4723.5,0,2,0.139,2,54.53,84.5,56.28,0.3528
SUB002369,0.758,7,159,8,170.5,5289.5,0,3,0.554,3,32.34,82.78,60.11,0.4752
SUB002370,0.755,8,83,2,262.1,6294.1,1,2,0.359,3,44.44,87.74,72.62,0.8577
SUB002371,0.548,9,128,7,222.0,3831.6,0,2,0.289,2,7.8,79.72,42.35,0.0838
SUB002372,0.675,5,115,4,71.3,,0,2,0.238,2,7.89,67.56,59.96,0.4695
SUB002373,0.317,4,89,3,114.1,4952.8,0,0,0.212,2,2.42,59.52,36.09,0.0415
SUB002374,0.757,8,155,7,67.8,4647.0,0,1,0.051,2,8.16,89.0,65.55,0.6572
SUB002375,0.658,4,64,2,143.7,1930.8,0,1,0.108,2,41.46,75.93,60.95,0.5002
SUB002376,0.889,10,78,3,,3044.9,0,0,0.235,3,20.59,45.26,68.71,0.7505
SUB002377,0.919,11,54,3,163.4,3692.4,0,1,0.18,4,21.64,86.46,68.57,0.7471
SUB002378,0.775,10,75,3,87.0,5487.4,0,0,0.252,5,0.5,68.54,65.43,0.6539
SUB002379,0.851,12,81,2,117.0,6015.2,1,2,0.163,3,33.28,73.23,63.85,0.5993
SUB002380,0.51,8,104,5,201.3,2872.8,0,0,0.083,4,22.56,96.3,56.67,0.3637
SUB002381,0.63,16,160,5,191.8,3588.3,1,4,0.172,4,10.52,65.42,47.33,0.1478
SUB002382,0.87,10,91,3,97.9,5692.2,0,1,0.231,4,41.75,38.95,67.61,0.7191
SUB002383,0.802,16,162,5,91.0,4059.5,0,1,0.198,1,2.12,71.41,60.34,0.4833
SUB002384,0.406,12,223,8,151.6,5592.8,1,4,0.333,2,64.73,60.17,37.99,0.0528
SUB002385,0.775,8,170,6,136.6,4505.0,1,3,0.301,4,22.48,63.89,49.78,0.1942
SUB002386,0.647,10,77,3,72.8,4373.4,0,0,0.233,5,29.69,57.15,64.54,0.6247
SUB002387,0.584,11,86,3,134.5,3748.8,0,1,0.471,5,2.26,43.53,52.63,0.2552
SUB002388,0.58,4,162,5,102.9,6424.8,0,3,0.224,4,14.18,77.98,55.33,0.3282
SUB002389,0.929,5,85,2,99.8,2037.5,0,1,0.503,5,11.19,90.69,86.69,0.9952
SUB002390,0.54,18,114,5,148.3,3914.6,1,1,0.057,3,30.41,75.32,41.24,0.0742
SUB002391,0.653,11,132,7,169.5,6135.2,0,1,0.592,2,11.2,55.76,66.74,0.6942
SUB002392,0.67,14,145,4,,4344.1,0,0,,5,6.25,67.23,59.69,0.4619
SUB002393,0.795,16,120,6,243.3,,1,1,0.238,4,11.52,100.0,61.41,0.5136
SUB002394,0.411,8,70,2,155.9,5717.4,0,0,0.052,2,0.97,78.31,47.48,0.1501
SUB002395,0.637,16,95,5,216.3,5097.0,0,3,0.053,4,5.3,69.02,53.86,0.2868
SUB002396,0.83,8,170,10,64.6,6043.8,0,0,0.33,2,73.78,49.92,68.37,0.7413
SUB002397,0.575,11,111,6,162.1,6275.0,0,3,0.581,5,5.22,69.79,53.83,0.2858
SUB002398,0.838,17,204,13,148.7,2778.7,0,1,0.393,3,2.5,61.89,63.07,0.5738
SUB002399,0.733,12,123,4,199.4,3851.4,0,3,0.068,2,0.24,79.38,66.19,0.6788
SUB002400,0.644,5,65,3,150.2,3010.6,0,0,0.731,1,11.14,66.94,80.21,0.9667
SUB002401,0.484,8,80,2,238.5,4804.7,0,1,0.094,2,5.48,87.35,57.13,0.3762
SUB002402,0.848,10,138,6,94.1,6166.4,0,1,0.233,4,16.48,89.04,76.49,0.9288
SUB002403,0.811,12,173,5,113.3,1029.7,1,3,0.383,6,79.2,42.2,55.87,0.3424
SUB002404,0.826,15,117,4,185.5,2124.7,0,2,0.048,3,19.49,74.75,53.32,0.2748
SUB002405,0.597,12,117,5,148.2,1388.4,0,2,0.181,3,23.4,90.57,43.11,0.0922
SUB002406,0.449,9,128,3,90.4,3254.1,0,1,0.196,1,0.28,84.0,33.48,0.0318
SUB002407,0.556,8,133,5,166.4,4615.4,0,1,0.206,2,46.2,34.13,53.27,0.2734
SUB002408,0.654,8,86,3,114.3,6739.2,0,0,0.484,4,37.47,96.3,60.81,0.4959
SUB002409,0.288,7,55,2,168.0,2189.4,0,0,0.289,2,7.13,46.25,42.81,0.0893
SUB002410,0.811,7,140,5,39.0,8163.2,0,4,0.581,5,37.9,41.15,70.2,0.7942
SUB002411,0.64,14,111,7,144.4,5211.0,0,3,0.233,3,8.42,42.5,51.47,0.2302
SUB002412,0.666,9,129,6,156.4,5355.8,1,3,0.22,3,24.77,76.42,48.27,0.1642
SUB002413,0.174,7,104,3,151.2,5458.6,1,3,0.296,2,45.38,53.62,25.1,0.0097
SUB002414,0.561,9,130,4,188.9,2394.3,0,0,0.662,4,19.45,56.31,63.25,0.5796
SUB002415,0.842,7,77,2,126.3,3361.6,0,1,0.031,5,7.58,59.42,68.17,0.7363
SUB002416,0.963,4,96,3,158.9,2808.1,0,3,0.329,3,65.78,85.83,77.88,0.9467
SUB002417,0.287,12,76,2,151.8,5206.8,1,2,0.379,3,2.15,78.6,32.48,0.0273
SUB002418,0.766,14,97,3,206.0,2981.8,1,3,0.42,3,52.57,48.18,54.33,0.2984
SUB002419,0.584,13,66,2,66.7,3861.5,0,0,0.2,2,2.08,56.41,62.25,0.5413
SUB002420,0.838,13,145,4,5.0,3577.0,1,3,0.037,4,27.11,44.24,61.61,0.5201
SUB002421,0.788,5,185,7,210.2,6918.4,1,2,0.084,1,19.65,57.19,67.76,0.7227
SUB002422,0.57,16,67,2,133.9,3271.3,0,0,0.218,3,3.97,74.28,63.31,0.582
SUB002423,0.584,7,112,4,,2758.2,1,3,0.308,2,49.18,63.45,52.82,0.2617
SUB002424,0.72,5,104,7,125.4,5090.5,1,2,0.197,4,14.0,50.63,62.39,0.5476
SUB002425,0.513,3,188,9,97.9,4694.6,0,1,0.3,3,4.91,81.23,54.33,0.2984
SUB002426,0.321,10,114,3,172.1,6524.2,1,1,0.401,3,4.48,68.56,34.7,0.0361
SUB002427,0.868,16,167,6,197.5,5144.5,2,2,0.186,2,10.03,53.65,46.49,0.1349
SUB002428,0.925,15,142,9,140.0,4969.4,1,1,0.377,5,11.7,90.62,76.55,0.9303
SUB002429,0.53,9,124,3,202.7,5787.1,0,1,0.322,2,31.52,72.92,56.04,0.3456
SUB002430,0.794,14,90,2,89.3,4989.7,2,2,0.193,5,32.03,67.07,45.57,0.1218
SUB002431,0.893,21,124,4,42.0,5658.0,1,2,0.123,4,3.81,74.3,62.39,0.5476
SUB002432,0.559,8,76,3,152.9,5292.2,0,1,0.288,3,22.06,46.06,61.91,0.5293
SUB002433,0.555,11,96,4,137.5,3838.1,0,1,0.565,1,17.75,45.51,58.76,0.4311
SUB002434,0.797,16,53,1,54.3,2313.7,0,1,0.211,1,82.72,56.56,62.65,0.5577
SUB002435,0.16,5,177,11,171.6,4469.7,0,2,0.256,3,26.4,80.93,21.36,0.0053
SUB002436,0.973,5,118,6,33.1,1430.6,0,1,0.597,2,16.84,58.41,81.01,0.974
SUB002437,0.31,17,175,9,164.3,3619.8,1,0,0.246,5,19.9,62.09,33.37,0.0309
SUB002438,0.746,14,116,4,208.0,3838.1,0,1,0.48,4,13.76,97.82,64.26,0.6127
SUB002439,0.962,6,120,5,153.4,6397.5,0,1,0.082,2,1.38,43.57,71.66,0.8349
SUB002440,0.815,6,139,4,150.0,4318.6,0,1,0.156,2,57.0,81.27,76.2,0.9249
SUB002441,0.722,5,108,3,106.5,7021.9,0,2,0.423,2,25.77,50.37,55.22,0.3247
SUB002442,0.682,10,103,3,160.1,5073.4,0,0,0.15,3,26.55,82.08,60.11,0.4752
SUB002443,0.555,6,98,4,168.5,1896.7,0,2,0.227,9,7.74,56.6,55.38,0.3306
SUB002444,0.901,7,78,3,102.3,5962.6,1,2,0.263,1,11.03,65.76,71.81,0.8388
SUB002445,0.854,5,98,3,67.1,5906.7,0,3,0.214,6,14.48,54.36,60.05,0.4723
SUB002446,0.956,9,161,4,194.3,2141.4,0,0,0.113,3,0.6,47.02,81.41,0.9753
SUB002447,0.537,5,95,4,246.1,5416.6,0,0,0.142,2,41.84,51.24,58.74,0.4302
SUB002448,0.775,12,220,9,245.7,7119.6,0,2,0.241,3,14.17,65.45,62.03,0.5331
SUB002449,0.85,15,55,2,7.4,913.8,1,3,0.465,1,57.18,59.84,62.14,0.5372
SUB002450,0.763,10,163,5,225.1,3052.6,0,3,0.368,3,57.73,49.97,70.03,0.7894
SUB002451,0.563,14,102,5,123.9,5789.7,0,0,0.23,7,7.51,73.9,52.56,0.2538
SUB002452,0.908,8,133,5,252.0,4255.1,1,1,0.362,2,10.59,38.94,59.01,0.4378
SUB002453,0.609,6,80,3,75.7,6481.1,0,0,0.485,4,33.24,70.05,66.14,0.6763
SUB002454,0.627,8,59,2,76.3,5580.8,0,1,0.429,6,8.19,59.93,67.18,0.7071
SUB002455,0.818,4,151,8,129.0,5872.8,0,2,0.366,4,27.93,75.84,71.48,0.8293
SUB002456,0.782,7,175,6,116.9,6501.1,1,4,0.13,1,19.25,88.87,55.34,0.3287
SUB002457,0.826,8,112,6,122.9,3206.6,0,3,0.054,3,47.27,58.78,65.36,0.6523
SUB002458,0.745,9,95,6,203.6,3885.5,1,3,0.214,3,9.55,62.51,50.95,0.219
SUB002459,0.407,14,109,4,236.2,7339.5,0,1,0.069,3,47.91,76.07,32.69,0.0282
SUB002460,0.557,16,109,7,111.4,3895.0,1,1,0.433,2,6.88,68.57,52.65,0.2565
SUB002461,0.56,10,101,3,248.4,6021.9,2,1,0.095,4,25.03,79.2,48.09,0.1612
SUB002462,0.935,5,117,4,61.2,4163.8,2,3,0.134,4,12.1,55.73,64.55,0.6252
SUB002463,0.248,5,135,5,98.7,3401.3,0,2,0.188,3,66.95,75.97,37.46,0.0487
SUB002464,0.788,7,131,8,293.0,3050.1,0,2,0.438,5,2.95,70.04,76.79,0.934
SUB002465,0.322,6,88,5,160.2,5145.4,0,0,0.195,2,7.85,72.77,44.09,0.103
SUB002466,0.611,10,102,3,110.6,6342.2,0,2,0.345,3,43.64,60.94,58.31,0.4176
SUB002467,0.459,6,74,5,153.8,4980.1,0,4,0.759,2,5.66,62.66,31.46,0.0242
SUB002468,0.813,16,129,7,210.3,4902.9,0,3,0.049,3,5.88,52.98,58.81,0.4327
SUB002469,0.706,13,82,2,179.2,,1,1,0.484,5,5.77,75.92,46.68,0.1383
SUB002470,0.895,14,44,2,238.8,4098.3,0,0,0.203,4,6.02,68.42,80.85,0.9728
SUB002471,0.671,7,92,3,89.1,4607.7,0,3,0.15,3,16.57,68.43,58.33,0.4181
SUB002472,0.695,6,132,8,98.8,3217.2,0,3,0.046,1,8.24,53.86,65.56,0.6577
SUB002473,0.639,6,135,6,84.6,5203.4,0,2,0.037,2,10.13,75.3,49.89,0.1969
SUB002474,0.933,9,162,4,97.2,3653.9,0,1,0.187,1,3.62,50.17,74.62,0.8972
SUB002475,0.845,9,235,7,149.5,4463.8,0,4,,5,8.99,77.14,63.37,0.5837
SUB002476,0.927,16,111,6,104.2,5593.2,1,1,0.09,2,7.6,43.71,49.62,0.1904
SUB002477,0.675,17,103,5,188.4,6791.7,2,2,0.293,2,24.7,96.27,53.78,0.2849
SUB002478,0.763,10,116,4,188.0,6726.0,1,0,0.308,3,21.79,100.0,69.91,0.7857
SUB002479,0.927,5,96,3,61.6,4147.0,0,0,0.114,3,2.62,81.23,77.8,0.9452
SUB002480,0.972,8,71,2,106.2,5058.4,1,1,0.141,4,21.32,67.07,74.79,0.9008
SUB002481,0.84,26,69,3,167.4,5178.2,2,3,0.651,4,9.2,55.98,41.98,0.0805
SUB002482,0.994,5,106,3,121.8,5354.4,0,3,0.391,5,11.75,54.31,69.49,0.7747
SUB002483,0.879,10,182,5,140.1,4983.8,0,0,0.304,2,6.3,64.18,70.15,0.7932
SUB002484,0.638,6,94,3,192.3,6297.8,0,1,0.402,3,34.71,77.88,56.88,0.3696
SUB002485,0.648,20,143,4,238.8,3679.8,0,5,0.57,1,0.71,67.38,49.4,0.1863
SUB002486,0.506,10,169,8,101.5,3018.3,1,2,0.186,2,0.82,100.0,47.54,0.1512
SUB002487,0.744,6,142,6,179.5,5126.2,2,2,0.218,5,12.71,61.74,49.48,0.1879
SUB002488,0.728,7,148,7,223.5,4158.6,0,1,0.116,6,11.93,62.68,72.12,0.8457
SUB002489,0.774,4,71,4,204.6,7116.5,0,2,0.271,4,43.52,65.8,55.95,0.3438
SUB002490,0.707,10,101,5,162.3,3693.3,1,4,0.2,2,1.5,72.09,57.43,0.387
SUB002491,0.738,10,62,2,146.7,5747.5,0,1,0.552,3,24.64,57.15,62.93,0.5688
SUB002492,0.787,5,88,2,50.8,5037.1,1,2,0.544,3,9.87,80.79,62.0,0.5321
SUB002493,0.559,12,69,2,131.2,2133.3,0,2,0.175,4,34.26,42.95,61.68,0.5224
SUB002494,0.883,17,132,4,81.4,5437.7,0,0,0.087,4,30.36,88.68,65.9,0.6693
SUB002495,0.419,5,68,3,203.4,3250.1,0,2,0.173,4,34.05,70.76,41.79,0.0782
SUB002496,0.966,12,69,4,140.2,7836.9,0,4,0.457,3,4.93,61.17,72.36,0.8502
SUB002497,0.752,12,108,4,150.8,3244.1,0,0,0.506,2,5.85,87.07,69.39,0.7708
SUB002498,0.619,10,53,2,113.0,2769.4,0,0,0.062,2,0.4,74.53,58.57,0.4232
SUB002499,0.652,10,226,7,65.4,1745.1,0,2,0.293,6,0.2,55.35,57.01,0.3726
SUB002500,0.547,7,100,3,183.8,3239.8,0,2,0.135,2,21.5,58.95,40.86,0.071
SUB002501,0.818,4,167,4,162.1,,0,3,0.152,2,74.98,59.32,59.96,0.4695
SUB002502,0.685,10,70,3,206.0,2691.5,0,2,0.18,3,20.2,75.65,66.73,0.6938
SUB002503,0.834,13,124,6,53.9,5281.1,1,1,0.206,4,4.19,76.27,68.53,0.746
SUB002504,0.426,6,134,8,217.1,4946.0,0,2,0.096,2,21.84,62.19,46.29,0.1322
SUB002505,0.824,7,76,2,133.5,2805.6,0,1,0.048,5,5.27,70.11,64.58,0.6266
SUB002506,0.894,6,146,6,184.6,4440.5,0,0,0.082,3,28.73,100.0,75.25,0.9068
SUB002507,0.888,11,87,3,5.0,2911.7,0,0,0.278,3,8.57,52.13,69.56,0.7771
SUB002508,0.899,10,94,2,174.6,5647.4,0,1,0.231,4,7.26,64.21,80.7,0.9712
SUB002509,0.592,6,76,3,133.6,1536.1,0,3,0.298,1,53.11,76.77,61.85,0.5275
SUB002510,0.751,9,149,6,133.8,5739.7,0,0,0.356,2,63.43,88.08,70.33,0.7973
SUB002511,0.902,9,123,6,141.1,3421.2,1,1,0.329,3,87.75,66.69,65.2,0.6471
SUB002512,0.865,10,120,5,114.2,4663.8,0,2,0.49,3,1.41,40.96,74.4,0.8924
SUB002513,0.286,7,119,4,56.3,5182.8,2,0,0.294,5,14.57,90.44,26.14,0.0112
SUB002514,0.78,15,122,3,89.1,4710.7,0,1,0.109,3,9.64,85.84,64.86,0.6372
SUB002515,0.948,11,85,4,154.6,7406.6,0,0,0.364,5,4.75,64.54,72.99,0.8671
SUB002516,0.86,14,142,4,240.7,3972.4,0,0,0.018,3,2.36,74.81,75.55,0.9132
SUB002517,0.8,10,80,5,216.4,2236.1,0,3,0.299,3,3.48,93.86,71.51,0.8301
SUB002518,0.795,11,120,3,166.8,7748.3,0,3,0.623,1,29.62,69.56,63.31,0.582
SUB002519,0.843,4,105,5,102.7,4971.1,0,5,0.115,4,3.47,73.87,65.03,0.6417
SUB002520,0.894,10,92,6,273.8,4580.3,1,0,0.36,5,11.08,72.21,64.42,0.6195
SUB002521,0.473,9,106,4,187.9,7784.3,0,2,0.054,3,10.08,56.07,45.0,0.1144
SUB002522,0.751,15,120,3,200.7,2532.2,0,3,0.271,2,8.07,62.64,59.02,0.4381
SUB002523,0.747,14,142,7,,4481.6,1,3,0.227,6,9.97,85.03,47.63,0.1536
SUB002524,0.82,16,113,5,183.3,2834.9,0,0,,4,41.66,59.13,59.33,0.4492
SUB002525,0.934,7,155,8,66.7,,1,3,0.243,5,13.49,82.79,74.63,0.8975
SUB002526,0.602,9,87,2,271.9,2188.6,0,1,0.474,6,3.0,65.73,47.98,0.1591
SUB002527,0.885,17,100,4,120.5,4538.0,0,2,0.356,4,40.88,62.92,71.61,0.8325
SUB002528,0.782,6,133,3,101.6,4594.9,0,4,0.806,1,12.37,95.26,71.81,0.8388
SUB002529,0.636,15,70,4,126.0,4203.7,1,3,0.622,3,14.5,68.58,58.01,0.4068
SUB002530,0.789,14,249,9,139.8,1748.2,1,3,0.465,1,13.67,47.33,50.8,0.215
SUB002531,0.848,9,148,6,187.2,5799.6,1,0,0.415,5,60.24,69.89,70.11,0.7912
SUB002532,0.716,18,72,3,174.2,3923.1,0,2,0.238,3,16.73,38.91,62.33,0.5452
SUB002533,0.779,15,204,7,167.5,8872.5,1,0,0.132,3,21.31,84.39,75.94,0.9208
SUB002534,0.884,5,87,4,178.1,3641.4,2,2,0.081,3,57.81,43.51,59.37,0.4498
SUB002535,0.721,17,197,9,80.0,3944.3,0,1,0.12,4,18.51,56.94,59.75,0.464
SUB002536,0.77,9,144,6,191.9,4876.4,2,1,0.12,5,24.1,95.15,52.41,0.2504
SUB002537,0.842,11,65,2,161.1,2389.5,0,2,0.423,2,20.04,64.49,79.68,0.9634
SUB002538,0.559,11,79,3,110.8,6149.6,0,1,0.457,6,9.54,79.62,52.47,0.2519
SUB002539,0.586,12,68,3,163.9,2856.5,0,4,0.181,5,26.17,63.05,50.17,0.2021
SUB002540,0.83,17,99,3,177.8,3173.5,0,0,0.211,2,46.3,75.35,56.71,0.3649
SUB002541,0.604,11,155,5,5.0,5959.2,0,3,0.038,6,12.87,54.92,41.13,0.0735
SUB002542,0.851,9,187,6,229.5,5252.8,0,1,0.527,2,30.15,64.73,70.32,0.7972
SUB002543,0.853,6,75,4,210.5,,0,1,0.339,4,0.28,47.4,70.08,0.7904
SUB002544,0.468,7,72,2,62.6,2320.4,1,2,0.35,7,10.46,71.34,35.27,0.0382
SUB002545,0.581,14,127,8,116.7,6092.0,0,3,0.427,4,0.3,80.24,40.11,0.0643
SUB002546,0.862,16,66,3,249.2,2783.1,1,0,0.456,4,30.79,69.37,70.4,0.8
SUB002547,0.472,8,154,6,183.9,2182.4,0,2,0.447,5,12.13,72.03,38.79,0.0578
SUB002548,0.939,13,139,4,182.3,5249.5,0,6,0.082,3,0.93,51.74,59.56,0.4558
SUB002549,0.75,7,114,7,167.2,4247.7,1,0,0.132,3,3.41,83.63,59.2,0.4438
SUB002550,0.665,4,152,6,154.4,4401.2,0,2,0.133,4,48.14,81.34,60.66,0.4924
SUB002551,0.546,5,150,8,71.1,5753.7,1,2,0.099,3,6.67,77.86,44.33,0.1058
SUB002552,0.591,15,79,4,131.1,3915.4,1,3,0.034,2,14.0,49.4,41.99,0.0807
SUB002553,0.453,4,71,3,191.8,1731.2,0,2,0.435,3,2.68,83.18,37.22,0.0468
SUB002554,0.82,12,109,6,195.4,4035.4,2,1,0.258,4,49.14,75.41,62.19,0.5392
SUB002555,0.978,10,153,4,167.0,5196.8,0,3,0.157,4,18.31,63.02,67.16,0.7064
SUB002556,0.625,15,77,5,126.1,4652.4,0,1,0.077,3,2.1,68.96,56.53,0.3592
SUB002557,0.541,10,72,2,209.4,4091.4,2,0,0.427,4,14.68,58.55,51.08,0.2216
SUB002558,0.488,11,74,4,95.0,7986.6,1,0,0.333,2,29.72,68.5,35.19,0.0378
SUB002559,0.562,10,94,5,238.9,6959.5,0,2,0.3,3,23.53,74.93,51.59,0.2318
SUB002560,0.622,11,39,1,109.5,2393.8,1,1,0.088,7,8.67,70.42,55.23,0.3251
SUB002561,0.684,9,81,3,94.7,2350.9,0,0,0.246,8,16.37,99.07,63.88,0.5999
SUB002562,0.513,11,131,8,154.8,6644.0,0,0,0.166,5,12.48,65.11,56.15,0.3485
SUB002563,0.904,8,153,9,156.8,6363.1,2,3,0.363,3,9.23,66.93,63.28,0.5806
SUB002564,0.768,14,227,10,167.8,7354.3,0,3,0.368,1,2.09,48.51,63.03,0.5724
SUB002565,0.469,10,107,3,70.6,3868.8,0,3,0.196,2,0.08,69.59,45.84,0.1252
SUB002566,0.861,13,89,2,184.3,4204.5,0,0,0.315,4,26.55,62.18,72.74,0.8612
SUB002567,0.644,7,207,12,199.8,2367.6,0,1,0.117,2,2.0,55.69,64.96,0.6399
SUB002568,0.806,8,28,1,139.1,4355.9,0,2,0.638,2,6.7,81.18,75.6,0.9143
SUB002569,0.539,5,112,5,42.2,3601.9,0,3,0.578,2,17.71,81.92,48.47,0.1685
SUB002570,0.649,11,113,4,140.3,3394.0,1,2,0.371,3,53.05,71.29,45.45,0.1198
SUB002571,0.894,11,173,8,85.0,,1,3,0.306,4,0.42,64.09,68.3,0.7395
SUB002572,0.762,7,60,3,25.1,4066.1,0,1,0.228,4,6.84,76.76,50.31,0.2052
SUB002573,0.422,9,115,4,114.1,5812.2,0,3,0.086,1,20.16,87.98,35.51,0.039
SUB002574,0.794,6,68,2,235.4,4178.1,1,3,0.463,2,26.45,85.02,56.61,0.3619
SUB002575,0.657,14,54,2,157.0,5092.3,0,1,0.451,6,5.62,67.2,63.63,0.5926
SUB002576,0.903,14,79,2,145.6,2426.2,1,0,0.475,2,14.87,79.87,76.81,0.9343
SUB002577,0.831,9,192,13,189.6,3479.5,1,0,0.395,5,10.25,77.66,65.99,0.6719
SUB002578,0.845,8,60,3,180.7,4980.0,0,0,0.226,6,58.83,93.89,68.04,0.732
SUB002579,0.598,4,94,3,44.1,7008.7,0,2,0.532,5,5.94,96.05,58.66,0.4273
SUB002580,0.862,13,147,5,271.1,5434.5,0,0,0.389,2,32.12,63.69,91.97,0.9995
SUB002581,0.357,6,81,4,149.9,4428.1,0,1,0.229,2,21.65,79.87,49.7,0.1932
SUB002582,0.917,14,225,10,216.4,7378.5,2,3,0.157,3,35.43,53.1,52.23,0.2458
SUB002583,0.504,5,110,5,99.3,4222.9,0,2,0.404,3,10.78,72.46,51.14,0.2231
SUB002584,0.677,6,58,2,20.7,3095.2,0,0,0.246,3,21.55,72.3,54.32,0.2978
SUB002585,0.592,5,78,3,128.0,4400.3,0,2,0.091,2,19.21,68.17,54.27,0.296
SUB002586,0.801,6,59,2,71.9,4854.1,0,1,0.278,3,11.75,79.29,66.18,0.6782
SUB002587,0.264,24,82,2,262.3,2510.6,2,3,0.495,3,28.7,68.93,7.26,0.0005
SUB002588,0.627,9,99,4,62.0,4688.6,3,4,0.104,4,0.19,66.09,26.81,0.0128
SUB002589,0.264,12,149,4,157.6,2158.6,0,0,0.377,3,15.02,50.62,43.16,0.0928
SUB002590,0.922,6,244,14,174.0,4769.2,0,0,0.122,5,3.99,57.32,75.79,0.9177
SUB002591,0.615,7,100,6,166.5,4265.1,0,0,0.38,2,1.66,79.7,68.32,0.74
SUB002592,0.708,19,139,6,146.9,4646.6,0,0,0.309,5,87.84,58.15,50.52,0.2098
SUB002593,0.765,9,106,3,40.2,1593.0,0,2,0.202,2,3.56,73.91,60.99,0.5018
SUB002594,0.602,10,77,2,59.6,4535.8,1,2,0.069,4,80.46,73.16,54.07,0.2922
SUB002595,0.49,11,86,3,107.6,5740.9,0,4,0.156,3,29.95,52.42,48.96,0.1777
SUB002596,0.872,18,185,12,89.4,7037.1,0,1,0.078,5,58.0,87.58,68.17,0.7363
SUB002597,0.811,3,92,5,124.5,6639.4,0,1,0.36,3,0.31,74.97,73.68,0.8798
SUB002598,0.947,15,199,8,119.2,5033.1,0,2,0.31,4,8.96,68.53,77.43,0.9412
SUB002599,0.909,16,114,4,90.4,8287.8,0,0,0.208,4,10.05,68.02,82.71,0.9825
SUB002600,0.755,12,117,4,70.6,3444.9,0,3,0.43,2,10.53,43.74,74.55,0.8953
SUB002601,0.643,8,170,5,48.5,3757.4,0,2,0.198,3,32.75,42.64,54.23,0.2949
SUB002602,0.967,10,121,6,146.6,4632.1,0,3,0.29,3,12.71,85.52,81.1,0.9748
SUB002603,0.815,5,37,1,91.0,5425.8,1,0,0.035,4,3.13,57.88,51.36,0.2283
SUB002604,0.88,4,83,4,133.5,5379.9,1,0,0.257,3,0.02,57.6,70.39,0.7996
SUB002605,0.604,10,117,4,145.4,1032.5,0,1,0.106,6,10.43,41.89,56.2,0.3505
SUB002606,0.694,2,122,4,113.8,3163.6,0,1,0.287,3,45.08,79.33,65.76,0.665
SUB002607,0.568,7,121,4,179.8,5755.8,1,0,0.428,4,63.46,69.46,68.34,0.7402
SUB002608,0.757,6,107,4,49.6,3202.0,0,1,0.505,1,21.02,71.57,74.68,0.898
SUB002609,0.483,8,115,6,183.2,4381.9,0,5,0.187,4,28.83,73.4,45.74,0.1239
SUB002610,0.804,8,177,5,167.6,5423.7,0,3,0.491,4,9.6,74.42,57.65,0.3958
SUB002611,0.594,5,96,3,123.1,5205.5,1,3,0.345,1,30.52,66.55,51.58,0.2316
SUB002612,0.779,11,107,3,104.5,5826.0,1,6,0.462,4,12.16,65.77,67.4,0.7124
SUB002613,0.777,16,155,10,170.4,6681.7,0,3,0.337,3,6.88,62.4,47.78,0.1561
SUB002614,0.612,5,158,7,161.9,5738.9,0,0,0.332,4,11.03,44.37,62.69,0.5592
SUB002615,0.786,5,70,3,51.0,2508.8,0,1,0.307,6,3.53,47.55,64.04,0.6074
SUB002616,0.504,9,50,2,183.6,5129.7,0,3,0.436,4,19.32,94.57,57.75,0.4
SUB002617,0.394,4,145,6,236.3,6347.6,0,2,0.434,2,7.45,91.77,43.61,0.0984
SUB002618,0.858,9,129,6,143.1,5325.2,0,2,0.126,3,8.56,33.25,64.85,0.6365
SUB002619,0.765,15,111,4,243.2,6489.6,0,1,0.074,4,0.01,74.52,67.27,0.7088
SUB002620,0.883,5,150,6,163.5,5106.3,0,2,0.63,3,1.81,49.93,75.33,0.9082
SUB002621,0.943,18,102,6,189.8,4319.5,0,1,0.053,3,21.06,100.0,75.03,0.904
SUB002622,0.896,7,127,4,99.0,3364.5,1,1,0.254,2,40.32,51.53,71.79,0.8381
SUB002623,0.695,8,92,3,123.5,,0,1,0.346,3,1.41,75.52,64.48,0.6219
SUB002624,0.844,7,82,4,82.2,2842.0,0,2,0.577,3,1.55,68.4,87.98,0.9968
SUB002625,0.578,13,101,3,215.6,4497.8,3,0,0.467,5,1.07,77.05,37.38,0.0482
SUB002626,0.837,10,61,2,105.3,3770.6,0,0,0.184,6,60.8,83.95,74.17,0.889
SUB002627,0.909,8,79,3,249.7,2393.7,0,0,0.418,2,5.88,52.43,88.97,0.9977
SUB002628,0.658,6,109,3,164.3,5877.3,1,0,0.064,4,4.5,90.59,48.8,0.1752
SUB002629,0.759,10,128,4,173.6,5388.4,0,1,0.447,4,75.37,57.57,67.08,0.7036
SUB002630,0.918,16,169,8,88.6,5211.0,0,0,0.194,4,8.16,42.04,73.98,0.8853
SUB002631,0.859,8,107,6,183.9,3593.9,0,1,0.363,3,2.61,60.85,60.0,0.4704
SUB002632,0.805,9,81,3,133.8,5250.1,0,1,0.474,1,24.55,65.7,67.95,0.7293
SUB002633,0.784,4,68,3,98.2,3948.3,0,1,0.722,3,2.49,85.8,77.36,0.9407
SUB002634,0.797,9,164,4,107.6,5541.5,0,0,0.295,4,32.44,77.41,76.82,0.9346
SUB002635,0.457,24,117,3,117.5,6739.2,1,3,0.133,5,3.84,76.0,21.25,0.005
SUB002636,0.428,5,105,4,135.6,859.6,0,3,0.18,2,4.28,57.33,49.87,0.196
SUB002637,0.909,11,119,4,143.0,6098.2,0,1,0.448,3,15.14,85.43,77.83,0.9459
SUB002638,0.845,7,151,4,62.2,8315.2,0,3,0.331,1,7.29,74.74,65.15,0.6455
SUB002639,0.852,4,188,6,162.9,7521.3,0,1,0.198,3,50.1,75.88,69.6,0.7784
SUB002640,0.911,7,64,3,268.7,5479.5,0,1,0.335,3,8.8,88.11,75.03,0.904
SUB002641,0.937,21,102,3,97.6,6345.2,0,2,0.137,4,2.83,60.67,67.12,0.7058
SUB002642,0.896,11,146,5,146.2,3455.6,1,2,0.316,3,40.76,94.57,70.11,0.7912
SUB002643,0.699,10,66,4,249.5,4690.5,0,2,0.551,4,2.92,77.92,62.29,0.5428
SUB002644,0.791,5,215,11,88.4,4850.0,0,3,,5,9.88,81.96,59.04,0.4388
SUB002645,0.577,14,101,3,188.4,3804.3,1,0,0.3,3,0.22,72.41,60.08,0.4736
SUB002646,0.806,17,228,13,194.6,6622.4,0,1,0.173,5,23.25,63.18,67.02,0.7022
SUB002647,0.773,16,63,2,207.5,4018.8,1,3,0.041,2,30.46,100.0,55.52,0.3341
SUB002648,0.35,14,162,5,272.0,2028.5,0,2,0.103,1,6.99,67.55,44.46,0.107
SUB002649,0.502,6,86,5,30.6,5087.7,0,1,0.509,4,3.97,57.93,59.58,0.4572
SUB002650,0.399,5,112,5,146.5,4518.4,0,0,0.242,4,4.52,53.67,48.92,0.1768
SUB002651,0.568,3,140,5,98.9,5739.7,0,0,0.355,4,31.57,96.17,54.39,0.3001
SUB002652,0.807,6,156,9,135.6,4165.4,0,0,0.406,5,79.34,78.84,68.58,0.7475
SUB002653,0.875,10,131,4,152.7,2070.8,0,2,0.075,2,10.33,49.95,77.1,0.9376
SUB002654,0.771,6,110,3,120.4,3088.5,0,3,0.162,3,14.74,65.26,56.14,0.3482
SUB002655,0.597,15,118,4,99.8,3217.0,2,2,0.363,2,25.76,66.94,40.61,0.0692
SUB002656,0.755,16,279,10,106.8,3853.5,0,1,0.589,1,0.25,57.08,71.29,0.8246
SUB002657,0.501,15,166,5,292.5,3986.0,0,2,0.057,4,30.14,78.85,42.03,0.0811
SUB002658,0.732,4,76,2,49.1,5470.9,0,5,0.032,3,40.29,66.17,57.3,0.3819
SUB002659,0.745,10,117,3,223.6,2513.1,0,0,0.558,3,1.98,68.65,66.51,0.6865
SUB002660,0.874,10,134,8,87.9,5994.6,1,5,0.483,3,15.88,52.02,65.6,0.6586
SUB002661,0.371,15,43,2,170.7,2310.4,1,0,0.106,3,20.06,59.7,20.21,0.0042
SUB002662,0.869,4,174,6,250.1,4298.3,1,2,0.34,4,14.42,53.14,69.99,0.7882
SUB002663,0.697,9,79,4,194.7,4341.5,0,1,0.569,7,0.15,100.0,68.13,0.735
SUB002664,0.852,4,89,3,45.7,3995.5,0,1,0.225,1,52.23,28.76,63.94,0.6022
SUB002665,0.699,14,71,2,141.8,5287.8,0,3,0.448,4,11.32,58.38,51.44,0.2298
SUB002666,0.899,3,162,4,127.4,,1,1,0.482,3,30.88,68.01,76.53,0.9297
SUB002667,0.394,21,142,6,244.8,4474.7,1,2,0.121,3,10.17,60.53,20.14,0.0038
SUB002668,0.797,12,166,5,158.8,1265.4,0,2,0.132,2,2.78,72.03,52.62,0.2548
SUB002669,0.676,9,194,7,137.5,5571.1,0,1,0.466,2,73.56,55.42,59.96,0.4695
SUB002670,0.837,7,123,4,244.2,7433.0,0,1,0.178,4,5.88,72.96,81.35,0.9752
SUB002671,0.98,15,93,5,259.8,3727.1,0,5,0.425,3,17.71,86.91,65.25,0.6487
SUB002672,0.757,4,124,7,173.9,5610.7,0,0,0.332,4,19.65,38.18,66.75,0.6947
SUB002673,0.739,3,88,3,91.4,3204.3,0,1,0.182,1,30.47,60.13,69.13,0.7633
SUB002674,0.889,11,139,5,5.0,6173.1,1,1,0.577,3,14.44,61.25,66.93,0.6988
SUB002675,0.744,9,177,5,70.3,5663.4,0,2,0.086,4,13.73,91.21,55.05,0.3189
SUB002676,0.619,10,81,5,57.4,3855.1,0,2,0.506,2,1.21,72.43,60.73,0.4942
SUB002677,0.644,10,124,6,146.3,3971.3,0,2,0.586,5,84.24,55.03,59.06,0.4397
SUB002678,0.944,12,109,7,212.3,5513.0,0,0,0.42,1,13.76,69.75,75.8,0.9179
SUB002679,0.798,9,112,4,265.5,4621.4,0,1,0.43,5,2.28,46.11,70.78,0.8096
SUB002680,0.615,7,161,5,217.4,2957.9,0,2,0.301,4,37.36,91.42,67.97,0.7302
SUB002681,0.911,9,135,5,104.4,2382.9,1,0,0.163,2,10.86,74.09,64.16,0.6098
SUB002682,0.964,13,102,6,174.2,5392.4,0,3,0.442,5,7.88,66.73,75.48,0.9109
SUB002683,0.705,13,107,7,183.1,3390.4,0,0,0.142,2,3.85,72.81,66.13,0.6761
SUB002684,0.808,11,118,5,59.4,4642.9,0,2,0.311,5,1.04,63.98,68.36,0.7408
SUB002685,0.912,3,115,8,76.6,5457.1,0,1,0.144,3,16.32,52.86,63.8,0.5984
SUB002686,0.539,10,117,3,124.2,2781.3,0,2,0.282,6,12.52,60.67,48.22,0.1632
SUB002687,0.667,4,150,8,259.8,3228.7,0,1,0.166,2,33.76,84.26,59.24,0.4454
SUB002688,0.591,14,70,3,185.2,6784.0,0,2,0.472,3,30.48,68.4,54.57,0.3046
SUB002689,0.623,13,136,4,80.1,4061.6,0,4,0.31,1,11.09,73.3,64.53,0.6242
SUB002690,0.947,6,141,4,112.5,6233.5,0,0,0.289,3,20.66,84.96,67.21,0.7075
SUB002691,0.164,12,222,7,182.9,8870.9,1,0,0.122,3,8.7,80.56,29.98,0.02
SUB002692,0.944,9,110,5,131.9,4908.8,1,1,0.267,4,28.3,60.09,63.55,0.5901
SUB002693,0.901,6,135,5,116.6,3382.0,1,1,0.14,4,9.4,80.12,60.86,0.498
SUB002694,0.45,12,160,10,199.9,4990.5,1,3,,4,12.15,70.52,30.48,0.0212
SUB002695,0.774,17,134,8,255.1,4386.8,0,2,0.504,2,6.08,54.91,69.19,0.7648
SUB002696,0.662,7,52,2,214.0,4360.7,1,0,0.231,1,11.49,78.63,62.07,0.535
SUB002697,0.827,11,54,2,135.0,5345.6,0,2,0.24,3,2.96,82.27,67.53,0.7163
SUB002698,0.945,6,106,5,128.1,5777.4,1,3,0.144,4,1.32,43.98,63.1,0.5743
SUB002699,0.694,7,114,3,122.5,1562.9,1,3,0.311,3,7.53,52.79,52.93,0.2649
SUB002700,0.791,9,128,4,210.4,6424.9,1,2,0.085,3,2.64,54.48,57.99,0.406
SUB002701,0.775,6,68,2,114.7,,1,3,0.41,3,4.29,97.94,61.17,0.5072
SUB002702,0.696,6,143,6,22.6,3854.7,2,2,0.214,2,2.09,56.54,55.3,0.327
SUB002703,0.611,5,68,2,163.9,5441.2,0,3,0.515,5,26.7,40.64,57.96,0.4051
SUB002704,0.832,16,133,6,199.8,3089.3,0,1,0.714,2,10.96,49.7,75.4,0.9093
SUB002705,0.906,13,77,4,134.7,2879.2,0,1,0.13,3,5.99,79.8,67.91,0.7278
SUB002706,0.524,9,36,2,258.2,5768.5,0,3,0.303,4,36.33,58.17,41.7,0.0777
SUB002707,0.823,13,140,4,126.5,4800.5,1,1,0.087,4,12.5,55.25,59.71,0.4626
SUB002708,0.566,14,161,4,247.1,7156.5,0,1,0.615,3,52.92,42.48,61.97,0.531
SUB002709,0.707,8,84,5,63.7,3390.8,1,2,0.06,5,13.04,81.21,55.21,0.3243
SUB002710,0.572,5,132,7,151.6,5097.0,0,0,0.196,5,8.6,81.12,57.55,0.3919
SUB002711,0.989,11,121,3,104.5,5186.1,0,1,0.529,2,64.38,71.36,82.14,0.9787
SUB002712,0.777,16,82,3,163.6,5018.8,0,3,0.396,7,5.42,53.98,57.34,0.3835
SUB002713,0.844,12,67,2,201.7,5266.1,1,0,0.123,2,6.38,59.27,71.66,0.8349
SUB002714,0.941,17,144,4,136.8,5409.4,0,1,0.577,3,0.74,59.03,77.7,0.9437
SUB002715,0.923,14,210,6,120.1,5078.8,0,2,0.106,3,60.47,64.1,67.69,0.7214
SUB002716,0.935,22,102,4,172.6,,0,2,0.263,2,10.01,56.29,71.87,0.8407
SUB002717,0.845,11,52,2,378.6,5556.3,0,2,0.538,4,31.02,52.61,67.55,0.7171
SUB002718,0.762,8,43,1,156.1,654.3,1,0,0.182,3,6.2,67.59,60.1,0.4747
SUB002719,0.829,13,117,5,167.6,2734.4,3,2,0.207,5,4.3,89.58,39.87,0.063
SUB002720,0.805,16,61,2,194.1,3248.0,0,1,0.184,4,2.17,50.8,66.61,0.6905
SUB002721,0.638,10,56,2,47.0,5634.8,0,1,0.195,1,19.81,70.97,58.9,0.435
SUB002722,0.411,14,81,5,217.3,4071.7,1,0,0.251,1,4.7,85.11,28.57,0.016
SUB002723,0.917,7,143,5,183.7,7527.4,1,2,0.149,3,3.77,70.2,83.06,0.9837
SUB002724,0.707,14,138,6,55.0,2609.8,2,2,0.27,6,2.41,69.95,51.22,0.2248
SUB002725,0.885,27,146,4,345.3,3080.5,1,1,0.113,3,21.61,55.84,62.25,0.5413
SUB002726,0.838,8,92,6,144.2,1084.3,0,1,0.491,1,11.75,80.09,76.94,0.9362
SUB002727,0.642,10,95,3,83.0,2754.8,0,3,0.061,1,22.3,83.95,55.47,0.3335
SUB002728,0.887,12,165,7,174.8,3876.1,0,1,0.305,1,4.13,88.11,67.5,0.7153
SUB002729,0.388,9,100,6,92.5,6697.4,0,0,0.182,3,2.92,77.05,46.09,0.1294
SUB002730,0.842,8,66,3,47.4,5898.7,0,1,0.262,2,6.61,62.26,82.41,0.9802
SUB002731,0.819,9,83,3,130.6,4772.7,0,0,0.427,5,0.09,67.15,71.42,0.8282
SUB002732,0.778,15,147,4,151.3,4268.1,1,0,0.374,3,24.93,54.03,60.43,0.486
SUB002733,0.617,4,131,7,37.5,5802.1,0,2,0.649,5,20.15,70.35,61.62,0.5207
SUB002734,0.731,6,105,3,91.2,6434.1,1,2,0.144,6,10.62,72.67,69.02,0.7609
SUB002735,0.473,9,59,4,85.0,3324.9,1,1,0.303,4,0.19,74.81,30.89,0.0228
SUB002736,0.909,14,131,5,140.6,3834.2,0,3,0.234,3,12.98,87.98,70.39,0.7996
SUB002737,0.99,9,98,3,185.9,3842.8,0,2,0.161,2,12.75,68.83,79.91,0.9648
SUB002738,0.719,7,66,4,149.5,1728.3,0,0,,2,27.31,57.09,70.8,0.8103
SUB002739,0.737,18,145,9,172.0,6541.4,1,3,0.296,3,4.67,65.45,51.99,0.2399
SUB002740,0.861,10,100,5,40.5,3624.9,0,1,0.047,4,4.71,72.78,60.25,0.4811
SUB002741,0.856,8,115,5,142.3,4141.0,3,1,0.373,4,18.88,79.48,61.38,0.5128
SUB002742,0.357,12,175,7,90.7,7059.0,1,1,0.453,2,20.97,62.21,33.27,0.0304
SUB002743,0.701,12,126,3,52.9,3820.6,0,1,0.528,2,1.8,61.89,70.25,0.7952
SUB002744,0.797,10,141,7,202.7,6604.1,0,1,0.335,5,15.11,77.4,66.0,0.6726
SUB002745,0.56,7,112,3,61.1,1937.7,1,0,0.31,3,35.72,56.17,59.6,0.4586
SUB002746,0.725,14,152,4,167.6,5602.2,0,4,0.125,5,39.27,74.8,57.94,0.4048
SUB002747,0.621,19,72,4,147.8,3691.8,1,3,0.155,4,5.38,81.34,39.44,0.06
SUB002748,0.707,11,59,2,95.8,1925.9,0,3,0.113,4,1.89,68.25,70.6,0.8047
SUB002749,0.539,5,69,2,208.2,2641.7,1,3,0.45,1,39.47,77.94,46.24,0.1314
SUB002750,0.458,24,95,4,156.0,4685.6,0,2,0.201,4,3.93,52.22,37.84,0.0512
SUB002751,0.778,12,141,5,124.0,3265.1,0,4,0.281,2,33.09,64.29,66.58,0.6892
SUB002752,0.773,6,91,3,93.9,5029.5,0,1,0.262,4,29.08,54.61,70.49,0.8018
SUB002753,0.751,14,140,4,172.6,3582.0,0,1,0.272,1,2.09,75.92,57.22,0.3792
SUB002754,0.596,16,117,3,158.4,2155.8,0,2,0.42,5,34.97,30.76,67.59,0.7185
SUB002755,0.729,10,224,9,107.9,6574.7,0,1,0.527,2,35.46,80.01,72.13,0.8462
SUB002756,0.689,4,119,7,76.6,5036.6,0,2,0.387,3,55.44,58.06,71.09,0.8196
SUB002757,0.835,11,87,3,150.5,1730.5,1,0,0.221,2,2.21,56.25,58.85,0.4336
SUB002758,0.593,6,134,6,99.0,5649.6,0,2,0.432,2,36.48,86.68,58.08,0.4093
SUB002759,0.74,12,114,4,259.5,4753.3,1,1,0.249,2,0.87,65.68,59.65,0.4607
SUB002760,0.684,7,72,3,109.5,3712.6,0,3,0.593,2,17.9,61.05,64.21,0.611
SUB002761,0.888,12,105,4,176.1,3937.1,0,2,0.193,2,4.22,72.43,83.29,0.9845
SUB002762,0.859,8,104,3,138.5,6530.6,1,1,0.127,1,1.21,70.55,72.16,0.8473
SUB002763,0.822,11,106,3,135.7,5008.7,1,1,0.393,3,3.73,65.96,60.09,0.4742
SUB002764,0.724,14,74,2,216.0,6453.7,0,0,0.303,3,11.21,83.88,76.75,0.9338
SUB002765,0.367,14,211,5,196.8,5768.7,1,4,0.283,2,7.82,34.16,16.0,0.0018
SUB002766,0.741,6,61,3,171.7,4657.3,0,2,0.295,1,14.21,52.08,64.0,0.6054
SUB002767,0.918,8,176,5,177.0,3744.1,0,1,0.365,5,66.27,52.49,68.24,0.7383
SUB002768,0.587,8,110,5,47.1,4786.7,0,1,0.15,3,11.76,91.93,63.95,0.6028
SUB002769,0.855,11,78,3,179.4,5921.5,1,3,0.33,3,9.43,88.49,62.06,0.5345
SUB002770,0.613,16,197,6,153.2,5106.8,0,2,0.368,1,18.98,70.08,50.8,0.215
SUB002771,0.532,9,38,1,116.2,7094.6,0,1,0.336,1,16.34,67.2,59.69,0.4619
SUB002772,0.854,12,78,3,363.6,5919.3,0,4,0.367,4,17.16,62.84,71.41,0.8274
SUB002773,0.925,9,102,3,58.6,2712.6,1,0,0.382,2,31.7,83.53,70.27,0.7954
SUB002774,0.695,7,82,4,135.6,3682.6,0,1,0.486,6,37.04,50.06,65.17,0.6463
SUB002775,0.595,5,107,3,124.7,5545.0,1,2,0.123,4,17.32,81.36,49.02,0.1788
SUB002776,0.828,8,137,4,139.1,2394.6,1,2,0.149,6,24.69,92.68,65.84,0.6676
SUB002777,0.812,5,67,2,74.2,4160.3,0,4,0.4,2,8.62,71.15,64.37,0.6173
SUB002778,0.875,5,121,4,148.5,3206.0,0,0,0.523,4,70.49,72.44,80.56,0.9704
SUB002779,0.792,11,142,4,85.6,4771.1,1,3,0.292,4,10.65,70.35,58.17,0.4132
SUB002780,0.915,12,70,3,173.0,2963.0,0,0,0.597,5,8.52,61.77,82.44,0.9803
SUB002781,0.811,14,117,3,171.4,6165.1,0,1,0.643,1,0.56,43.5,58.84,0.4333
SUB002782,0.768,4,104,3,117.3,3756.2,0,1,0.464,2,18.82,70.23,66.25,0.6806
SUB002783,0.898,13,75,3,154.6,5372.0,0,0,0.246,5,5.59,58.46,66.17,0.6774
SUB002784,0.882,3,77,2,224.0,2144.7,2,3,,3,44.67,54.76,51.78,0.2358
SUB002785,0.889,7,78,3,175.7,3933.0,0,2,0.2,2,2.51,64.9,72.42,0.8527
SUB002786,0.571,9,92,4,157.4,2540.7,1,0,0.12,4,28.84,78.78,53.08,0.2682
SUB002787,0.778,7,92,3,166.5,6250.1,0,3,0.448,3,57.5,74.34,73.58,0.8775
SUB002788,0.552,9,178,9,149.4,3728.4,0,0,0.149,3,34.1,73.44,60.11,0.4752
SUB002789,0.868,10,124,4,183.1,4489.1,0,1,0.036,5,4.06,77.91,64.0,0.6054
SUB002790,0.802,2,126,3,89.6,5157.9,0,2,0.567,2,15.47,73.94,72.09,0.8453
SUB002791,0.875,12,115,3,288.6,3455.3,0,1,0.106,3,49.32,81.28,71.92,0.8419
SUB002792,0.55,7,119,4,152.3,2794.5,0,0,0.073,4,9.0,84.23,49.54,0.1892
SUB002793,0.702,13,129,3,328.6,4923.4,1,1,0.533,2,35.43,81.35,57.41,0.3866
SUB002794,0.766,13,71,3,292.0,1456.6,0,2,0.457,4,16.99,57.44,70.86,0.8118
SUB002795,0.917,10,105,6,119.8,6537.7,0,1,0.348,3,6.61,80.33,79.06,0.9579
SUB002796,0.92,14,79,2,176.4,4190.0,0,5,0.061,3,24.67,61.3,59.7,0.4622
SUB002797,0.758,6,155,5,159.9,2563.8,0,0,0.031,2,5.97,53.56,60.71,0.4936
SUB002798,0.945,7,89,2,197.0,4048.0,0,4,0.102,5,35.74,58.47,70.96,0.8143
SUB002799,0.929,4,129,5,139.9,5511.7,0,1,0.317,3,13.22,54.49,63.11,0.5748
SUB002800,0.89,12,138,7,228.4,3464.4,1,1,0.2,1,35.99,80.86,63.72,0.5958
SUB002801,0.827,9,121,7,41.5,1692.0,0,5,0.393,3,3.65,71.81,68.72,0.7509
SUB002802,0.878,9,117,5,110.4,4400.0,0,3,0.485,3,85.82,84.11,69.0,0.7602
SUB002803,0.508,8,110,3,132.5,5691.8,0,0,0.102,3,11.73,84.17,55.19,0.3231
SUB002804,0.935,8,141,5,104.0,5054.6,0,0,0.11,4,8.01,66.08,62.08,0.5355
SUB002805,0.698,5,81,4,31.1,5009.2,1,1,0.26,4,27.43,78.25,61.08,0.5047
SUB002806,0.976,5,125,6,188.0,6060.1,0,1,0.301,1,35.9,46.86,72.45,0.8538
SUB002807,0.75,19,55,2,110.6,,1,1,0.347,3,10.28,55.02,57.29,0.3816
SUB002808,0.68,11,87,3,112.5,,0,1,0.368,2,15.87,46.12,69.48,0.7743
SUB002809,0.812,9,91,3,192.3,2467.9,2,1,,4,12.81,54.34,59.15,0.4423
SUB002810,0.794,8,63,2,217.5,4566.8,1,1,0.295,5,6.87,56.27,58.25,0.4158
SUB002811,0.768,11,117,4,119.1,5000.6,1,2,0.4,1,27.43,60.09,68.56,0.7468
SUB002812,0.942,15,83,3,102.8,2091.7,0,2,0.094,5,0.11,61.1,67.47,0.7147
SUB002813,0.551,10,167,9,101.2,3661.7,0,4,0.205,9,47.24,57.34,45.32,0.1178
SUB002814,0.452,23,100,4,255.9,7083.1,0,3,0.324,3,1.85,51.64,33.82,0.0327
SUB002815,0.62,12,137,5,226.3,4153.9,1,1,0.235,1,55.0,82.53,50.85,0.2163
SUB002816,0.848,7,157,7,161.2,5100.5,1,6,,2,53.13,65.57,49.81,0.1947
SUB002817,0.517,5,131,6,149.8,7341.2,1,0,0.091,2,5.66,76.13,41.47,0.0759
SUB002818,0.849,15,95,3,85.9,4616.3,0,2,0.199,2,1.18,56.93,73.96,0.8848
SUB002819,0.636,6,110,3,165.9,5731.1,0,1,0.043,2,24.32,52.27,66.59,0.6898
SUB002820,0.467,13,64,2,206.1,5176.6,0,0,0.379,2,18.8,83.38,49.39,0.1862
SUB002821,0.994,11,138,5,162.9,4186.1,0,2,0.02,4,17.17,85.5,80.53,0.9701
SUB002822,0.846,4,228,8,144.1,4550.4,0,2,0.553,4,4.9,71.74,72.98,0.8667
SUB002823,0.745,11,152,8,91.1,6532.4,1,0,0.272,4,18.03,66.54,56.69,0.3642
SUB002824,0.771,12,93,3,226.1,4452.9,0,0,0.214,6,25.6,91.99,73.13,0.8702
SUB002825,0.225,8,97,6,62.4,2971.7,0,1,0.086,7,11.58,84.39,32.59,0.0278
SUB002826,0.323,8,154,8,143.0,6393.5,0,1,0.224,2,38.99,64.45,48.41,0.1666
SUB002827,0.854,8,47,2,171.5,500.0,1,0,0.037,2,11.95,53.36,62.3,0.5434
SUB002828,0.91,15,67,3,233.5,6702.4,1,1,0.28,1,39.22,89.57,71.07,0.8182
SUB002829,0.937,7,84,3,204.2,4140.2,0,1,0.569,2,0.85,31.21,75.99,0.9218
SUB002830,0.791,4,87,2,200.4,4447.0,1,2,0.465,3,5.29,66.52,66.72,0.6932
SUB002831,0.719,9,53,2,128.9,4389.5,0,3,0.133,5,65.99,61.15,52.13,0.2433
SUB002832,0.81,4,127,7,271.4,6631.0,0,2,0.417,4,86.4,57.71,61.31,0.5107
SUB002833,0.433,11,94,5,218.3,4731.3,0,3,0.238,2,9.71,55.87,49.93,0.1977
SUB002834,0.736,6,94,6,116.8,4436.0,0,0,0.216,4,35.64,66.29,66.51,0.6865
SUB002835,0.949,8,115,3,126.7,3146.5,0,3,0.13,5,10.06,84.01,70.75,0.8082
SUB002836,0.767,6,60,2,183.6,3229.6,1,1,0.325,3,20.65,55.47,62.74,0.5614
SUB002837,0.727,17,106,5,143.0,5493.1,2,1,0.157,4,33.5,91.04,40.5,0.0686
SUB002838,0.777,11,60,2,76.4,4634.0,0,1,0.503,2,10.75,63.2,76.05,0.9228
SUB002839,0.982,5,127,4,140.0,7165.7,0,3,0.121,3,2.92,48.17,68.78,0.7533
SUB002840,0.609,10,162,4,13.7,3587.7,0,2,0.171,4,12.82,55.9,54.56,0.3042
SUB002841,0.716,5,137,5,156.5,2954.2,2,2,0.532,2,1.99,59.76,51.8,0.2362
SUB002842,0.778,8,88,3,,4889.7,1,1,0.55,4,19.07,60.31,72.44,0.8535
SUB002843,0.896,15,132,6,,4531.9,1,2,0.132,3,47.29,51.5,51.17,0.224
SUB002844,0.628,11,99,3,222.0,2697.2,0,2,0.201,6,8.78,77.23,47.32,0.1476
SUB002845,0.658,6,113,3,189.1,3786.5,0,3,0.292,4,3.3,76.98,47.19,0.1453
SUB002846,0.796,5,129,4,73.9,5702.2,0,1,0.251,3,10.24,65.37,69.54,0.7764
SUB002847,0.948,12,36,1,158.7,2199.6,0,0,0.14,2,10.41,50.89,74.0,0.8858
SUB002848,0.961,19,55,2,145.8,2568.7,0,1,0.533,2,15.85,58.23,83.41,0.9852
SUB002849,0.859,9,102,3,127.6,3417.6,1,1,0.222,6,45.29,68.22,67.45,0.7139
SUB002850,0.464,15,80,3,233.8,3338.4,0,1,0.065,2,29.06,48.16,35.75,0.0401
SUB002851,0.569,11,107,3,190.5,5724.6,1,0,0.278,5,31.26,48.44,48.37,0.1658
SUB002852,0.873,12,114,3,112.9,3737.2,2,1,0.105,4,2.6,63.32,62.66,0.5582
SUB002853,0.938,5,88,3,148.5,6887.1,1,0,0.452,5,11.8,44.71,71.25,0.8237
SUB002854,0.704,8,96,4,98.7,2915.5,0,2,,2,18.5,77.96,62.45,0.5504
SUB002855,0.668,9,74,3,117.9,4917.3,0,0,0.524,2,25.36,69.94,62.31,0.544
SUB002856,0.893,3,119,4,221.4,4534.8,0,1,0.465,3,7.47,87.8,76.52,0.9292
SUB002857,0.47,7,144,8,293.8,4724.8,0,0,0.344,3,40.52,49.1,45.37,0.119
SUB002858,0.204,7,61,2,247.7,612.2,0,4,0.359,5,1.38,57.48,31.98,0.0257
SUB002859,0.455,6,141,8,154.6,3058.9,1,2,,2,6.97,79.42,40.08,0.0642
SUB002860,0.576,8,125,5,,4373.9,0,2,0.075,3,14.22,79.39,51.88,0.2378
SUB002861,0.596,13,137,8,220.2,1730.7,0,2,0.606,4,9.53,43.96,57.76,0.4002
SUB002862,0.456,13,163,7,165.1,500.0,1,1,0.567,7,4.69,90.72,37.95,0.0523
SUB002863,0.801,16,88,2,,2587.9,0,1,0.137,3,8.72,56.03,61.19,0.5081
SUB002864,0.735,14,154,10,271.1,5276.0,0,0,0.237,4,28.47,88.81,71.44,0.8287
SUB002865,0.723,10,165,8,78.7,5540.8,1,0,0.121,5,7.82,64.2,44.2,0.1048
SUB002866,0.611,17,63,3,243.5,2479.6,1,1,0.375,3,38.17,81.05,40.86,0.071
SUB002867,0.705,7,114,4,186.6,4268.0,0,1,0.551,2,27.2,36.26,67.9,0.7272
SUB002868,0.445,9,112,3,258.6,5195.5,0,4,0.269,5,28.12,100.0,51.29,0.2265
SUB002869,0.781,19,168,5,228.8,6827.6,0,2,0.275,1,2.17,67.77,57.8,0.4013
SUB002870,0.807,7,252,7,105.7,7189.3,0,0,0.119,3,5.65,87.66,75.3,0.9078
SUB002871,0.836,3,138,7,194.1,6056.9,0,2,0.08,4,6.65,69.21,63.4,0.5853
SUB002872,0.669,5,213,10,113.2,4256.1,1,1,0.029,3,7.45,73.65,49.37,0.1858
SUB002873,0.907,8,82,2,85.4,4336.1,1,1,,2,0.03,83.1,72.34,0.8499
SUB002874,0.833,6,133,9,28.1,4771.9,1,0,0.151,4,0.59,94.3,69.42,0.772
SUB002875,0.853,4,106,4,124.6,4205.1,0,0,0.339,2,11.07,67.99,73.7,0.8802
SUB002876,0.773,13,128,5,57.7,2575.2,0,1,0.134,3,30.03,92.06,76.05,0.9228
SUB002877,0.653,11,138,4,239.2,6851.6,0,1,0.117,3,4.94,68.39,63.13,0.5759
SUB002878,0.877,3,147,6,34.7,5384.2,1,2,0.303,1,23.6,77.14,50.94,0.2188
SUB002879,0.578,14,96,3,139.2,5785.0,0,2,0.405,4,7.16,71.47,55.04,0.3184
SUB002880,0.625,22,103,3,165.8,5505.7,2,1,0.253,4,69.11,71.11,41.25,0.0743
SUB002881,0.368,7,143,6,151.3,4064.9,0,1,0.318,1,34.45,64.8,51.77,0.2356
SUB002882,0.765,11,122,7,101.0,2361.4,0,1,0.586,3,3.42,63.31,77.78,0.9448
SUB002883,0.871,5,85,3,203.1,5551.1,0,3,0.167,4,25.78,65.54,71.63,0.8333
SUB002884,0.869,10,104,7,159.8,5549.6,0,1,0.366,5,6.15,82.57,74.44,0.8934
SUB002885,0.484,11,158,7,151.9,5224.5,0,1,0.214,3,23.15,86.08,53.97,0.2896
SUB002886,0.794,8,76,3,105.0,7608.7,0,2,0.101,2,10.43,38.3,65.5,0.6558
SUB002887,0.923,6,108,4,171.0,3690.6,0,2,0.354,2,67.48,61.86,59.06,0.4397
SUB002888,0.768,7,66,3,224.8,3858.0,2,1,0.219,3,28.87,41.96,56.64,0.3632
SUB002889,0.737,3,164,4,290.7,5130.0,0,1,0.571,5,5.35,70.84,59.24,0.4454
SUB002890,0.867,9,258,14,90.5,4544.2,0,0,0.224,3,1.03,48.55,85.06,0.9908
SUB002891,0.698,18,180,5,165.8,4547.9,0,0,0.369,2,45.17,49.44,57.44,0.3876
SUB002892,0.527,5,90,3,20.6,5998.8,0,1,0.236,4,19.27,63.17,55.81,0.3412
SUB002893,0.881,16,90,3,208.8,3478.8,0,0,0.212,2,16.0,45.16,73.62,0.8785
SUB002894,0.859,8,160,5,62.1,3931.0,0,2,0.248,4,22.26,76.45,75.86,0.9195
SUB002895,0.834,3,153,8,145.5,5631.4,0,2,0.138,2,37.05,70.99,71.26,0.8239
SUB002896,0.603,13,190,6,233.1,2970.4,0,3,0.316,6,0.09,57.03,54.42,0.3006
SUB002897,0.831,9,110,3,122.3,4427.1,0,3,0.328,6,1.5,74.99,82.65,0.9816
SUB002898,0.782,5,72,2,79.1,4158.5,1,1,0.154,1,4.63,61.62,67.92,0.7283
SUB002899,0.826,6,111,3,217.1,5495.0,0,4,0.254,2,7.28,69.21,60.51,0.4878
SUB002900,0.612,7,105,6,183.6,5729.9,0,0,0.057,3,2.8,100.0,57.67,0.3968
SUB002901,0.703,8,235,6,76.2,4935.2,0,1,0.166,2,1.04,64.2,78.13,0.9491
SUB002902,0.756,10,139,4,158.4,4566.1,0,2,0.178,4,33.2,69.46,49.81,0.1947
SUB002903,0.924,10,55,1,98.8,4222.2,0,2,0.504,2,36.04,79.17,75.12,0.9053
SUB002904,0.948,13,141,5,222.6,4243.1,1,0,0.102,3,118.93,100.0,64.69,0.6308
SUB002905,0.674,9,164,5,154.4,6758.0,1,0,0.402,4,61.44,58.68,52.53,0.2533
SUB002906,0.965,10,155,5,241.7,5527.6,0,1,0.26,5,0.17,62.09,66.55,0.688
SUB002907,0.47,9,151,6,91.1,6654.3,0,1,0.63,5,10.78,76.33,57.7,0.3978
SUB002908,0.253,26,121,3,211.6,3289.8,0,2,0.264,2,48.83,61.13,30.21,0.0203
SUB002909,0.667,2,103,5,125.3,6391.8,0,2,0.153,3,6.07,71.72,60.25,0.4811
SUB002910,0.857,5,71,2,,,0,1,0.192,3,29.12,97.3,72.5,0.8548
SUB002911,0.73,5,195,7,101.0,,0,3,0.154,1,1.9,64.23,57.48,0.3897
SUB002912,0.903,9,134,6,11.9,1806.5,0,3,0.554,3,32.9,61.22,80.82,0.9725
SUB002913,0.352,9,91,3,187.7,6894.5,2,2,0.517,2,28.43,95.04,33.3,0.0307
SUB002914,0.745,8,116,4,147.2,5240.7,1,2,0.1,2,12.82,60.95,65.97,0.6713
SUB002915,0.577,11,71,4,103.1,7150.6,1,1,0.13,1,16.24,72.61,41.8,0.0784
SUB002916,0.861,12,116,3,125.9,6247.7,0,0,0.202,4,0.28,39.41,67.6,0.7188
SUB002917,0.71,8,173,7,73.8,1794.1,0,1,0.329,2,44.97,77.82,64.48,0.6219
SUB002918,0.813,13,141,4,47.5,6987.4,1,0,0.359,4,33.88,71.82,69.39,0.7708
SUB002919,0.824,8,162,9,206.3,5090.3,1,1,0.081,3,21.84,45.75,59.38,0.4503
SUB002920,0.678,10,158,10,184.3,5752.9,1,1,0.108,1,7.18,67.38,58.62,0.4258
SUB002921,0.535,3,130,7,47.9,5462.9,0,0,0.225,3,30.03,82.31,45.29,0.1172
SUB002922,0.654,8,105,5,295.5,4376.9,0,1,0.207,3,14.32,59.74,63.68,0.5944
SUB002923,0.466,13,97,3,91.4,3878.3,0,2,0.449,4,4.57,60.19,45.3,0.1175
SUB002924,0.948,2,190,7,168.9,6008.5,0,4,0.335,4,27.75,85.47,67.09,0.7042
SUB002925,0.732,9,136,4,147.2,3431.7,0,3,0.339,3,9.6,66.97,62.89,0.5666
SUB002926,0.552,5,132,4,59.2,4702.4,2,1,0.352,4,29.4,78.29,47.77,0.1558
SUB002927,0.393,10,136,6,171.0,6782.8,0,0,0.159,3,37.68,86.66,40.22,0.0653
SUB002928,0.816,8,101,3,132.9,,0,2,0.108,2,4.86,55.26,74.99,0.9036
SUB002929,0.647,10,129,4,111.8,4346.6,0,1,0.379,4,3.65,55.97,56.22,0.3513
SUB002930,0.864,6,87,5,217.1,,0,1,0.693,1,13.27,73.37,91.4,0.9992
SUB002931,0.562,8,94,3,181.4,3242.8,0,0,0.049,7,34.62,55.92,46.3,0.1325
SUB002932,0.642,5,144,6,178.2,1857.8,0,2,0.248,3,44.98,67.89,53.24,0.2723
SUB002933,0.725,7,134,5,128.1,1697.2,0,1,0.396,4,11.64,73.26,60.01,0.4709
SUB002934,0.765,9,21,1,168.1,3399.7,0,3,0.309,5,9.26,79.29,64.23,0.6114
SUB002935,0.869,4,145,5,130.4,7251.3,2,1,0.34,4,11.28,63.22,67.84,0.7248
SUB002936,0.891,8,153,6,174.0,3620.9,1,0,0.289,3,3.1,94.62,66.97,0.7002
SUB002937,0.899,5,101,4,76.7,4073.1,1,0,0.343,2,23.88,100.0,71.02,0.8166
SUB002938,0.867,8,112,4,5.0,4639.6,0,1,0.259,6,28.65,55.71,67.46,0.7143
SUB002939,0.799,4,141,4,213.4,6364.2,1,2,0.254,5,1.95,100.0,65.65,0.6599
SUB002940,0.877,21,84,4,182.1,5705.5,0,1,0.379,3,33.31,59.41,67.08,0.7036
SUB002941,0.636,13,38,2,193.3,3959.9,0,1,0.155,3,21.31,45.76,73.58,0.8775
SUB002942,0.962,8,60,2,102.9,5199.2,1,0,0.588,1,7.09,69.33,78.23,0.95
SUB002943,0.709,16,92,3,154.6,6051.4,1,0,0.263,1,15.34,75.28,58.75,0.4308
SUB002944,0.917,6,102,4,229.2,2041.8,1,2,0.184,3,109.29,59.7,71.42,0.8282
SUB002945,0.626,15,128,4,186.8,4074.8,0,1,0.149,6,11.99,64.37,43.42,0.0952
SUB002946,0.801,10,165,8,282.3,3024.0,1,1,0.551,4,1.57,78.99,60.43,0.486
SUB002947,0.901,6,104,3,191.5,3430.1,1,0,0.208,6,11.95,42.23,69.17,0.7642
SUB002948,0.707,11,90,3,112.9,5425.1,0,2,0.612,4,27.63,66.26,74.27,0.8902
SUB002949,0.555,13,71,3,,2554.6,0,2,0.347,4,4.78,49.75,50.51,0.2095
SUB002950,0.31,8,86,3,244.9,7894.1,0,0,0.476,7,7.4,60.63,42.25,0.083
SUB002951,0.5,12,86,3,169.2,5418.5,1,3,0.295,2,9.05,92.11,42.4,0.0847
SUB002952,0.798,12,118,4,194.7,3713.1,1,1,0.618,3,32.45,72.57,68.11,0.7345
SUB002953,0.938,10,86,2,234.8,4232.7,1,2,0.204,4,1.78,100.0,79.48,0.9621
SUB002954,0.549,4,100,4,5.0,2567.6,0,1,0.262,2,33.1,60.05,51.97,0.2391
SUB002955,0.467,10,96,2,192.1,2268.2,0,1,0.545,3,11.2,86.5,62.23,0.5404
SUB002956,0.697,2,114,3,206.8,3991.9,0,0,0.207,5,9.47,81.73,51.16,0.2236
SUB002957,0.583,8,138,6,97.9,,2,1,0.291,4,16.6,42.49,49.23,0.1825
SUB002958,0.492,11,129,3,215.7,2534.7,0,1,0.278,3,9.42,58.98,53.11,0.2692
SUB002959,0.565,5,80,3,134.7,6249.5,0,1,0.384,6,4.08,89.35,55.92,0.3432
SUB002960,0.912,13,92,2,57.5,4181.5,0,1,0.144,4,54.76,74.67,77.97,0.9472
SUB002961,0.503,7,148,4,188.4,5098.0,0,1,,6,28.86,56.16,52.65,0.2565
SUB002962,0.943,5,161,6,134.4,4914.6,1,0,0.246,2,2.6,43.11,58.58,0.4237
SUB002963,0.661,12,67,3,151.5,5496.7,0,0,0.492,4,3.83,39.5,61.83,0.5271
SUB002964,0.784,16,64,2,206.8,5966.5,1,3,0.078,2,14.21,81.17,54.42,0.3006
SUB002965,0.543,9,192,8,90.0,4638.2,1,3,0.252,1,16.74,50.64,43.44,0.0954
SUB002966,0.841,16,71,2,214.3,5119.8,2,0,0.198,4,0.89,92.78,54.71,0.3082
SUB002967,0.539,6,83,3,83.3,6366.1,2,2,0.302,1,34.65,83.09,39.64,0.062
SUB002968,0.802,6,101,4,228.8,5726.1,0,1,0.303,4,1.02,28.5,64.83,0.6354
SUB002969,0.794,14,82,3,230.3,3790.2,0,2,0.272,4,13.87,74.98,61.03,0.5033
SUB002970,0.904,11,84,2,245.3,4127.4,0,1,0.424,3,10.16,57.38,73.71,0.8808
SUB002971,0.509,5,84,3,162.9,2940.2,1,1,0.419,3,35.86,65.96,51.14,0.2231
SUB002972,0.521,17,118,4,145.6,7316.6,1,2,0.3,1,13.43,69.31,29.8,0.0197
SUB002973,0.779,8,59,2,,4754.7,1,3,0.268,1,54.8,64.44,57.02,0.3732
SUB002974,0.924,9,148,4,100.2,2634.9,0,2,0.069,3,16.63,73.05,72.26,0.8488
SUB002975,0.424,18,39,1,163.6,2935.3,1,1,0.563,2,14.46,49.5,30.9,0.023
SUB002976,0.819,16,64,3,126.8,4089.6,1,1,0.226,2,13.28,80.84,53.54,0.2798
SUB002977,0.702,15,184,8,184.5,6933.1,0,0,0.244,2,7.94,43.92,62.5,0.5525
SUB002978,0.743,6,93,3,89.7,4178.5,0,0,0.324,6,17.82,63.16,66.05,0.674
SUB002979,0.584,10,199,9,112.7,5900.9,0,2,0.356,2,53.61,63.23,52.69,0.258
SUB002980,0.837,11,90,3,130.1,3378.1,0,1,0.403,5,6.89,90.65,67.8,0.7241
SUB002981,0.659,6,55,3,91.4,5241.5,1,2,0.057,5,1.8,51.29,52.15,0.2438
SUB002982,0.542,5,53,2,114.5,6216.8,0,1,0.607,2,0.08,72.99,48.99,0.1779
SUB002983,0.513,8,109,4,179.0,5729.6,1,1,0.059,2,6.77,78.91,47.31,0.1473
SUB002984,0.806,13,54,2,106.0,584.6,0,0,0.243,4,8.26,79.44,71.41,0.8274
SUB002985,0.691,2,83,3,53.8,4186.1,1,0,0.25,3,1.42,63.78,47.29,0.147
SUB002986,0.365,9,136,4,136.3,3093.4,1,2,0.458,4,36.33,76.61,31.76,0.025
SUB002987,0.467,5,117,3,66.6,5591.9,1,1,0.829,3,5.7,89.33,36.43,0.043
SUB002988,0.543,13,97,5,239.2,4590.4,2,5,0.248,5,5.83,56.24,45.59,0.1222
SUB002989,0.704,10,112,3,108.1,7127.5,0,3,0.405,2,1.93,62.6,54.55,0.3039
SUB002990,0.764,5,137,5,137.9,4186.5,1,2,0.458,2,58.6,68.94,70.35,0.798
SUB002991,0.944,13,92,4,186.2,,0,2,0.346,3,1.8,55.45,73.04,0.8682
SUB002992,0.932,10,147,4,74.3,4550.2,1,1,0.263,3,10.29,91.93,72.95,0.8662
SUB002993,0.648,8,109,3,93.3,,0,1,0.184,3,16.53,64.25,61.24,0.509
SUB002994,0.642,21,159,5,145.2,3337.6,2,0,0.392,3,8.71,64.74,32.88,0.029
SUB002995,0.848,8,112,4,190.9,3059.8,0,1,0.167,4,20.84,52.86,65.96,0.6708
SUB002996,0.858,7,64,3,250.9,3475.1,0,1,0.239,3,1.75,74.91,69.45,0.773
SUB002997,0.885,11,82,3,264.4,5287.1,1,2,0.478,2,10.39,79.09,59.17,0.443
SUB002998,0.926,18,107,4,250.4,6093.7,0,1,0.233,2,0.28,49.83,67.65,0.7208
SUB002999,0.668,3,253,9,54.6,5125.5,0,3,0.248,2,7.47,77.65,59.4,0.4515
SUB003000,0.66,14,80,2,109.4,5287.3,0,0,0.35,4,24.89,80.52,53.92,0.2879
SUB003001,0.944,12,228,9,239.2,5901.9,0,2,0.141,3,66.35,72.51,82.54,0.9808
SUB003002,0.616,16,152,5,259.5,4673.7,0,0,0.584,3,6.06,54.37,53.62,0.2812
SUB003003,0.708,15,155,5,212.7,4653.1,1,0,0.075,5,4.46,63.25,44.99,0.1141
SUB003004,0.928,11,137,4,201.3,5828.8,0,2,0.141,4,16.87,43.95,77.85,0.9463
SUB003005,0.706,11,220,6,127.3,7973.4,1,0,0.656,4,3.2,47.08,54.7,0.3078
SUB003006,0.701,9,85,2,250.0,5907.0,2,0,0.149,5,35.66,80.33,46.77,0.1392
SUB003007,0.675,17,150,9,127.1,6554.3,0,1,0.448,2,67.87,89.47,65.71,0.6623
SUB003008,0.775,6,68,2,41.4,7398.7,0,0,0.258,3,11.25,62.69,64.01,0.6061
SUB003009,0.757,9,85,2,195.1,3377.9,1,2,0.111,2,0.33,76.59,64.27,0.6132
SUB003010,0.504,13,141,9,,5757.2,0,1,,3,13.16,59.06,50.44,0.2086
SUB003011,0.751,13,156,5,81.1,6964.4,1,0,0.382,6,60.61,66.59,56.59,0.3616
SUB003012,0.761,13,127,4,211.7,6043.8,1,0,0.282,3,47.95,74.2,63.73,0.5961
SUB003013,0.62,11,51,2,43.3,3356.4,1,2,0.369,4,13.69,75.66,48.46,0.1681
SUB003014,0.878,13,79,2,186.3,3199.8,1,2,0.446,2,8.82,61.4,73.13,0.8702
SUB003015,0.987,11,64,2,126.2,6769.6,0,2,0.425,3,6.2,80.24,79.71,0.9637
SUB003016,0.749,18,105,5,270.1,5148.5,0,2,0.268,3,4.89,49.99,62.27,0.5417
SUB003017,0.905,6,64,4,165.4,4778.4,0,2,0.42,5,13.23,90.18,66.4,0.6848
SUB003018,0.639,13,86,4,,4459.2,0,1,0.357,4,3.16,54.86,54.16,0.2934
SUB003019,0.92,9,85,2,81.9,6690.1,2,2,,4,45.73,76.39,52.04,0.2413
SUB003020,0.81,10,171,10,48.4,6316.2,0,1,0.335,2,33.17,45.13,77.17,0.9382
SUB003021,0.824,19,89,3,155.3,4165.9,0,3,0.294,1,18.37,50.02,58.37,0.4188
SUB003022,0.663,19,225,7,213.7,6492.1,1,1,0.291,1,17.24,42.65,41.8,0.0784
SUB003023,0.669,17,93,5,175.3,4732.3,1,4,0.418,2,29.05,48.17,44.24,0.105
SUB003024,0.437,7,134,6,210.0,5977.8,0,0,0.346,5,12.36,85.69,46.23,0.1311
SUB003025,0.696,7,120,3,173.8,6634.3,0,3,0.516,4,53.67,62.9,72.69,0.8598
SUB003026,0.717,5,113,4,72.0,6419.6,0,1,0.411,4,3.43,77.11,68.49,0.7457
SUB003027,0.73,17,151,5,198.9,2166.4,2,3,0.404,6,8.19,76.51,38.92,0.0585
SUB003028,0.769,6,107,4,148.3,5305.5,2,2,0.153,5,1.14,77.55,49.26,0.1829
SUB003029,0.734,8,86,4,220.2,6647.1,0,1,0.131,4,37.54,85.82,65.18,0.6467
SUB003030,0.776,7,142,5,85.4,3631.8,0,1,0.379,1,2.51,64.54,70.49,0.8018
SUB003031,0.554,7,74,3,101.2,7353.9,0,2,0.332,3,55.87,61.75,54.16,0.2934
SUB003032,0.456,4,95,4,155.8,5406.0,1,1,0.272,4,10.83,45.92,28.03,0.0152
SUB003033,0.657,8,151,8,228.8,6192.7,2,2,0.241,1,12.19,69.33,50.75,0.2141
SUB003034,0.517,10,103,3,138.0,5951.4,0,1,0.192,4,5.03,67.17,51.98,0.2395
SUB003035,0.744,5,129,6,170.8,2628.3,0,1,0.297,3,8.86,52.51,67.82,0.7247
SUB003036,0.9,6,121,6,140.1,6098.1,0,2,0.16,3,42.53,57.77,58.24,0.4152
SUB003037,0.78,16,88,2,165.5,5179.8,0,2,0.579,2,7.29,55.85,66.4,0.6848
SUB003038,0.786,6,105,4,207.1,3853.0,0,1,0.307,2,2.8,48.79,74.59,0.8966
SUB003039,0.77,9,72,2,153.6,6795.3,0,3,0.197,3,56.97,90.9,64.43,0.6199
SUB003040,0.728,9,161,5,120.4,1962.8,1,3,0.435,2,24.6,77.01,56.69,0.3642
SUB003041,0.907,6,96,4,107.9,3561.2,0,2,0.415,3,31.06,91.14,70.78,0.8096
SUB003042,0.946,14,165,6,143.6,7005.1,1,2,0.112,4,8.05,81.44,53.76,0.2842
SUB003043,0.611,16,101,3,126.5,6018.5,0,3,0.72,1,7.23,84.79,57.08,0.3747
SUB003044,0.847,5,133,6,120.7,3858.6,0,3,0.368,2,7.05,41.76,64.8,0.6344
SUB003045,0.658,7,73,3,144.5,3296.8,0,4,0.319,2,6.09,57.92,64.36,0.6168
SUB003046,0.783,6,156,8,155.2,4537.2,0,4,0.517,4,18.26,85.37,59.39,0.4508
SUB003047,0.55,8,36,1,84.9,4767.6,1,5,0.305,1,10.55,80.73,44.98,0.1137
SUB003048,0.309,9,103,5,121.8,3999.7,0,3,0.14,4,21.24,81.18,40.17,0.0648
SUB003049,0.855,4,91,2,109.7,4475.9,0,0,0.247,1,21.35,53.8,73.86,0.8832
SUB003050,0.653,9,70,2,101.2,4639.0,1,1,0.104,2,3.0,76.94,48.09,0.1612
SUB003051,0.698,3,274,9,94.2,5036.7,0,0,0.057,2,0.29,49.11,58.81,0.4327
SUB003052,0.441,19,65,3,231.0,3833.4,0,1,0.226,5,2.53,65.92,43.38,0.095
SUB003053,0.952,15,222,9,246.8,3535.8,2,3,0.021,6,6.95,75.68,55.12,0.3213
SUB003054,0.815,3,194,8,110.2,5121.2,2,3,0.266,4,10.88,52.79,55.44,0.3326
SUB003055,0.907,10,63,2,107.3,4436.4,2,1,,2,18.3,69.52,51.27,0.2258
SUB003056,0.664,4,107,3,127.1,3320.5,0,3,0.084,3,28.22,63.75,54.51,0.3026
SUB003057,0.59,13,103,4,164.1,5129.0,0,3,0.091,2,76.68,64.05,55.36,0.3299
SUB003058,0.444,7,84,3,182.5,6376.7,1,1,0.245,3,24.22,62.03,33.24,0.0301
SUB003059,0.891,14,108,3,138.2,4825.7,1,0,0.428,2,8.8,52.46,55.27,0.326
SUB003060,0.583,13,121,4,126.5,5439.5,0,1,0.181,4,11.08,55.01,54.68,0.3072
SUB003061,0.676,8,166,5,291.1,6501.2,0,1,0.161,1,2.99,72.18,59.58,0.4572
SUB003062,0.697,9,69,4,69.4,4482.9,0,0,0.182,8,17.61,48.65,55.39,0.3309
SUB003063,0.669,6,103,3,192.1,6043.4,0,2,0.538,3,9.21,59.86,67.97,0.7302
SUB003064,0.623,4,91,3,221.4,1189.6,0,1,0.299,1,27.77,72.25,64.31,0.6152
SUB003065,0.677,9,87,3,131.8,3562.2,2,3,0.436,3,6.44,68.33,45.49,0.1208
SUB003066,0.875,12,110,4,182.4,3086.4,0,0,0.143,5,27.74,56.65,72.78,0.8622
SUB003067,0.823,9,99,3,46.4,6799.2,0,0,0.482,3,2.86,75.07,73.38,0.874
SUB003068,0.812,8,42,2,145.5,5346.4,0,2,0.137,3,3.69,75.98,62.66,0.5582
SUB003069,0.183,11,122,4,222.6,2985.0,0,2,0.441,6,2.51,79.45,41.9,0.0794
SUB003070,0.8,8,51,2,151.2,2979.2,0,2,0.149,3,6.67,65.57,62.6,0.5562
SUB003071,0.372,10,159,7,152.3,2926.0,1,1,0.401,2,0.53,86.03,32.19,0.0264
SUB003072,0.462,8,114,6,248.1,5248.7,2,3,0.155,3,41.25,61.59,23.77,0.0077
SUB003073,0.647,9,96,3,196.1,4958.4,0,1,0.475,4,33.01,48.12,62.46,0.5511
SUB003074,0.733,5,62,2,177.5,3863.6,0,3,0.379,5,14.24,50.87,71.58,0.8312
SUB003075,0.854,7,123,5,92.4,3487.3,2,0,0.093,5,16.19,69.64,64.77,0.6335
SUB003076,0.766,19,107,5,30.3,4675.4,1,1,0.183,2,16.15,51.07,64.69,0.6308
SUB003077,0.645,5,110,4,157.4,8602.5,0,3,0.365,2,6.81,81.92,64.32,0.6154
SUB003078,0.884,19,116,3,177.3,4191.4,0,2,0.238,2,13.26,81.65,69.32,0.7681
SUB003079,0.766,10,137,4,195.8,6587.5,0,2,0.303,3,31.36,90.3,51.64,0.2332
SUB003080,0.684,4,122,3,139.5,4347.5,1,0,0.245,1,23.97,75.6,60.22,0.4798
SUB003081,0.616,13,188,6,161.7,6579.5,1,2,0.261,2,18.23,43.51,45.93,0.1269
SUB003082,0.949,5,137,4,136.8,5774.7,0,1,0.208,2,4.76,66.6,70.03,0.7894
SUB003083,0.415,13,120,6,,4735.3,0,2,0.012,4,32.98,66.01,39.55,0.061
SUB003084,0.929,11,111,5,42.3,5697.9,0,1,0.161,3,42.58,74.62,72.74,0.8612
SUB003085,0.662,9,76,2,93.9,6361.8,0,2,0.555,3,19.36,66.5,55.37,0.3303
SUB003086,0.696,10,59,3,83.8,4580.2,0,2,0.281,4,4.61,83.37,60.12,0.4758
SUB003087,0.666,11,39,2,150.3,4107.1,0,2,0.024,2,11.13,63.89,70.4,0.8
SUB003088,0.712,8,134,4,46.0,5851.4,0,1,0.361,3,17.37,70.53,56.18,0.3495
SUB003089,0.587,20,108,3,,7169.8,0,2,0.696,1,14.11,70.76,54.92,0.3161
SUB003090,0.75,16,138,7,283.8,2787.8,0,2,0.271,4,22.64,69.22,62.83,0.5651
SUB003091,0.713,13,183,6,154.5,3197.5,0,0,0.624,6,53.08,68.25,69.19,0.7648
SUB003092,0.813,8,104,6,146.9,6825.4,2,2,0.185,3,131.5,62.76,55.13,0.3217
SUB003093,0.585,7,64,3,141.9,3691.2,0,0,,3,18.13,68.78,64.21,0.611
SUB003094,0.86,11,154,7,165.7,6820.2,0,0,0.327,1,34.3,59.09,65.15,0.6455
SUB003095,0.827,7,100,3,109.4,3672.7,0,0,0.295,5,8.12,58.0,67.69,0.7214
SUB003096,0.719,8,86,4,,3910.4,0,1,0.321,3,38.09,55.97,62.91,0.5678
SUB003097,0.643,13,83,2,126.5,6158.2,0,1,0.474,4,64.97,66.63,72.7,0.8604
SUB003098,0.798,17,133,9,81.4,5949.0,0,0,0.199,2,7.55,58.4,61.83,0.5271
SUB003099,0.78,11,133,9,223.4,3146.9,0,1,0.327,4,29.78,43.59,60.94,0.4999
SUB003100,0.675,3,168,7,76.1,5918.3,0,4,0.523,1,24.67,89.59,66.25,0.6806
SUB003101,0.299,10,71,2,,3536.0,1,3,0.588,5,30.17,61.39,32.84,0.0288
SUB003102,0.688,4,70,2,86.1,5186.9,1,1,0.152,3,7.19,58.67,55.18,0.3228
SUB003103,0.64,13,116,5,77.5,4855.0,2,4,0.432,2,2.23,57.95,33.67,0.0323
SUB003104,0.796,13,121,4,275.2,4532.0,0,1,0.508,3,28.86,57.76,69.74,0.7813
SUB003105,0.89,15,159,10,76.2,4053.4,0,1,0.594,2,21.75,58.17,69.9,0.7852
SUB003106,0.913,26,163,11,62.1,2492.9,1,1,0.321,3,22.44,59.51,57.48,0.3897
SUB003107,0.441,7,115,7,,3812.9,1,2,0.369,2,4.48,80.09,30.83,0.0226
SUB003108,0.681,18,168,10,165.7,6066.3,0,4,0.438,2,8.44,63.41,53.85,0.2863
SUB003109,0.562,17,106,3,90.7,5398.9,0,1,0.16,3,13.94,83.88,47.07,0.1432
SUB003110,0.746,10,106,3,116.2,3465.6,1,2,0.422,4,40.5,83.31,48.73,0.1736
SUB003111,0.937,5,99,3,13.0,6340.1,0,1,0.456,5,74.14,37.31,82.26,0.9796
SUB003112,0.891,16,69,2,233.2,5083.1,2,1,0.202,4,3.22,75.52,51.28,0.2262
SUB003113,0.281,18,58,2,199.2,5412.8,0,1,0.574,2,4.36,53.34,37.69,0.0501
SUB003114,0.906,5,115,5,59.0,3218.5,0,2,0.413,3,17.29,85.17,85.28,0.9913
SUB003115,0.625,12,155,8,17.1,7685.8,0,0,0.209,3,34.27,60.6,54.68,0.3072
SUB003116,0.819,10,84,5,95.8,5348.0,1,0,0.419,4,1.43,60.92,69.01,0.7606
SUB003117,0.8,9,162,10,186.0,7326.4,1,0,0.187,4,11.73,67.37,56.79,0.3674
SUB003118,0.562,4,180,9,196.6,4168.4,1,3,0.497,4,12.96,76.97,52.48,0.2522
SUB003119,0.891,16,95,6,153.9,1946.6,0,1,0.251,5,14.36,48.16,65.16,0.6459
SUB003120,0.828,8,53,2,113.9,3064.5,1,2,0.462,4,11.03,71.17,52.59,0.2541
SUB003121,0.736,21,99,4,148.3,6274.7,0,0,0.23,5,47.16,86.38,62.21,0.5397
SUB003122,0.706,9,72,3,165.3,2883.6,0,2,0.318,4,31.03,71.08,61.29,0.5102
SUB003123,0.605,7,155,6,193.9,7232.1,0,2,0.313,5,2.47,69.11,58.56,0.4228
SUB003124,0.803,8,118,5,135.4,3723.2,1,1,0.545,6,10.81,54.05,64.41,0.6192
SUB003125,0.451,9,53,3,124.6,5067.0,1,1,0.163,2,19.61,70.19,29.95,0.0198
SUB003126,0.682,9,129,5,193.8,5217.1,0,2,0.065,2,15.19,77.24,65.31,0.6504
SUB003127,0.744,16,159,4,257.7,4549.9,0,4,0.315,4,4.96,70.33,60.29,0.4825
SUB003128,0.768,9,112,3,129.8,,0,1,0.016,6,49.61,70.83,59.49,0.4541
SUB003129,0.793,17,91,2,176.1,3196.8,1,3,0.131,3,20.27,78.17,54.0,0.2901
SUB003130,0.604,16,126,5,122.9,7788.4,0,1,0.334,3,2.44,70.71,64.25,0.6121
SUB003131,0.752,15,196,5,169.8,5975.4,2,2,0.238,4,16.11,58.08,47.38,0.1487
SUB003132,0.747,13,169,5,103.4,2626.8,0,1,0.421,3,57.87,72.89,65.3,0.6502
SUB003133,0.601,6,66,2,223.3,2513.0,0,2,0.157,4,4.5,55.41,62.7,0.5598
SUB003134,0.366,14,117,5,215.2,5599.3,1,2,,2,12.39,71.31,40.47,0.0682
SUB003135,0.717,16,74,2,272.2,4571.1,0,0,0.167,3,45.46,57.14,54.82,0.313
SUB003136,0.362,17,90,3,137.4,1943.5,0,1,0.262,2,2.15,100.0,40.99,0.0723
SUB003137,0.807,4,174,7,256.2,8895.2,0,2,0.538,4,26.39,89.05,70.56,0.8039
SUB003138,0.527,15,117,4,179.7,618.6,0,2,0.126,1,6.24,81.62,54.8,0.3118
SUB003139,0.786,4,76,3,124.0,3901.7,0,2,0.478,6,53.24,73.4,77.98,0.9474
SUB003140,0.783,13,98,3,234.5,4733.5,0,2,0.012,4,37.86,68.18,61.26,0.5095
SUB003141,0.911,12,143,4,94.8,3907.1,0,2,0.191,4,26.13,43.92,60.35,0.4836
SUB003142,0.807,6,88,3,140.0,5934.9,0,1,0.311,5,4.83,74.2,68.91,0.757
SUB003143,0.653,10,119,6,140.6,5579.2,1,4,0.134,4,55.1,53.44,47.78,0.1561
SUB003144,0.574,9,91,4,172.1,4882.7,0,1,0.462,2,0.71,60.51,63.8,0.5984
SUB003145,0.731,12,94,4,129.4,4577.3,1,5,0.551,2,11.82,51.04,48.01,0.1601
SUB003146,0.948,10,262,8,117.6,6330.8,1,1,0.175,3,11.95,35.28,65.21,0.6477
SUB003147,0.897,11,181,11,130.2,4805.7,0,1,0.109,2,20.45,55.01,78.62,0.9538
SUB003148,0.972,8,115,4,126.6,2523.0,2,4,0.238,2,21.23,69.19,64.57,0.6262
SUB003149,0.776,25,134,5,199.7,6336.3,2,2,0.062,5,8.93,28.47,38.54,0.0565
SUB003150,0.55,11,115,5,230.3,7415.2,0,1,0.295,6,5.9,68.4,56.86,0.3688
SUB003151,0.68,8,61,4,14.6,4646.9,0,3,0.627,4,56.98,96.21,63.39,0.585
SUB003152,0.83,7,71,4,187.0,4727.9,0,1,0.291,1,3.98,60.84,63.29,0.5812
SUB003153,0.823,13,181,5,130.7,5067.0,1,3,0.139,4,37.33,80.33,59.31,0.4487
SUB003154,0.513,31,173,6,202.3,3103.8,0,1,0.253,4,19.66,56.11,35.39,0.0387
SUB003155,0.902,16,113,4,102.8,3965.8,1,3,0.377,4,35.01,100.0,76.18,0.9246
SUB003156,0.618,10,80,5,152.8,5810.9,0,0,0.283,4,9.0,73.01,58.33,0.4181
SUB003157,0.731,4,57,2,108.5,4883.5,0,2,0.67,1,19.75,66.68,70.78,0.8096
SUB003158,0.859,6,234,12,124.5,7962.8,0,2,0.035,3,2.35,54.08,69.81,0.7827
SUB003159,0.767,7,69,3,176.0,5684.5,1,1,0.309,1,33.63,64.64,67.58,0.7181
SUB003160,0.725,4,83,3,170.1,4024.0,0,2,0.389,5,32.23,65.06,63.51,0.5883
SUB003161,0.508,9,88,5,232.2,5672.2,0,2,0.501,5,28.29,63.2,47.56,0.1518
SUB003162,0.858,13,80,2,123.5,4326.7,1,1,0.427,2,4.49,46.07,85.8,0.9932
SUB003163,0.687,8,109,3,184.9,2299.0,0,2,0.228,4,1.56,55.58,50.52,0.2098
SUB003164,0.685,14,223,8,200.0,6908.2,1,3,0.093,5,43.3,80.65,45.99,0.1275
SUB003165,0.714,7,103,4,146.3,5501.6,0,1,0.242,4,40.14,55.97,61.42,0.5142
SUB003166,0.597,5,123,6,236.1,9252.7,0,1,0.092,2,13.09,94.11,67.95,0.7293
SUB003167,0.724,7,138,4,102.7,4111.6,0,1,0.34,4,4.74,93.46,62.88,0.5662
SUB003168,0.925,6,150,6,147.1,6077.6,0,0,0.134,4,13.72,51.51,68.0,0.7312
SUB003169,0.784,4,113,3,150.3,3681.3,0,1,0.779,5,2.1,51.37,73.6,0.8778
SUB003170,0.742,6,77,2,66.1,3311.4,0,0,0.135,5,8.77,35.26,70.72,0.8075
SUB003171,0.804,4,138,6,,8414.6,0,2,0.408,4,15.25,100.0,62.29,0.5428
SUB003172,0.734,4,196,9,125.6,2113.3,0,3,0.209,2,3.87,66.23,65.01,0.6408
SUB003173,0.935,8,56,2,170.2,4447.6,0,2,0.141,1,17.92,63.89,75.41,0.9096
SUB003174,0.823,7,86,4,235.8,7262.1,0,5,0.64,3,2.34,67.05,63.11,0.5748
SUB003175,0.34,22,125,3,198.9,2527.0,1,3,0.06,4,2.63,75.75,8.4,0.0007
SUB003176,0.961,6,140,5,140.4,4152.6,0,3,0.333,5,6.0,41.6,74.93,0.9022
SUB003177,0.76,8,94,3,148.0,6047.1,0,0,0.287,2,5.86,76.65,63.19,0.5773
SUB003178,0.474,10,150,7,89.7,3160.8,0,1,0.399,5,12.94,86.9,50.82,0.2157
SUB003179,0.25,15,168,7,142.2,5548.3,0,5,0.22,2,17.62,71.82,37.89,0.0518
SUB003180,0.458,17,125,5,161.9,3653.2,0,4,0.198,2,24.92,71.48,42.31,0.0833
SUB003181,0.777,10,148,4,155.9,6961.7,0,1,0.245,4,1.89,52.24,64.1,0.6083
SUB003182,0.567,9,103,3,229.7,6683.1,0,1,0.26,2,58.58,88.41,69.51,0.7754
SUB003183,0.964,7,68,4,196.7,3834.2,3,1,0.409,4,79.96,74.45,63.62,0.5923
SUB003184,0.868,10,76,2,114.7,500.0,0,2,0.172,2,77.36,55.03,65.81,0.6667
SUB003185,0.779,17,210,10,169.6,6037.4,0,1,0.159,3,11.1,74.58,65.72,0.6632
SUB003186,0.714,10,168,6,234.0,6588.0,0,0,0.55,5,26.71,85.38,74.48,0.8943
SUB003187,0.409,11,74,2,49.6,5370.2,0,1,0.339,4,29.26,46.72,50.3,0.2048
SUB003188,0.762,14,71,2,148.4,5164.6,1,2,0.564,3,8.82,87.16,67.22,0.7078
SUB003189,0.785,11,139,4,74.6,5305.1,0,0,0.271,2,41.38,68.03,76.33,0.927
SUB003190,0.736,12,278,8,302.6,5090.0,0,1,0.374,3,5.61,72.77,65.52,0.6564
SUB003191,0.875,11,115,7,199.3,3638.8,0,3,0.66,1,6.64,54.45,81.54,0.976
SUB003192,0.564,6,81,3,108.2,4668.5,1,0,0.541,5,47.24,36.57,60.81,0.4959
SUB003193,0.483,10,153,5,147.9,4608.6,1,2,0.196,1,10.31,73.51,36.77,0.045
SUB003194,0.312,10,178,7,100.7,6110.9,1,2,0.114,5,4.49,51.2,36.94,0.0457
SUB003195,0.814,20,139,4,,3600.7,0,1,0.591,3,5.85,43.35,61.81,0.5266
SUB003196,0.715,7,132,4,5.0,4194.0,0,1,0.53,4,1.35,52.02,63.52,0.5888
SUB003197,0.913,10,74,3,169.6,,1,1,0.215,2,24.71,81.26,61.34,0.5116
SUB003198,0.902,8,154,7,139.7,3797.2,1,4,0.156,3,3.76,85.1,64.72,0.6315
SUB003199,0.754,19,140,7,115.3,2774.4,0,1,0.418,3,10.43,89.5,59.38,0.4503
SUB003200,0.839,15,97,5,149.9,5609.8,1,2,0.202,1,27.78,86.68,58.19,0.4138
SUB003201,0.612,10,65,2,52.8,2522.9,0,0,0.413,3,29.78,55.93,64.07,0.608
SUB003202,0.833,2,94,3,220.2,4906.1,0,1,,1,39.24,51.74,63.8,0.5984
SUB003203,0.408,16,111,6,169.5,5509.2,0,0,0.222,5,5.35,78.11,41.62,0.077
SUB003204,0.956,5,144,5,189.9,7006.1,1,0,0.11,3,12.98,75.31,79.33,0.9607
SUB003205,0.976,4,176,8,102.9,8492.7,1,1,0.541,3,26.95,80.81,68.92,0.7576
SUB003206,0.777,14,154,4,242.7,6899.6,0,1,0.238,1,14.28,79.1,72.57,0.8566
SUB003207,0.776,12,107,3,158.1,3627.1,0,1,0.166,1,14.36,68.76,79.31,0.9603
SUB003208,0.574,11,104,6,217.4,4225.3,1,1,0.376,3,1.07,84.21,61.44,0.515
SUB003209,0.792,7,164,8,175.0,5424.2,2,0,0.276,2,24.18,70.09,53.56,0.2802
SUB003210,0.804,4,127,3,130.0,4693.0,0,1,0.202,1,12.87,87.1,59.4,0.4515
SUB003211,0.688,2,49,2,186.0,4625.8,0,3,0.17,2,58.81,56.49,56.23,0.3517
SUB003212,0.869,11,140,4,404.1,6719.2,0,2,0.231,3,14.58,44.04,66.63,0.6908
SUB003213,0.955,5,98,6,67.1,4832.3,2,1,0.367,3,6.91,65.32,54.81,0.3126
SUB003214,0.653,12,163,7,148.7,6333.9,0,1,0.266,5,2.29,65.83,54.18,0.2938
SUB003215,0.732,5,157,5,57.4,3234.6,0,1,0.205,5,24.3,61.72,61.61,0.5201
SUB003216,0.939,10,88,4,174.9,5306.6,0,2,0.041,4,3.71,49.91,75.62,0.9148
SUB003217,0.39,6,222,6,151.5,2742.4,0,0,0.248,3,60.21,64.74,48.78,0.1748
SUB003218,0.853,14,70,2,278.6,6169.3,0,0,0.403,3,6.41,53.39,71.23,0.823
SUB003219,0.855,11,114,4,137.6,4430.7,0,2,0.15,5,40.5,54.44,71.65,0.8342
SUB003220,0.823,10,68,3,207.1,2407.4,0,2,0.288,5,1.77,55.84,68.29,0.739
SUB003221,0.768,6,136,4,13.2,4398.7,0,0,0.03,2,90.01,39.43,63.53,0.5894
SUB003222,0.797,4,171,5,141.1,5703.4,0,0,0.256,4,5.73,64.41,57.86,0.4031
SUB003223,0.584,11,140,8,100.8,2976.7,0,3,0.204,6,14.76,75.32,48.34,0.165
SUB003224,0.776,7,96,4,176.5,3296.4,0,0,0.677,3,13.75,51.69,73.15,0.8708
SUB003225,0.834,9,68,2,216.1,3881.1,0,1,,2,13.74,86.64,62.58,0.5556
SUB003226,0.711,9,95,4,111.0,5860.1,1,0,0.048,2,8.93,55.49,62.95,0.5695
SUB003227,0.727,9,141,4,179.4,,1,6,0.334,1,2.1,67.36,53.51,0.2792
SUB003228,0.834,16,76,2,146.6,5202.5,0,1,0.179,7,0.96,56.94,75.69,0.9158
SUB003229,0.971,9,59,2,149.8,4048.2,0,0,0.698,3,7.69,47.54,83.83,0.987
SUB003230,0.94,6,103,3,162.7,6257.4,0,2,0.181,2,35.19,60.24,76.53,0.9297
SUB003231,0.961,12,69,2,95.8,5081.6,0,0,0.256,4,9.27,57.25,71.45,0.8289
SUB003232,0.662,12,125,6,96.1,6798.5,0,1,0.617,4,17.68,66.22,73.07,0.8688
SUB003233,0.755,7,107,7,193.0,5285.8,0,2,0.11,4,4.13,72.49,66.56,0.6883
SUB003234,0.48,6,101,4,97.4,2822.0,0,1,0.248,4,20.21,97.56,52.17,0.2442
SUB003235,0.65,11,233,9,229.8,5942.9,0,1,0.487,5,16.85,72.9,65.99,0.6719
SUB003236,0.793,5,132,4,,5532.5,0,0,0.284,4,7.84,70.07,69.36,0.7693
SUB003237,0.836,11,55,2,209.1,3361.1,1,1,0.199,6,76.67,64.6,57.59,0.3934
SUB003238,0.617,18,41,2,174.5,3516.5,0,3,,2,15.67,46.57,46.83,0.1399
SUB003239,0.63,12,220,14,,,1,2,0.113,5,8.07,72.9,51.75,0.2352
SUB003240,0.785,18,114,5,182.8,5790.9,0,5,0.139,4,5.73,57.72,65.36,0.6523
SUB003241,0.677,10,98,4,63.2,4391.7,1,0,0.13,3,11.08,68.24,52.82,0.2617
SUB003242,0.605,10,122,4,217.3,,1,2,0.446,4,43.25,62.19,56.14,0.3482
SUB003243,0.836,10,72,2,124.2,2955.6,1,1,,3,40.88,26.62,56.11,0.3477
SUB003244,0.762,11,106,5,102.9,3887.8,0,1,0.197,7,3.9,63.51,67.64,0.7203
SUB003245,0.744,11,161,5,282.9,5562.6,0,2,0.458,5,8.67,62.19,68.19,0.7369
SUB003246,0.86,6,100,3,117.1,4869.8,0,1,0.223,5,2.8,77.81,66.96,0.6998
SUB003247,0.593,9,91,4,95.2,4051.5,0,0,0.162,2,1.68,81.0,61.71,0.5236
SUB003248,0.688,15,84,5,213.8,2678.3,0,1,0.328,3,11.44,75.58,52.94,0.2652
SUB003249,0.694,6,152,10,153.8,4338.8,0,1,0.422,3,8.94,61.17,64.08,0.6082
SUB003250,0.915,2,126,4,186.6,3466.9,2,2,0.307,3,49.88,74.94,60.89,0.4989
SUB003251,0.588,10,220,6,155.0,4855.3,0,2,,6,2.45,61.46,60.5,0.4872
SUB003252,0.856,11,207,7,210.3,6047.0,0,1,0.241,3,10.94,69.75,69.93,0.7864
SUB003253,0.677,11,102,3,276.1,3778.6,0,0,0.143,4,13.99,85.9,70.14,0.7927
SUB003254,0.941,4,138,5,86.5,7273.3,0,0,0.228,4,6.91,72.1,84.72,0.9902
SUB003255,0.559,5,96,4,107.5,3696.5,1,1,0.223,4,38.5,99.2,62.51,0.5531
SUB003256,0.753,15,91,6,68.8,1952.8,2,5,0.362,2,0.43,82.79,32.99,0.0295
SUB003257,0.576,15,89,3,187.8,,0,3,0.305,3,13.16,54.9,52.61,0.2544
SUB003258,0.921,9,85,3,154.5,3585.5,0,0,0.635,2,0.28,62.99,88.35,0.9972
SUB003259,0.411,11,162,4,228.8,9995.1,0,4,0.612,3,20.19,62.19,49.11,0.181
SUB003260,0.935,6,90,4,136.3,3820.4,0,0,0.52,2,10.61,64.04,79.95,0.965
SUB003261,0.724,5,97,4,129.9,2255.7,0,1,0.193,4,76.22,72.6,66.52,0.6869
SUB003262,0.787,4,125,4,143.7,4686.8,0,0,,2,5.25,51.76,63.24,0.579
SUB003263,0.682,5,121,4,121.0,4360.2,1,4,,5,18.03,62.25,64.39,0.6185
SUB003264,0.367,11,116,4,175.1,2831.5,0,0,,3,1.57,60.47,49.63,0.1908
SUB003265,0.698,9,172,10,160.6,5399.4,0,0,0.235,4,15.59,64.83,61.63,0.521
SUB003266,0.774,10,89,5,182.3,5294.2,0,1,0.275,3,7.38,92.05,54.77,0.3106
SUB003267,0.395,10,85,3,136.3,4546.7,0,3,0.11,4,13.2,59.88,46.19,0.1308
SUB003268,0.842,5,36,1,168.0,3779.8,1,2,0.33,2,85.66,51.12,55.75,0.3398
SUB003269,0.933,11,140,8,190.0,4147.6,0,0,0.08,4,34.3,85.48,84.74,0.9903
SUB003270,0.908,16,138,5,148.4,3755.0,0,1,0.393,2,1.89,73.28,79.04,0.9576
SUB003271,0.448,5,166,5,130.1,2908.0,0,2,0.392,5,11.18,92.0,48.6,0.1713
SUB003272,0.64,9,102,4,136.4,6737.5,2,1,0.148,4,39.09,56.11,33.88,0.033
SUB003273,0.783,13,108,5,85.4,8196.4,0,0,0.184,3,4.06,68.18,62.95,0.5695
SUB003274,0.783,15,159,4,135.9,3254.6,0,2,0.308,6,48.99,70.88,64.26,0.6127
SUB003275,0.756,12,95,6,201.6,3571.1,1,1,0.244,5,14.55,77.48,60.39,0.4845
SUB003276,0.419,6,113,5,188.8,2942.5,0,0,0.585,5,28.03,85.42,48.25,0.1637
SUB003277,0.64,4,171,10,152.3,6191.0,0,1,0.53,3,7.95,58.26,71.61,0.8325
SUB003278,0.556,8,136,6,83.2,3157.3,0,2,0.213,8,17.54,63.75,46.01,0.1278
SUB003279,0.241,9,101,3,205.7,5552.6,2,2,0.505,5,20.1,48.65,5.38,0.0003
SUB003280,0.886,15,158,10,276.1,,0,1,0.16,4,83.96,61.73,73.64,0.8792
SUB003281,0.636,8,109,7,179.6,4315.2,0,0,0.353,4,14.89,100.0,67.44,0.7135
SUB003282,0.948,5,159,8,134.8,6834.8,1,1,0.396,5,7.71,60.34,69.5,0.7751
SUB003283,0.907,6,126,8,86.2,4105.3,0,0,0.474,2,14.85,61.69,76.26,0.9262
SUB003284,0.66,11,93,4,152.2,4468.4,1,2,0.32,1,7.61,86.54,54.04,0.2916
SUB003285,0.827,9,74,4,117.3,2544.9,0,1,,2,3.33,80.47,72.42,0.8527
SUB003286,0.706,9,149,6,135.1,,0,1,0.214,2,1.87,57.67,67.44,0.7135
SUB003287,0.526,15,154,4,242.4,6360.1,0,3,0.239,3,0.72,73.14,49.28,0.1835
SUB003288,0.808,3,180,7,182.0,3972.5,1,0,0.243,2,14.37,92.85,60.91,0.4993
SUB003289,0.702,14,141,9,141.4,6439.7,0,1,,2,9.45,97.84,67.16,0.7064
SUB003290,0.782,2,105,4,131.3,3996.5,0,2,0.303,5,32.57,81.22,74.44,0.8934
SUB003291,0.571,13,124,7,158.7,4456.7,0,0,0.199,5,33.49,54.99,55.14,0.3218
SUB003292,0.359,10,116,7,,4889.1,1,1,0.127,4,5.48,67.55,28.6,0.0162
SUB003293,0.791,10,104,4,69.4,3710.9,0,3,0.226,4,1.35,64.01,70.86,0.8118
SUB003294,0.777,10,71,3,199.7,1932.1,1,1,0.465,3,6.94,92.67,75.31,0.908
SUB003295,0.72,13,74,4,229.9,3063.0,1,0,0.194,3,3.41,53.79,54.81,0.3126
SUB003296,0.887,5,150,7,98.6,3325.0,0,3,0.06,3,8.9,52.0,68.37,0.7413
SUB003297,0.834,12,83,3,,4364.7,0,0,0.392,5,30.45,50.28,72.4,0.8522
SUB003298,0.429,14,102,5,216.5,6185.5,0,1,0.149,3,38.75,46.37,43.26,0.0938
SUB003299,0.628,9,60,4,107.0,3211.6,0,3,0.194,4,2.05,67.62,56.48,0.3576
SUB003300,0.533,7,62,2,57.8,4160.6,0,1,0.375,2,10.85,58.53,73.51,0.8763
SUB003301,0.417,4,84,3,105.4,4778.2,2,1,0.095,4,16.38,42.99,22.36,0.0065
SUB003302,0.593,28,148,5,285.4,3548.7,1,3,,5,77.3,55.42,38.59,0.0568
SUB003303,0.826,10,152,6,118.6,5338.0,0,1,0.119,4,12.51,70.6,63.72,0.5958
SUB003304,0.428,4,121,4,93.1,6255.7,1,2,0.094,4,3.75,74.74,28.84,0.0168
SUB003305,0.971,6,88,3,109.7,5030.3,1,0,0.155,2,32.83,53.76,53.08,0.2682
SUB003306,0.553,7,187,8,72.0,4859.7,0,1,0.061,3,8.91,48.07,52.02,0.2407
SUB003307,0.731,14,101,3,82.9,3243.6,0,2,0.081,2,13.47,85.59,52.92,0.2645
SUB003308,0.536,6,194,6,122.3,4792.0,0,3,0.254,3,16.32,58.35,52.5,0.2528
SUB003309,0.816,7,131,6,56.8,3525.7,0,0,0.462,3,8.4,96.14,72.22,0.8482
SUB003310,0.646,13,162,7,135.1,3930.0,1,2,0.244,3,1.74,70.38,42.35,0.0838
SUB003311,0.583,8,162,8,159.8,4626.8,0,2,0.339,2,76.6,37.84,54.05,0.2919
SUB003312,0.607,10,54,2,172.6,3957.8,1,1,0.597,1,18.37,55.9,53.0,0.2667
SUB003313,0.619,5,74,2,126.6,5919.7,0,3,0.452,2,20.25,66.49,70.41,0.8003
SUB003314,0.713,5,98,3,63.1,3608.1,0,2,0.089,2,0.84,77.76,62.78,0.5631
SUB003315,0.907,5,84,4,110.3,5003.0,0,1,0.318,5,21.64,49.31,65.68,0.6611
SUB003316,0.722,9,134,5,167.7,3973.1,0,1,0.456,2,19.65,64.89,68.35,0.7405
SUB003317,0.79,10,138,4,187.2,3323.5,1,2,0.098,5,9.63,54.39,60.54,0.4889
SUB003318,0.877,10,95,3,133.6,,0,0,0.258,2,23.19,77.79,72.16,0.8473
SUB003319,0.875,15,91,3,122.8,5083.3,0,2,0.262,2,33.05,47.73,66.35,0.6832
SUB003320,0.625,7,157,5,146.0,3884.8,1,1,0.169,5,34.77,67.44,55.6,0.3362
SUB003321,0.689,4,92,3,110.8,500.0,1,2,0.222,2,5.31,60.91,48.36,0.1655
SUB003322,0.539,13,168,5,97.9,6520.9,2,2,0.468,2,11.38,70.13,53.21,0.2714
SUB003323,0.91,10,122,4,168.4,5775.8,0,2,0.151,4,4.09,61.93,78.22,0.9498
SUB003324,0.426,12,123,4,157.1,6346.3,0,2,0.164,2,32.08,49.65,47.61,0.1529
SUB003325,0.943,10,78,2,83.5,6201.7,1,3,0.23,5,22.42,62.52,59.39,0.4508
SUB003326,0.686,7,145,4,103.1,4747.1,1,1,0.114,2,21.67,46.89,61.45,0.5154
SUB003327,0.915,7,73,3,129.6,,2,0,0.138,4,2.23,50.61,54.81,0.3126
SUB003328,0.727,6,145,4,46.6,2037.7,0,1,0.224,3,21.05,64.79,65.46,0.6546
SUB003329,0.648,16,138,4,124.4,4893.4,0,4,0.182,2,4.2,38.38,49.33,0.1846
SUB003330,0.773,23,139,6,226.9,4021.0,0,1,0.232,5,25.34,79.99,60.95,0.5002
SUB003331,0.832,12,137,4,126.6,3510.7,2,2,0.122,6,46.51,70.75,53.15,0.2706
SUB003332,0.602,8,157,4,96.1,2746.9,0,2,0.207,3,31.53,95.53,50.64,0.2124
SUB003333,0.945,7,132,7,206.0,3114.5,2,1,0.125,7,3.84,98.27,59.68,0.4616
SUB003334,0.847,11,55,2,174.0,2256.1,1,0,0.102,2,9.19,49.65,61.92,0.5299
SUB003335,0.915,5,127,5,,6124.4,0,1,0.445,1,78.52,77.24,83.94,0.9877
SUB003336,0.902,12,81,3,108.9,6078.5,1,0,0.244,3,23.3,69.28,69.74,0.7813
SUB003337,0.924,6,66,2,120.9,3216.6,1,0,0.519,2,1.29,82.89,67.39,0.712
SUB003338,0.615,2,77,3,125.4,,0,2,0.325,2,4.8,61.51,62.23,0.5404
SUB003339,0.439,18,89,3,187.6,4599.1,0,3,0.509,4,4.74,61.97,46.09,0.1294
SUB003340,0.884,13,140,4,296.1,6902.4,0,2,0.22,8,40.16,65.09,64.16,0.6098
SUB003341,0.61,4,102,3,137.0,5404.7,0,1,0.416,4,41.1,69.92,54.33,0.2984
SUB003342,0.494,14,156,5,227.0,5728.2,0,2,0.351,4,88.93,65.26,47.56,0.1518
SUB003343,0.729,6,86,3,275.3,4797.5,0,2,0.046,2,20.48,74.9,58.29,0.4172
SUB003344,0.636,14,103,5,265.0,,0,1,0.365,3,2.1,58.1,63.41,0.5857
SUB003345,0.602,9,87,5,156.4,2454.5,0,3,0.115,3,8.4,43.58,52.91,0.2642
SUB003346,0.522,9,49,2,215.9,4552.3,0,1,0.379,5,21.12,59.67,47.42,0.149
SUB003347,0.778,10,114,5,157.7,4427.0,1,3,0.568,4,25.31,59.01,61.66,0.5218
SUB003348,0.974,9,262,8,144.7,9209.2,0,1,0.414,3,14.34,100.0,81.81,0.9768
SUB003349,0.854,6,66,2,188.5,5451.5,0,2,0.102,2,7.39,66.49,62.9,0.5672
SUB003350,0.807,18,145,8,227.0,3458.2,0,3,0.165,5,156.06,78.88,57.24,0.3804
SUB003351,0.679,12,157,5,186.4,4658.4,0,0,0.325,7,17.69,64.56,64.37,0.6173
SUB003352,0.821,5,116,6,124.9,,0,2,0.284,4,49.29,49.42,75.18,0.9059
SUB003353,0.276,7,69,3,112.0,4286.0,0,2,0.179,3,2.61,51.8,41.22,0.074
SUB003354,0.548,18,231,12,101.6,3187.8,1,2,0.097,5,2.3,71.95,35.45,0.0388
SUB003355,0.85,4,137,6,141.7,6046.3,0,4,0.451,4,23.16,79.75,78.28,0.9503
SUB003356,0.902,12,194,5,170.2,4377.2,0,4,0.571,4,4.47,77.17,70.87,0.8122
SUB003357,0.733,5,59,2,,5276.5,0,1,0.281,1,7.98,71.36,68.84,0.7543
SUB003358,0.553,6,90,5,50.4,3544.6,2,3,0.351,2,9.22,75.98,49.09,0.1805
SUB003359,0.708,9,67,3,153.2,3738.7,2,1,0.299,2,37.96,74.48,55.27,0.326
SUB003360,0.454,11,164,5,140.9,5709.9,1,3,0.173,3,16.57,72.91,29.18,0.0177
SUB003361,0.951,10,59,2,146.5,1188.3,0,1,0.18,1,11.84,75.22,78.4,0.9513
SUB003362,0.667,5,107,3,209.7,6015.9,1,2,0.456,6,19.8,71.65,57.12,0.3759
SUB003363,0.649,18,102,4,250.9,6714.8,1,6,0.472,6,23.92,59.94,36.65,0.0442
SUB003364,0.817,12,53,2,216.9,6440.5,0,2,0.345,2,12.49,67.94,67.16,0.7064
SUB003365,0.701,15,141,5,170.6,3653.6,1,2,0.528,5,10.57,99.72,61.1,0.5052
SUB003366,0.516,9,132,4,135.6,5112.6,0,1,0.376,3,36.14,74.38,51.83,0.2368
SUB003367,0.831,13,88,2,231.2,3770.6,0,3,0.31,4,22.02,85.14,63.48,0.5877
SUB003368,0.668,16,193,11,270.6,2735.7,1,4,0.164,4,46.65,60.62,34.7,0.0361
SUB003369,0.915,11,56,2,248.9,4413.1,0,1,0.274,5,22.68,65.37,64.47,0.6213
SUB003370,0.713,10,46,2,179.4,2045.1,0,1,0.106,3,37.76,52.92,74.59,0.8966
SUB003371,0.824,11,118,3,155.4,5489.2,0,2,0.135,6,9.94,58.12,60.42,0.4857
SUB003372,0.672,11,77,2,194.5,5613.2,0,2,0.036,4,59.08,77.62,54.08,0.2923
SUB003373,0.67,11,108,5,198.3,6476.9,1,0,0.45,2,10.89,50.78,64.65,0.6295
SUB003374,0.829,14,173,7,138.0,5633.6,0,4,0.071,2,10.56,94.88,58.15,0.4123
SUB003375,0.707,9,65,3,135.5,3704.5,0,1,0.172,3,2.65,70.34,60.02,0.4714
SUB003376,0.875,17,164,4,353.8,4536.6,0,0,0.686,4,16.55,93.75,80.45,0.9689
SUB003377,0.654,3,67,2,105.0,4519.2,0,3,0.292,4,1.67,86.46,59.52,0.4551
SUB003378,0.725,13,94,6,210.1,6664.3,0,2,0.17,3,6.09,70.9,53.48,0.2786
SUB003379,0.705,17,178,5,140.1,7100.1,0,1,0.296,8,57.35,54.39,53.43,0.2772
SUB003380,0.736,7,142,8,133.5,4583.8,0,4,0.535,8,2.88,61.46,67.62,0.7195
SUB003381,0.805,8,79,3,88.7,5869.3,2,1,0.084,4,43.38,67.61,52.92,0.2645
SUB003382,0.847,17,126,5,115.8,3856.0,1,1,0.212,3,2.29,66.01,60.09,0.4742
SUB003383,0.578,13,92,3,,5114.4,0,2,0.146,4,28.18,71.09,52.74,0.2598
SUB003384,0.486,13,96,3,188.9,3955.8,0,1,0.358,5,18.19,96.78,59.47,0.4536
SUB003385,0.844,8,103,5,254.4,4880.9,1,1,0.298,5,3.32,60.24,59.29,0.4474
SUB003386,0.543,8,135,4,145.6,3442.2,0,2,0.197,1,3.2,53.23,42.41,0.0849
SUB003387,0.861,8,115,3,153.3,2444.4,0,2,0.535,2,16.75,75.02,79.01,0.9573
SUB003388,0.604,8,104,4,141.4,2650.6,2,0,0.115,2,19.91,72.72,37.66,0.0498
SUB003389,0.785,8,105,3,85.6,5399.6,1,2,0.234,3,26.95,53.07,51.27,0.2258
SUB003390,0.741,12,31,1,191.4,2483.6,0,2,,2,91.93,84.18,69.51,0.7754
SUB003391,0.959,8,121,4,133.8,4093.2,1,0,0.404,3,65.9,41.71,70.21,0.7946
SUB003392,0.781,5,113,7,48.9,5900.6,0,2,0.66,3,12.79,83.28,71.65,0.8342
SUB003393,0.578,16,90,3,234.4,6130.5,0,3,0.094,1,3.01,85.47,36.76,0.0448
SUB003394,0.924,7,123,6,106.5,3145.9,1,0,0.124,4,39.32,99.01,74.32,0.8908
SUB003395,0.805,8,131,4,163.8,1054.5,0,2,0.178,5,25.24,62.94,59.72,0.4631
SUB003396,0.849,5,124,3,157.0,3414.6,1,1,0.175,3,18.82,69.55,70.87,0.8122
SUB003397,0.774,11,156,10,165.6,5080.8,1,0,0.416,1,51.96,70.32,63.93,0.6018
SUB003398,0.901,7,87,3,80.7,5441.7,1,2,0.183,5,5.88,58.88,69.64,0.7791
SUB003399,0.793,5,86,5,218.8,2660.4,0,1,0.129,5,2.24,70.85,68.97,0.7592
SUB003400,0.602,14,184,12,118.3,2270.0,1,1,0.172,2,10.94,73.63,48.49,0.1691
SUB003401,0.93,20,80,5,32.6,3038.3,1,2,0.55,3,29.7,73.36,60.76,0.4948
SUB003402,0.847,7,100,4,191.9,3721.2,1,0,0.595,2,30.26,81.16,65.94,0.6701
SUB003403,0.789,13,49,1,207.9,7376.4,1,1,0.134,4,52.88,78.55,66.89,0.6975
SUB003404,0.628,11,67,3,81.3,4499.7,0,0,0.12,2,60.34,66.8,48.53,0.1701
SUB003405,0.534,10,95,2,149.7,5448.0,0,1,0.611,2,13.02,45.15,48.3,0.1645
SUB003406,0.659,5,93,4,199.8,6115.2,0,2,0.347,6,9.66,91.89,58.78,0.4318
SUB003407,0.583,10,102,5,234.7,3835.7,0,2,0.44,5,3.85,50.44,42.54,0.0859
SUB003408,0.747,13,201,8,195.7,5155.7,0,1,0.357,4,33.77,72.88,63.47,0.5873
SUB003409,0.776,22,54,2,235.6,4649.5,1,0,0.182,3,23.64,46.28,51.77,0.2356
SUB003410,0.919,3,110,4,172.0,5459.5,1,2,0.17,2,8.59,60.71,71.97,0.8432
SUB003411,0.886,13,105,4,150.8,4332.1,0,0,0.25,2,3.91,70.24,82.22,0.9792
SUB003412,0.658,10,214,11,84.7,6636.0,0,2,0.482,4,22.99,71.9,52.11,0.2427
SUB003413,0.463,9,150,5,131.3,6405.2,0,0,0.369,3,6.7,51.72,52.55,0.2537
SUB003414,0.856,16,92,4,,4034.9,1,1,0.149,3,21.77,91.55,67.53,0.7163
SUB003415,0.687,7,182,5,207.9,6048.6,0,0,0.623,4,6.31,61.01,68.88,0.7558
SUB003416,0.315,20,89,4,192.2,5028.8,1,3,0.286,4,16.19,84.53,22.02,0.0058
SUB003417,0.669,3,155,8,109.0,8767.7,0,1,,2,30.08,61.41,56.5,0.3583
SUB003418,0.963,8,73,2,248.1,5709.3,0,3,0.195,6,25.14,63.3,70.62,0.8052
SUB003419,0.681,14,193,10,169.4,5544.4,0,2,0.367,1,0.87,99.83,57.15,0.3775
SUB003420,0.817,10,115,6,188.2,3721.1,0,3,0.448,5,9.76,70.26,70.78,0.8096
SUB003421,0.261,7,73,2,68.6,2813.3,1,1,0.543,1,51.35,40.19,33.92,0.0332
SUB003422,0.691,7,52,2,137.6,5051.6,1,1,0.196,3,13.96,69.39,59.21,0.4443
SUB003423,0.354,12,117,5,221.2,2022.6,1,0,0.233,2,39.5,66.92,25.08,0.0093
SUB003424,0.805,6,153,6,55.8,7200.9,1,1,0.109,2,24.45,61.32,55.59,0.3358
SUB003425,0.94,18,285,8,171.7,2335.9,0,3,0.261,2,20.17,49.13,60.2,0.4792
SUB003426,0.861,9,174,6,171.5,3326.2,0,1,0.57,3,8.6,57.75,67.55,0.7171
SUB003427,0.675,9,112,3,232.7,6060.0,1,0,0.612,1,13.75,93.47,62.71,0.5605
SUB003428,0.482,11,71,2,211.6,4301.9,0,4,0.634,3,47.56,58.94,43.64,0.0987
SUB003429,0.46,5,105,3,236.6,4799.5,1,1,0.192,3,55.48,72.04,31.27,0.0238
SUB003430,0.806,10,200,9,199.9,3968.8,0,0,0.337,2,42.3,59.29,76.0,0.9222
SUB003431,0.903,24,231,7,245.4,4963.6,0,1,0.453,3,23.34,50.18,62.37,0.547
SUB003432,0.882,9,89,2,89.7,5471.3,0,0,0.473,4,21.24,59.77,74.26,0.89
SUB003433,0.486,10,101,4,91.0,3256.6,0,3,0.244,1,3.1,80.2,48.53,0.1701
SUB003434,0.914,13,187,6,259.8,4541.9,0,2,0.291,6,36.17,83.88,75.28,0.9073
SUB003435,0.691,17,182,7,143.8,4917.9,0,1,0.265,4,14.76,61.38,55.29,0.3268
SUB003436,0.689,10,90,5,117.5,4043.8,0,4,0.142,5,4.24,61.12,44.04,0.1026
SUB003437,0.72,8,145,4,5.5,5851.3,0,2,0.182,2,18.1,100.0,63.29,0.5812
SUB003438,0.694,14,92,4,225.6,5149.2,1,1,0.315,2,96.26,75.5,52.2,0.245
SUB003439,0.587,6,167,7,70.9,4678.1,0,1,0.208,4,63.64,83.79,67.37,0.7115
SUB003440,0.634,17,112,4,121.8,2001.0,0,3,0.482,5,0.18,77.86,46.63,0.1376
SUB003441,0.879,15,98,3,230.7,6262.7,0,0,0.08,3,3.88,90.7,74.46,0.8939
SUB003442,0.61,14,150,4,29.5,,1,3,0.197,4,15.55,67.3,45.22,0.1168
SUB003443,0.795,11,115,3,234.5,7239.1,1,2,0.154,2,1.17,72.03,74.48,0.8943
SUB003444,0.822,13,148,5,109.2,3472.7,0,1,0.488,3,30.3,63.26,74.34,0.8911
SUB003445,0.947,13,75,2,150.2,4756.2,0,1,0.384,2,76.83,49.87,86.08,0.994
SUB003446,0.704,11,81,4,106.4,5358.9,0,3,0.485,5,37.76,62.04,46.05,0.1288
SUB003447,0.424,7,108,6,61.2,4245.1,0,0,,2,27.3,37.02,46.01,0.1278
SUB003448,0.359,13,84,2,113.5,4887.9,0,1,0.064,2,19.36,55.37,36.63,0.044
SUB003449,0.873,5,95,3,85.4,4051.2,0,2,0.384,4,16.88,74.34,77.16,0.938
SUB003450,0.792,6,109,3,64.1,7378.8,0,1,0.184,4,0.07,87.91,70.29,0.7963
SUB003451,0.628,18,88,3,266.5,4743.3,1,0,0.131,3,3.89,50.66,50.62,0.2118
SUB003452,0.538,6,197,13,79.8,4810.4,1,1,0.198,5,33.22,79.69,47.46,0.1498
SUB003453,0.893,16,82,3,54.8,4776.3,0,1,0.56,5,36.53,64.27,78.03,0.9478
SUB003454,0.6,5,107,5,11.1,6233.3,1,4,0.134,1,4.45,66.02,46.59,0.1368
SUB003455,0.778,9,108,4,,5125.6,0,2,0.121,1,14.69,83.11,61.9,0.5288
SUB003456,0.616,9,117,4,43.0,4860.1,1,2,0.335,3,60.81,76.14,52.9,0.264
SUB003457,0.868,4,98,3,121.3,2338.0,0,0,0.24,6,14.48,48.97,78.82,0.9552
SUB003458,0.929,12,155,6,274.2,6508.0,0,3,0.027,5,0.8,64.54,73.05,0.8684
SUB003459,0.863,5,159,5,145.9,5320.4,1,0,0.263,2,27.38,62.16,69.38,0.7701
SUB003460,0.545,5,89,2,154.4,3776.9,0,0,0.414,2,12.69,80.13,61.41,0.5136
SUB003461,0.7,5,164,8,103.2,5310.1,0,1,0.697,3,36.91,83.35,69.72,0.7806
SUB003462,0.743,3,87,5,128.2,6521.3,0,2,0.113,2,8.87,77.69,60.6,0.4909
SUB003463,0.717,14,107,6,149.1,5607.6,0,1,0.493,3,54.98,66.49,65.23,0.6482
SUB003464,0.764,7,112,4,159.5,7512.8,1,2,0.094,3,46.12,53.81,43.56,0.0973
SUB003465,0.806,8,70,3,243.4,5661.5,0,1,0.214,2,3.72,58.59,53.46,0.2779
SUB003466,0.541,9,85,3,121.4,1530.9,0,3,0.159,2,58.06,67.69,55.06,0.3192
SUB003467,0.594,7,62,4,93.7,6201.4,0,1,,6,83.59,72.55,48.19,0.163
SUB003468,0.675,5,117,6,130.5,1970.2,0,1,0.31,2,4.05,64.06,55.0,0.3177
SUB003469,0.641,7,72,3,198.6,6386.4,0,1,0.56,6,17.0,87.5,64.01,0.6061
SUB003470,0.607,9,191,5,126.7,6282.7,0,2,0.349,4,18.44,80.72,57.06,0.3743
SUB003471,0.834,5,93,4,151.0,6984.9,1,0,0.081,6,7.06,94.69,65.61,0.6589
SUB003472,0.437,7,147,9,171.7,5399.3,0,0,,2,4.01,50.48,44.85,0.1116
SUB003473,0.932,15,143,6,294.2,5144.3,1,2,0.349,3,9.17,80.57,69.95,0.7874
SUB003474,0.454,7,85,2,196.4,6283.0,0,1,0.2,2,9.32,85.83,46.84,0.1402
SUB003475,0.774,11,94,4,100.6,2704.8,0,1,0.229,1,29.06,54.96,73.47,0.8755
SUB003476,0.802,2,93,3,,4525.5,0,2,0.186,6,6.99,72.95,62.93,0.5688
SUB003477,0.894,12,123,6,165.0,4270.0,0,2,0.324,3,0.12,68.72,75.82,0.9187
SUB003478,0.775,4,268,15,89.7,4695.8,2,1,0.132,4,15.03,65.81,48.82,0.1757
SUB003479,0.782,12,120,4,126.9,3744.0,0,0,0.393,3,26.81,52.49,81.05,0.9745
SUB003480,0.638,14,91,3,102.2,4692.1,0,1,0.32,2,44.74,62.55,57.33,0.3829
SUB003481,0.586,11,124,3,122.7,5697.5,0,0,0.18,3,20.24,58.07,58.43,0.4202
SUB003482,0.798,8,72,3,112.5,6591.0,0,1,0.22,4,37.55,82.1,73.57,0.8771
SUB003483,0.917,5,82,2,128.1,3982.8,0,1,0.428,4,2.65,90.39,75.75,0.9165
SUB003484,0.914,12,192,7,115.6,4408.7,0,2,0.527,2,37.57,54.35,89.43,0.998
SUB003485,0.707,7,101,4,98.0,,0,2,0.497,2,12.4,79.98,70.82,0.8109
SUB003486,0.92,8,81,2,175.8,6601.8,0,1,0.126,2,13.77,70.05,65.75,0.6642
SUB003487,0.857,6,68,3,137.8,2303.0,0,2,0.228,2,2.71,73.36,72.78,0.8622
SUB003488,0.64,9,109,3,147.3,5265.6,0,0,0.102,1,45.47,62.41,63.24,0.579
SUB003489,0.828,8,70,2,141.0,4788.9,1,0,0.455,5,30.89,57.17,70.35,0.798
SUB003490,0.429,5,169,9,81.3,6330.5,0,1,0.23,2,23.81,90.24,42.73,0.0883
SUB003491,0.951,11,143,9,239.2,3395.6,0,2,0.143,5,2.18,60.91,71.88,0.8411
SUB003492,0.968,18,89,2,295.9,5306.2,0,1,0.398,3,9.71,80.74,80.23,0.9672
SUB003493,0.95,14,209,6,236.3,7487.7,0,1,0.492,3,70.03,79.31,74.62,0.8972
SUB003494,0.789,18,93,2,68.1,4813.8,0,2,0.258,2,47.4,66.07,55.56,0.335
SUB003495,0.487,7,101,3,101.3,3190.7,0,1,0.334,2,2.21,77.44,47.16,0.1449
SUB003496,0.538,6,83,3,,2214.2,0,3,0.103,5,8.09,62.29,44.88,0.1123
SUB003497,0.746,4,138,7,87.0,6923.4,0,1,0.261,3,5.67,75.02,54.45,0.3011
SUB003498,0.794,8,72,2,101.9,3701.2,1,0,0.202,3,6.48,42.26,56.04,0.3456
SUB003499,0.647,8,91,3,61.7,4094.2,0,0,0.464,3,5.04,60.0,65.27,0.6494
SUB003500,0.693,9,86,4,125.3,8222.8,1,0,0.28,3,10.85,69.2,64.83,0.6354
SUB003501,0.628,5,120,4,85.7,5984.4,0,1,0.084,6,7.55,45.03,52.72,0.2588
SUB003502,0.727,10,65,4,6.5,6043.5,0,1,0.602,4,13.42,51.04,67.41,0.7129
SUB003503,0.789,9,104,4,216.1,6982.4,0,2,0.248,1,8.24,44.92,64.93,0.6389
SUB003504,0.54,10,168,5,175.0,2500.0,0,4,0.393,3,2.36,76.81,50.53,0.21
SUB003505,0.802,11,69,2,72.9,6647.1,0,3,0.34,4,3.06,48.65,58.61,0.4251
SUB003506,0.91,6,141,5,190.1,7211.3,0,1,0.183,3,25.92,51.9,65.14,0.6451
SUB003507,0.866,9,152,6,154.6,4090.8,0,1,0.277,6,24.17,60.48,78.06,0.9485
SUB003508,0.723,14,103,4,231.6,5643.0,1,1,0.285,2,24.78,80.26,56.68,0.3639
SUB003509,0.857,11,48,3,197.1,5691.3,0,0,0.513,6,1.81,25.5,76.17,0.9242
SUB003510,0.836,9,139,8,100.5,3633.3,0,0,0.388,6,56.19,61.13,71.83,0.8396
SUB003511,0.723,7,166,5,181.1,6201.8,0,1,0.241,5,0.1,84.26,71.98,0.8436
SUB003512,0.693,8,202,11,186.7,4057.1,0,0,0.495,3,59.99,54.58,57.81,0.4017
SUB003513,0.863,5,113,4,198.3,8453.1,2,0,0.36,2,6.24,72.5,60.96,0.5007
SUB003514,0.862,13,56,2,218.8,4522.5,0,1,0.332,1,20.24,75.89,69.47,0.774
SUB003515,0.379,7,138,3,265.7,5540.6,1,1,0.11,2,0.26,44.63,23.92,0.0079
SUB003516,0.811,6,59,2,195.2,1853.6,1,1,0.169,2,0.83,63.09,48.16,0.1622
SUB003517,0.868,5,130,4,87.9,5244.0,0,2,0.134,5,87.27,58.47,68.7,0.7502
SUB003518,0.857,6,147,5,148.6,6565.0,0,2,0.091,5,16.16,70.43,71.03,0.817
SUB003519,0.843,7,170,8,78.1,3508.1,0,2,0.325,5,2.09,75.93,78.66,0.9543
SUB003520,0.412,15,92,4,237.6,3676.6,0,1,0.089,2,0.63,72.39,40.55,0.069
SUB003521,0.454,6,76,4,,3313.7,0,2,0.418,4,35.74,76.8,42.82,0.0895
SUB003522,0.316,17,114,4,304.9,2838.7,0,4,0.012,5,3.89,55.16,23.19,0.007
SUB003523,0.49,15,65,4,147.5,2382.0,0,1,0.175,2,51.16,63.65,43.12,0.0923
SUB003524,0.95,15,95,3,162.4,6018.9,0,0,0.124,1,23.79,78.42,75.3,0.9078
SUB003525,0.838,12,85,4,128.1,2526.5,1,4,0.272,2,13.9,75.24,55.12,0.3213
SUB003526,0.856,4,158,8,89.0,2114.5,1,2,0.555,5,30.3,42.85,65.19,0.6468
SUB003527,0.783,14,186,7,130.2,4131.8,0,0,0.44,3,4.25,72.17,62.33,0.5452
SUB003528,0.689,4,134,6,145.9,4745.3,0,2,,8,10.74,47.5,57.57,0.3922
SUB003529,0.774,5,150,8,136.1,5620.5,0,2,0.236,3,7.98,49.63,76.57,0.9312
SUB003530,0.845,7,114,3,115.4,3238.9,0,1,0.186,3,35.8,83.39,72.39,0.8515
SUB003531,0.487,7,111,5,159.4,3672.6,0,5,0.251,1,19.37,79.81,40.49,0.0683
SUB003532,0.625,13,60,2,126.4,5111.4,0,2,0.519,1,13.55,57.33,75.44,0.9103
SUB003533,0.605,12,125,4,155.7,5981.8,0,3,0.031,4,69.54,69.62,58.91,0.4352
SUB003534,0.774,8,146,7,249.9,6595.2,0,3,0.077,2,4.9,74.71,66.99,0.7012
SUB003535,0.715,12,100,5,121.6,5219.3,1,0,0.52,2,32.14,54.87,59.48,0.4538
SUB003536,0.222,10,101,4,131.8,2018.4,0,2,0.206,2,11.82,33.88,37.87,0.0515
SUB003537,0.724,9,49,1,77.7,2932.2,1,0,0.178,4,26.83,72.21,62.77,0.5625
SUB003538,0.771,7,102,3,120.7,6390.9,0,4,0.276,2,1.72,90.01,58.44,0.4205
SUB003539,0.757,6,158,7,160.5,7446.2,1,4,0.553,1,4.82,58.13,65.09,0.6429
SUB003540,0.539,3,123,8,97.3,4483.5,0,1,0.309,2,9.64,67.08,59.71,0.4626
SUB003541,0.774,13,107,4,90.9,4271.5,0,1,0.612,4,6.05,83.62,69.81,0.7827
SUB003542,0.643,6,71,3,159.7,2853.6,0,2,0.364,3,44.94,88.96,57.19,0.3788
SUB003543,0.558,7,91,4,169.0,6585.5,1,1,0.369,2,22.73,73.76,58.69,0.4289
SUB003544,0.902,6,84,3,174.8,2832.5,0,1,0.029,5,1.45,60.52,68.22,0.7378
SUB003545,0.52,10,74,2,75.7,7312.6,1,1,0.283,2,2.57,69.88,47.56,0.1518
SUB003546,0.615,11,123,3,235.2,4492.5,0,2,0.345,4,0.66,62.68,50.59,0.2112
SUB003547,0.702,7,92,3,111.7,3170.1,1,0,0.043,3,5.04,62.36,49.32,0.1843
SUB003548,0.786,9,152,4,86.5,2085.3,1,0,0.107,4,28.03,76.59,72.51,0.8552
SUB003549,0.931,7,107,4,202.5,4129.3,0,1,0.03,4,30.23,73.91,82.04,0.9776
SUB003550,0.638,13,212,12,239.1,4870.6,0,2,0.29,4,0.12,74.26,64.64,0.6292
SUB003551,0.734,11,91,3,134.1,3976.8,1,3,0.674,3,101.95,63.73,62.08,0.5355
SUB003552,0.746,3,167,5,79.0,4842.6,0,0,0.313,2,30.03,89.75,60.07,0.473
SUB003553,0.537,11,180,5,179.5,6978.4,0,5,0.235,3,2.07,55.93,50.4,0.2075
SUB003554,0.874,9,88,2,67.1,5368.2,0,2,0.356,5,3.27,41.46,72.94,0.8659
SUB003555,0.724,6,104,4,291.1,4812.2,0,3,0.259,2,11.52,58.35,60.97,0.501
SUB003556,0.823,6,95,4,76.1,6187.5,0,2,0.832,3,11.13,73.62,78.47,0.9525
SUB003557,0.429,12,87,4,177.4,3060.6,0,4,,7,13.56,64.93,54.64,0.3065
SUB003558,0.628,13,137,5,149.4,5755.0,0,0,0.335,3,7.93,52.25,56.11,0.3477
SUB003559,0.956,10,143,4,94.8,5756.5,0,2,0.061,3,54.11,87.51,76.47,0.9285
SUB003560,0.935,7,84,3,84.9,6669.5,1,6,0.634,3,15.64,37.96,59.54,0.4553
SUB003561,0.662,6,83,4,205.7,2359.1,1,4,0.279,1,29.04,65.45,54.45,0.3011
SUB003562,0.443,6,108,4,160.0,3240.7,0,0,0.297,3,33.77,66.68,49.11,0.181
SUB003563,0.835,8,107,6,102.2,3319.8,1,0,0.52,3,37.61,100.0,70.69,0.8066
SUB003564,0.494,14,60,2,128.4,5017.3,2,0,0.118,3,25.53,81.66,25.7,0.0105
SUB003565,0.627,4,138,7,83.2,5026.0,2,2,0.36,3,6.26,75.74,42.97,0.0909
SUB003566,0.864,9,57,2,199.9,5136.6,2,0,0.195,2,1.26,100.0,46.97,0.1417
SUB003567,0.921,8,80,2,199.3,1239.7,0,1,0.254,2,7.67,78.37,75.69,0.9158
SUB003568,0.737,11,116,3,184.6,6788.3,0,3,0.187,3,10.4,81.47,60.25,0.4811
SUB003569,0.901,5,137,8,150.2,5037.5,0,1,0.614,4,43.29,60.62,77.78,0.9448
SUB003570,0.903,8,79,3,181.6,5223.8,0,2,0.417,5,28.74,87.9,74.57,0.8957
SUB003571,0.478,13,103,5,60.1,5070.5,0,3,0.592,3,13.61,53.35,53.74,0.2835
SUB003572,0.975,10,92,6,166.5,3518.3,2,0,0.047,3,22.5,58.7,74.99,0.9036
SUB003573,0.479,7,38,2,205.1,4967.0,2,3,0.461,4,33.52,92.59,25.81,0.0107
SUB003574,0.9,6,94,4,151.9,4584.3,0,2,0.403,4,42.86,67.4,77.98,0.9474
SUB003575,0.473,15,73,2,168.2,4459.4,0,2,0.084,4,2.71,70.76,38.43,0.0553
SUB003576,0.502,5,107,3,96.8,5274.8,1,1,0.336,2,12.7,95.49,45.58,0.122
SUB003577,0.852,16,69,2,133.8,4191.2,2,0,0.081,2,54.66,58.04,53.92,0.2879
SUB003578,0.882,10,91,6,118.6,2414.0,3,0,0.275,7,8.38,68.92,59.57,0.4563
SUB003579,0.828,8,103,4,,4242.7,0,0,0.107,2,17.74,46.44,60.98,0.5014
SUB003580,0.711,14,111,7,132.9,6992.5,0,0,0.419,2,21.47,80.19,57.09,0.3749
SUB003581,0.493,14,99,3,52.6,3664.9,2,3,0.268,4,19.94,80.32,27.49,0.0142
SUB003582,0.885,9,164,6,194.9,4961.1,1,3,0.293,4,25.96,73.25,45.95,0.1272
SUB003583,0.553,11,119,5,184.3,5846.5,1,3,0.197,3,7.66,56.41,50.88,0.2172
SUB003584,0.806,5,133,8,156.3,7844.0,0,1,0.308,4,18.02,75.05,73.08,0.8691
SUB003585,0.804,8,104,6,87.8,4136.4,0,2,0.376,3,12.28,56.89,67.42,0.7132
SUB003586,0.696,6,29,1,108.5,2304.2,0,0,0.718,2,12.75,47.13,71.6,0.8321
SUB003587,0.926,16,67,3,199.1,5343.8,1,2,0.545,5,35.99,82.94,55.65,0.3375
SUB003588,0.893,15,63,3,166.6,,0,3,0.212,2,11.19,70.59,71.51,0.8301
SUB003589,0.907,5,98,3,93.1,4933.0,0,2,0.195,2,41.55,62.45,75.62,0.9148
SUB003590,0.93,5,178,11,213.0,5799.0,0,3,0.044,2,15.94,77.28,60.16,0.4776
SUB003591,0.979,8,116,6,93.2,3860.9,1,2,0.161,6,41.24,49.26,68.43,0.7435
SUB003592,0.56,17,149,4,5.0,4336.9,1,2,0.387,2,6.11,82.2,42.85,0.0898
SUB003593,0.849,7,76,2,146.2,5608.8,0,1,0.324,1,38.12,77.27,60.1,0.4747
SUB003594,0.812,22,111,5,193.8,6193.9,1,0,0.379,3,57.24,45.52,53.77,0.2846
SUB003595,0.903,5,165,5,138.5,4891.3,0,2,0.202,2,27.22,86.32,75.9,0.9201
SUB003596,0.722,6,150,8,162.1,5002.9,0,1,0.49,1,23.75,100.0,54.65,0.3067
SUB003597,0.671,5,86,3,101.6,2744.1,2,0,0.217,2,3.77,89.65,54.72,0.3085
SUB003598,0.615,9,104,3,208.6,4697.1,1,3,0.099,1,12.49,87.65,55.92,0.3432
SUB003599,0.548,7,154,6,59.0,4182.5,1,1,0.195,2,6.52,66.68,40.0,0.064
SUB003600,0.58,16,83,4,166.7,4533.0,0,1,0.228,2,30.59,40.01,41.89,0.0792
SUB003601,0.834,7,101,3,103.5,6632.3,0,1,0.248,6,9.76,66.29,75.08,0.905
SUB003602,0.796,13,51,2,219.4,2565.8,0,1,0.507,2,12.17,65.7,66.93,0.6988
SUB003603,0.616,5,145,4,87.3,6488.0,0,0,0.263,3,4.22,64.72,66.2,0.6791
SUB003604,0.779,8,141,6,148.3,4997.1,1,2,0.362,4,26.8,60.86,60.24,0.4804
SUB003605,0.664,4,53,2,137.1,4224.6,0,2,0.171,3,2.56,72.96,50.8,0.215
SUB003606,0.94,17,101,3,182.7,3201.9,1,2,0.284,4,38.85,58.71,56.17,0.349
SUB003607,0.647,8,159,7,100.2,5214.3,0,2,0.134,6,23.72,55.72,67.97,0.7302
SUB003608,0.37,13,70,3,180.9,7607.2,0,1,0.214,3,9.44,64.84,32.56,0.0277
SUB003609,0.821,4,121,6,133.7,783.6,0,1,0.118,4,55.14,66.43,65.17,0.6463
SUB003610,0.389,5,91,4,155.6,1521.7,0,3,0.355,2,7.47,60.35,38.45,0.0555
SUB003611,0.6,5,158,6,229.5,4524.8,0,1,0.496,4,0.75,88.06,48.14,0.162
SUB003612,0.657,7,50,2,148.0,4740.5,1,3,0.535,5,6.09,75.18,57.49,0.3902
SUB003613,0.487,14,51,3,102.3,5664.3,2,4,0.42,5,93.07,79.03,21.3,0.0052
SUB003614,0.706,7,83,3,258.7,5093.2,1,2,0.456,2,23.99,82.28,62.0,0.5321
SUB003615,0.635,11,109,3,211.7,2091.0,1,0,0.339,3,62.47,61.58,54.36,0.2992
SUB003616,0.525,19,110,4,216.2,5474.2,0,0,0.27,2,30.61,94.45,53.3,0.2745
SUB003617,0.823,8,56,2,133.0,4021.2,2,1,0.626,10,52.01,79.37,45.42,0.1195
SUB003618,0.542,4,127,3,176.4,5963.0,0,5,0.079,3,76.29,75.9,45.49,0.1208
SUB003619,0.648,5,137,7,11.6,3609.4,1,0,0.359,3,43.96,50.34,60.84,0.4969
SUB003620,0.31,12,110,3,248.8,2252.2,0,0,0.376,2,17.87,54.18,39.91,0.0635
SUB003621,0.287,7,159,4,194.8,4118.4,0,1,0.151,3,12.56,76.05,37.52,0.0492
SUB003622,0.884,4,130,5,121.4,5386.6,0,4,0.274,3,12.15,52.39,61.15,0.5068
SUB003623,0.855,26,91,3,250.3,5029.4,1,4,0.308,2,10.24,60.83,47.82,0.1568
SUB003624,0.814,15,178,6,202.1,4915.3,0,1,0.039,3,7.93,70.48,57.48,0.3897
SUB003625,0.504,6,189,5,77.4,4027.7,0,0,0.561,3,8.15,62.91,54.35,0.299
SUB003626,0.666,21,122,4,193.7,4412.1,2,1,0.194,1,10.92,79.55,35.05,0.037
SUB003627,0.609,24,77,2,214.5,6607.6,2,1,0.113,2,5.3,82.39,40.82,0.0707
SUB003628,0.617,19,157,8,169.0,8613.2,0,1,0.196,3,59.26,52.38,56.12,0.348
SUB003629,0.565,8,65,2,130.8,4963.4,0,1,0.109,3,14.48,61.77,46.64,0.1379
SUB003630,0.925,9,79,5,201.1,5932.8,1,2,0.263,9,11.54,63.68,80.36,0.968
SUB003631,0.85,11,149,4,163.6,3653.9,0,0,0.665,4,11.77,64.67,77.75,0.9443
SUB003632,0.712,6,75,4,250.7,6404.9,0,0,,5,38.5,73.19,65.72,0.6632
SUB003633,0.665,14,172,7,,4336.2,0,4,0.381,2,4.62,29.92,63.49,0.588
SUB003634,0.804,10,76,2,174.6,2479.8,2,3,0.29,3,6.07,67.56,57.1,0.3754
SUB003635,0.429,14,97,4,106.8,6213.4,1,0,0.52,3,7.14,31.32,29.2,0.0178
SUB003636,0.732,7,93,3,181.6,4599.5,0,3,0.432,6,4.82,76.06,52.8,0.2611
SUB003637,0.927,10,136,6,83.1,6770.7,1,0,0.548,2,19.54,60.97,50.87,0.2168
SUB003638,0.633,5,135,5,152.3,5914.5,1,2,0.28,4,11.39,70.39,64.63,0.6287
SUB003639,0.417,7,92,3,211.8,2519.5,0,1,0.111,3,51.09,64.1,47.05,0.1426
SUB003640,0.622,7,129,3,144.1,4921.9,1,2,0.143,4,45.39,81.95,52.63,0.2552
SUB003641,0.786,12,116,4,96.6,3234.8,2,2,0.339,2,32.21,57.19,58.22,0.4144
SUB003642,0.657,13,140,4,215.7,6595.7,1,0,0.131,5,87.35,63.91,49.36,0.1856
SUB003643,0.834,5,133,5,156.6,4794.3,1,3,0.292,2,38.85,76.9,65.48,0.655
SUB003644,0.43,15,76,2,159.9,3392.6,0,1,0.262,3,5.37,99.26,38.47,0.0557
SUB003645,0.715,11,172,5,94.9,1814.7,0,0,0.092,2,17.72,56.75,63.76,0.5973
SUB003646,0.805,12,53,2,59.4,6014.3,2,3,0.209,3,13.35,84.69,59.37,0.4498
SUB003647,0.58,13,96,3,294.1,3966.0,0,3,0.153,4,20.57,49.53,44.92,0.1128
SUB003648,0.765,6,130,7,103.6,4257.3,0,6,0.115,2,46.68,56.55,75.83,0.9191
SUB003649,0.803,15,106,3,105.4,5255.7,0,1,0.139,3,4.17,92.41,57.59,0.3934
SUB003650,0.511,7,102,5,159.9,3183.3,0,0,0.593,2,32.25,70.82,60.93,0.4997
SUB003651,0.772,8,96,5,82.9,2202.8,0,1,0.2,3,23.23,68.36,66.3,0.6817
SUB003652,0.764,8,91,3,173.9,4744.5,0,3,0.169,2,35.0,62.21,71.45,0.8289
SUB003653,0.66,21,165,5,264.1,3428.4,0,0,0.159,6,26.58,59.56,49.88,0.1965
SUB003654,0.97,6,103,3,74.5,4399.8,0,4,0.369,2,30.37,60.57,68.77,0.7531
SUB003655,0.716,19,103,5,159.1,3216.9,2,0,0.135,3,2.07,85.88,52.04,0.2413
SUB003656,0.675,17,82,4,196.9,2371.1,0,4,0.321,4,28.97,52.99,47.94,0.1582
SUB003657,0.609,5,134,6,61.9,2207.9,0,1,0.409,3,17.57,50.71,63.88,0.5999
SUB003658,0.512,6,64,2,83.3,4471.5,0,1,0.315,5,26.19,54.97,43.98,0.102
SUB003659,0.823,7,203,5,134.0,6659.8,0,1,0.438,6,13.5,62.77,66.0,0.6726
SUB003660,0.864,12,76,2,273.6,5847.0,2,2,0.098,2,4.08,38.13,50.1,0.2005
SUB003661,0.678,15,102,4,113.8,4547.3,0,1,0.162,2,16.71,52.02,48.58,0.1709
SUB003662,0.496,7,124,5,124.0,6757.1,0,1,0.359,3,20.05,72.66,45.17,0.1163
SUB003663,0.859,4,152,6,280.8,3956.5,0,1,0.124,6,35.5,73.31,78.93,0.9564
SUB003664,0.692,12,94,3,203.7,5698.2,0,3,0.232,5,7.27,87.19,73.28,0.8729
SUB003665,0.88,9,88,3,45.3,3701.8,2,2,0.248,3,9.56,71.77,48.26,0.1639
SUB003666,0.967,5,112,7,121.0,3471.1,0,1,0.319,6,1.81,77.38,85.55,0.9922
SUB003667,0.882,11,83,5,188.1,5629.4,0,0,0.262,4,9.72,86.78,77.8,0.9452
SUB003668,0.759,9,98,4,233.8,5138.9,0,1,0.274,5,6.21,62.28,65.62,0.6592
SUB003669,0.793,5,180,6,218.6,5844.3,0,2,0.046,3,5.89,83.61,56.94,0.3713
SUB003670,0.857,7,76,2,174.6,2147.2,0,2,0.501,2,1.14,76.11,80.01,0.9653
SUB003671,0.923,19,46,2,220.0,5773.5,1,1,0.222,5,36.68,65.05,50.58,0.211
SUB003672,0.623,3,81,2,51.1,5420.7,0,2,0.397,3,13.32,80.12,58.45,0.4207
SUB003673,0.784,6,63,2,96.4,3710.8,0,0,0.212,1,103.34,46.37,62.75,0.5618
SUB003674,0.51,4,132,5,54.2,5534.5,0,0,0.186,3,15.04,66.59,51.69,0.2338
SUB003675,0.793,8,87,5,205.8,6079.3,0,1,0.193,4,4.15,66.21,75.53,0.9122
SUB003676,0.961,10,159,8,172.6,3691.1,1,1,0.162,3,14.67,82.04,59.01,0.4378
SUB003677,0.983,9,98,3,153.4,3395.9,1,1,0.347,4,3.22,68.78,65.08,0.6427
SUB003678,0.662,9,64,4,239.6,3887.2,1,1,0.281,3,0.47,74.38,52.99,0.2662
SUB003679,0.812,10,151,4,182.3,1422.9,1,1,0.386,4,1.42,81.95,71.23,0.823
SUB003680,0.656,7,77,2,209.3,4880.2,2,4,0.34,2,0.72,67.44,49.08,0.18
SUB003681,0.534,24,46,1,237.4,5596.2,1,2,0.406,2,73.69,42.39,47.08,0.1436
SUB003682,0.668,9,122,4,198.2,5465.1,1,1,0.244,3,29.17,69.48,56.35,0.3551
SUB003683,0.69,5,82,5,72.4,5128.9,1,2,0.227,2,12.91,51.4,56.2,0.3505
SUB003684,0.509,9,125,4,205.5,6160.2,0,0,0.147,3,23.84,70.02,49.08,0.18
SUB003685,0.74,12,142,5,,4559.6,0,0,0.147,2,16.29,70.62,48.17,0.1625
SUB003686,0.877,13,116,7,134.5,2222.5,0,0,0.514,5,20.05,87.41,85.86,0.9933
SUB003687,0.703,11,83,4,194.1,4609.1,1,1,0.143,3,0.84,68.43,58.03,0.4076
SUB003688,0.437,10,153,6,227.2,6717.1,0,2,0.191,3,2.16,64.9,46.1,0.1298
SUB003689,0.74,6,75,3,132.1,4916.9,0,0,0.24,3,0.36,58.83,60.92,0.4995
SUB003690,0.843,10,125,6,105.0,4067.1,0,1,0.248,4,1.49,70.9,80.37,0.9682
SUB003691,0.609,9,134,5,104.8,5846.2,0,5,0.259,4,26.34,85.04,44.12,0.1037
SUB003692,0.698,6,108,3,54.3,5119.2,0,0,0.449,1,51.63,51.42,58.18,0.4137
SUB003693,0.825,9,141,6,136.9,4381.3,1,1,0.248,6,18.36,76.12,60.35,0.4836
SUB003694,0.498,13,117,6,194.4,4763.6,1,2,0.497,6,81.47,61.68,40.27,0.0657
SUB003695,0.406,4,123,5,236.0,4138.9,0,2,0.411,4,27.08,64.79,45.22,0.1168
SUB003696,0.784,6,141,5,89.7,5627.3,0,2,0.414,4,10.53,56.25,71.11,0.8202
SUB003697,0.662,2,114,3,147.6,3220.2,0,0,0.368,5,50.44,52.54,66.94,0.6992
SUB003698,0.869,12,148,6,157.4,5234.9,1,0,0.31,3,5.56,71.06,66.9,0.6978
SUB003699,0.785,5,169,8,134.5,6148.9,0,2,0.264,5,0.48,70.16,73.73,0.8813
SUB003700,0.762,15,127,6,73.2,4991.9,1,0,0.167,2,0.99,65.59,50.09,0.2003
SUB003701,0.513,8,143,9,83.3,,0,1,0.221,2,9.92,74.1,50.08,0.2001
SUB003702,0.482,11,108,3,261.9,4645.0,1,0,0.127,1,35.42,48.16,36.05,0.0413
SUB003703,0.881,12,170,8,216.6,,0,2,0.133,5,2.84,71.44,75.06,0.9045
SUB003704,0.895,9,120,3,164.0,4061.1,0,0,0.23,3,85.43,76.14,83.96,0.9878
SUB003705,0.878,16,138,5,195.7,4494.2,0,0,0.313,2,8.59,57.15,66.22,0.6797
SUB003706,0.885,9,65,2,191.6,2973.5,0,0,0.268,2,4.76,70.08,76.52,0.9292
SUB003707,0.874,10,134,7,123.1,4265.1,0,3,0.256,1,24.27,80.22,64.49,0.6227
SUB003708,0.636,5,112,6,110.6,1553.2,1,1,0.362,2,2.56,55.94,52.26,0.2469
SUB003709,0.869,19,132,5,140.0,4702.8,1,1,0.089,2,76.93,76.92,61.82,0.5268
SUB003710,0.712,13,137,6,169.1,5609.0,0,1,0.159,2,15.5,66.11,65.25,0.6487
SUB003711,0.707,5,142,5,66.0,4609.5,0,1,0.203,3,22.74,75.9,64.85,0.6365
SUB003712,0.609,5,134,4,95.2,6051.8,0,1,0.496,1,4.25,68.15,56.78,0.3671
SUB003713,0.769,7,100,3,171.4,6503.1,0,0,0.3,6,11.41,50.49,66.18,0.6782
SUB003714,0.819,8,193,6,122.8,4940.9,0,0,0.202,2,26.37,62.04,67.4,0.7124
SUB003715,0.87,9,159,8,42.0,3300.3,0,1,0.434,2,16.03,67.05,74.79,0.9008
SUB003716,0.802,15,103,5,142.2,6152.2,1,0,0.185,1,35.39,45.02,56.53,0.3592
SUB003717,0.862,15,101,3,197.7,,1,1,0.233,4,75.84,100.0,60.27,0.4822
SUB003718,0.801,13,34,2,166.0,4843.4,0,0,0.276,5,9.15,63.65,64.86,0.6372
SUB003719,0.965,3,71,4,27.6,3568.3,1,3,0.172,4,81.47,68.36,69.32,0.7681
SUB003720,0.827,18,81,2,235.9,4971.9,2,1,0.094,5,21.32,63.36,46.06,0.1291
SUB003721,0.917,14,102,7,147.2,4042.8,0,1,0.201,5,119.36,54.58,63.96,0.6033
SUB003722,0.506,12,168,5,176.3,3739.5,0,2,0.308,2,12.74,71.81,56.81,0.368
SUB003723,0.468,8,98,5,206.7,5028.7,0,2,0.37,4,17.96,70.1,44.81,0.1112
SUB003724,0.911,11,71,2,145.6,,1,2,0.341,2,62.48,33.14,63.19,0.5773
SUB003725,0.915,4,131,7,17.5,5788.8,0,4,0.128,3,28.68,64.18,65.12,0.6445
SUB003726,0.613,11,135,4,258.3,5097.3,0,2,0.078,4,1.31,71.18,54.47,0.3016
SUB003727,0.826,14,99,6,29.5,4327.8,0,1,0.43,6,16.66,55.24,70.06,0.7901
SUB003728,0.323,10,160,7,130.0,4737.6,0,3,0.405,1,23.28,45.56,37.25,0.0472
SUB003729,0.491,8,164,5,221.7,3210.2,1,2,0.186,6,48.03,83.28,38.36,0.0548
SUB003730,0.529,16,55,2,126.2,2755.3,0,1,0.235,6,6.81,65.43,46.42,0.134
SUB003731,0.781,23,135,5,150.7,7274.3,0,3,0.107,3,26.41,41.06,53.89,0.2874
SUB003732,0.846,12,45,2,143.0,3998.6,1,3,0.223,3,13.54,74.22,70.76,0.8088
SUB003733,0.675,14,103,4,151.2,2379.0,0,1,0.125,4,4.97,50.77,54.78,0.311
SUB003734,0.915,9,229,6,,6522.8,0,0,,5,14.68,91.47,77.83,0.9459
SUB003735,0.724,7,133,4,102.8,3128.5,0,3,0.607,3,4.55,60.47,72.43,0.8532
SUB003736,0.729,14,85,3,226.5,5289.9,0,0,0.408,1,1.31,38.04,59.62,0.4592
SUB003737,0.883,20,138,6,148.1,6901.3,1,2,0.209,3,6.27,86.75,50.0,0.1986
SUB003738,0.691,7,82,3,171.1,,0,1,0.516,2,3.3,67.7,64.99,0.6405
SUB003739,0.864,5,120,3,80.2,6336.6,0,2,0.214,2,36.89,58.29,72.6,0.8574
SUB003740,0.726,7,76,4,224.1,5480.8,2,2,0.057,2,0.15,70.04,52.92,0.2645
SUB003741,0.446,6,93,4,194.3,6824.9,0,2,0.497,5,0.92,75.47,49.02,0.1788
SUB003742,0.823,16,159,10,162.6,5667.8,0,0,0.302,1,7.84,96.51,70.0,0.7885
SUB003743,0.489,15,191,6,203.5,4162.0,1,1,0.308,3,28.14,58.94,32.76,0.0285
SUB003744,0.884,7,120,4,232.3,1475.5,0,2,0.132,4,12.24,54.61,72.79,0.8628
SUB003745,0.866,10,143,5,89.9,3526.9,0,1,0.101,2,8.94,100.0,73.22,0.8722
SUB003746,0.609,6,89,3,74.6,3691.7,0,2,0.424,6,24.52,49.48,51.74,0.2348
SUB003747,0.913,9,73,2,169.4,5854.0,0,3,,2,23.65,65.58,80.45,0.9689
SUB003748,0.512,5,115,3,57.4,,0,0,0.297,2,19.38,58.58,58.17,0.4132
SUB003749,0.514,8,113,4,50.9,2921.0,0,1,,1,37.56,54.23,47.54,0.1512
SUB003750,0.692,5,234,14,38.8,7004.4,0,0,0.242,3,24.56,61.27,58.38,0.4192
SUB003751,0.471,16,102,4,176.9,3349.9,0,0,,3,41.84,54.79,44.1,0.1033
SUB003752,0.436,10,100,3,27.9,3250.0,1,3,0.192,6,45.62,73.63,46.78,0.1393
SUB003753,0.75,11,132,5,128.8,2584.6,0,3,0.398,3,32.14,67.58,52.0,0.2402
SUB003754,0.76,7,88,3,5.0,4946.6,0,0,0.405,2,31.4,62.84,84.25,0.9888
SUB003755,0.879,8,80,2,170.3,3521.5,1,2,0.437,2,24.67,74.23,66.18,0.6782
SUB003756,0.858,10,125,8,180.3,6594.5,0,3,0.221,5,26.68,39.57,61.81,0.5266
SUB003757,0.861,20,61,2,167.3,2942.8,0,3,0.313,3,16.88,67.69,70.53,0.8025
SUB003758,0.883,9,130,4,217.9,5748.3,0,4,0.587,5,18.66,62.47,69.93,0.7864
SUB003759,0.573,17,92,2,218.7,2641.5,1,5,0.597,3,10.64,66.48,55.07,0.3193
SUB003760,0.794,8,141,4,96.5,6252.8,0,5,0.656,1,4.88,74.95,66.97,0.7002
SUB003761,0.848,10,172,9,97.4,5035.7,0,2,0.185,3,54.64,71.32,71.66,0.8349
SUB003762,0.655,15,80,3,218.0,4839.4,0,2,0.46,4,59.36,84.72,59.36,0.4494
SUB003763,0.778,13,99,4,200.1,3957.4,1,2,0.076,2,1.74,63.82,66.77,0.695
SUB003764,0.555,6,155,6,121.9,4152.4,0,1,0.176,2,6.58,66.84,50.13,0.2013
SUB003765,0.85,11,120,3,47.4,5345.2,1,4,0.333,2,6.7,72.67,60.32,0.483
SUB003766,0.954,11,193,7,208.8,7677.8,0,5,0.082,3,23.75,43.64,68.4,0.7426
SUB003767,0.714,12,122,4,160.0,3035.5,0,2,0.301,3,9.02,88.17,63.71,0.5952
SUB003768,0.891,7,168,5,137.5,,0,0,0.401,4,3.62,75.87,86.74,0.9955
SUB003769,0.494,5,69,2,5.0,3426.1,0,0,0.431,5,77.3,59.99,58.09,0.4098
SUB003770,0.728,18,79,2,206.0,2127.4,0,2,0.334,1,1.51,63.47,57.54,0.3916
SUB003771,0.504,23,183,9,185.3,2628.5,0,0,0.514,3,15.13,81.85,45.88,0.1258
SUB003772,0.63,12,79,5,123.6,3296.2,1,1,0.201,3,99.89,58.15,45.92,0.1267
SUB003773,0.796,8,184,10,93.8,4326.1,0,0,0.274,5,1.81,82.44,69.67,0.78
SUB003774,0.677,16,83,2,174.7,6539.1,2,2,0.269,2,3.52,84.59,50.47,0.2091
SUB003775,0.654,6,63,2,166.1,5799.0,0,3,0.336,4,60.43,60.18,54.61,0.3054
SUB003776,0.989,6,101,3,115.1,3274.4,2,1,0.376,2,17.75,54.37,61.91,0.5293
SUB003777,0.661,18,69,5,,5504.3,0,0,0.106,3,0.08,83.94,61.78,0.5253
SUB003778,0.708,22,136,3,116.9,3481.0,0,1,0.626,4,15.91,77.86,64.16,0.6098
SUB003779,0.622,7,45,1,101.9,4093.3,2,2,0.142,2,30.44,68.77,37.98,0.0527
SUB003780,0.763,7,211,11,182.2,5540.7,1,0,0.057,4,29.85,71.11,55.24,0.3253
SUB003781,0.679,9,113,4,122.7,7730.0,2,0,,2,7.08,63.29,57.17,0.3784
SUB003782,0.62,6,139,4,241.0,5098.2,0,2,0.226,1,22.17,69.97,53.42,0.277
SUB003783,0.841,5,145,5,151.6,2508.0,0,3,0.164,2,22.22,82.15,72.55,0.856
SUB003784,0.858,5,117,3,64.9,5701.3,1,1,0.235,4,27.48,83.51,60.4,0.485
SUB003785,0.613,11,129,5,58.9,6350.8,0,1,0.262,5,13.85,81.92,57.01,0.3726
SUB003786,0.657,9,96,4,194.1,5812.9,0,3,0.465,2,21.69,65.43,76.49,0.9288
SUB003787,0.604,15,145,8,128.6,3233.7,0,2,0.528,3,0.07,50.62,46.81,0.1395
SUB003788,0.598,18,45,3,229.0,4411.5,0,1,0.509,4,20.51,100.0,50.17,0.2021
SUB003789,0.882,12,196,6,123.6,4953.1,1,1,0.077,2,1.87,50.71,57.03,0.3736
SUB003790,0.511,6,95,4,152.5,7129.3,1,0,0.467,6,11.41,71.69,52.28,0.2478
SUB003791,0.41,4,152,6,111.9,5685.1,0,2,0.236,3,28.56,68.35,33.27,0.0304
SUB003792,0.868,8,162,4,159.3,7385.1,0,2,0.381,3,19.43,95.57,83.77,0.9865
SUB003793,0.269,7,93,5,184.8,3401.0,0,2,0.113,3,14.12,88.79,36.55,0.0437
SUB003794,0.676,6,108,4,139.1,4214.9,0,4,0.298,1,1.56,34.8,50.98,0.2198
SUB003795,0.945,12,107,3,195.7,3728.7,1,1,0.194,4,0.19,42.05,75.03,0.904
SUB003796,0.704,12,102,3,54.1,5978.1,0,1,0.115,2,9.9,88.61,61.75,0.5247
SUB003797,0.649,11,84,2,177.9,6129.4,0,0,0.344,2,18.18,80.32,71.56,0.8308
SUB003798,0.896,23,110,4,190.4,5136.2,1,3,0.304,5,13.79,57.03,55.83,0.3416
SUB003799,0.334,5,100,6,119.3,4642.2,0,2,0.154,1,55.3,72.4,38.75,0.0575
SUB003800,0.574,8,174,5,5.0,5496.7,0,0,0.101,3,28.62,63.74,59.22,0.4447
SUB003801,0.771,9,121,3,46.9,2531.2,0,0,0.042,1,2.84,64.06,70.69,0.8066
SUB003802,0.797,8,87,3,157.6,3818.2,0,1,0.169,1,1.53,75.38,68.93,0.758
SUB003803,0.586,7,178,8,162.2,4393.7,0,0,0.254,4,5.13,75.67,53.48,0.2786
SUB003804,0.799,13,165,5,183.6,4804.6,0,2,0.494,3,29.39,63.93,80.45,0.9689
SUB003805,0.959,7,101,3,140.6,3527.0,0,0,0.149,3,15.34,61.46,76.71,0.9333
SUB003806,0.685,6,118,3,66.1,,1,0,0.377,3,0.41,60.49,54.8,0.3118
SUB003807,0.943,12,175,9,94.3,2478.0,0,1,0.352,1,4.44,59.87,83.16,0.984
SUB003808,0.853,12,150,7,29.5,5398.1,0,3,0.147,3,11.95,50.45,70.94,0.8138
SUB003809,0.628,5,59,2,142.5,2237.4,1,1,,4,18.43,83.16,59.39,0.4508
SUB003810,0.89,15,77,2,279.3,5884.2,0,3,0.59,5,5.4,100.0,69.55,0.7768
SUB003811,0.744,21,90,2,,4935.9,0,2,0.7,3,20.65,66.38,53.27,0.2734
SUB003812,0.628,4,94,4,86.4,5799.6,0,2,,6,12.31,66.68,60.13,0.4763
SUB003813,0.732,13,107,4,160.5,3197.4,0,1,0.463,4,16.33,100.0,65.46,0.6546
SUB003814,0.455,10,127,4,141.9,7430.7,0,2,0.255,2,5.95,44.65,47.72,0.155
SUB003815,0.523,10,107,6,,,0,1,0.512,2,1.08,58.41,65.16,0.6459
SUB003816,0.319,16,163,5,183.2,4860.1,0,1,0.35,5,19.24,73.25,47.62,0.1532
SUB003817,0.707,10,216,8,143.5,5670.1,1,1,0.127,1,40.77,65.46,49.63,0.1908
SUB003818,0.727,10,95,3,139.8,4455.8,1,2,0.063,2,0.2,57.64,63.36,0.5831
SUB003819,0.497,7,163,6,260.3,6326.0,0,0,0.17,4,31.58,98.79,60.51,0.4878
SUB003820,0.559,16,121,3,161.9,5794.0,0,1,0.153,3,0.27,82.3,50.54,0.2102
SUB003821,0.804,4,118,7,241.4,1926.9,0,1,0.151,1,7.7,75.07,75.65,0.915
SUB003822,0.957,14,144,6,112.4,3480.0,0,0,0.21,4,59.32,83.11,73.5,0.8762
SUB003823,0.645,6,136,5,47.4,5269.1,0,1,0.27,2,12.8,73.2,61.02,0.5028
SUB003824,0.868,9,107,5,98.4,5695.6,1,3,0.111,4,17.96,81.18,68.68,0.749
SUB003825,0.511,6,84,3,208.4,4644.0,0,0,0.292,3,16.4,79.94,51.22,0.2248
SUB003826,0.64,8,176,5,98.5,2334.9,0,1,0.366,3,21.49,40.12,53.11,0.2692
SUB003827,0.923,6,116,4,52.4,5414.9,2,2,0.135,1,3.15,67.74,64.0,0.6054
SUB003828,0.759,8,116,3,164.4,7317.3,1,3,0.643,1,13.41,67.77,59.25,0.4459
SUB003829,0.556,15,250,11,142.0,1805.8,1,1,0.098,3,24.17,53.46,47.62,0.1532
SUB003830,0.399,7,164,7,175.5,6228.9,1,0,0.231,4,11.01,58.53,31.19,0.0235
SUB003831,0.517,4,104,5,91.7,7268.1,1,2,0.337,5,8.12,64.52,33.37,0.0309
SUB003832,0.169,12,112,3,100.6,5975.3,0,0,0.193,5,15.39,66.48,31.65,0.0245
SUB003833,0.745,7,80,4,240.6,4278.9,2,1,0.336,3,52.15,91.86,61.9,0.5288
SUB003834,0.555,6,71,4,88.0,5700.3,1,1,0.068,3,0.4,82.54,47.93,0.1579
SUB003835,0.824,9,104,7,96.9,4390.1,1,1,0.119,1,11.94,64.07,61.07,0.5044
SUB003836,0.984,3,132,5,156.7,5473.0,1,1,0.394,1,5.0,85.35,69.59,0.7779
SUB003837,0.823,7,82,3,5.0,4535.0,0,2,0.424,3,1.2,63.26,75.9,0.9201
SUB003838,0.771,16,150,6,212.0,4916.9,0,1,0.226,3,72.15,36.16,52.72,0.2588
SUB003839,0.834,11,75,2,260.3,3232.2,1,1,0.347,2,25.62,64.6,64.57,0.6262
SUB003840,0.852,9,104,4,198.9,3825.0,0,3,0.313,4,1.78,85.95,80.72,0.9716
SUB003841,0.864,9,145,10,84.5,7162.1,0,2,0.527,6,41.84,95.16,68.87,0.7555
SUB003842,0.73,15,217,7,121.6,4155.3,2,0,0.011,3,19.2,70.44,53.0,0.2667
SUB003843,0.54,7,185,10,144.9,1991.3,1,1,0.145,8,0.23,65.09,43.77,0.1004
SUB003844,0.753,8,170,11,165.9,10123.1,0,4,0.312,1,5.87,67.27,54.11,0.2927
SUB003845,0.734,3,117,3,225.8,3930.2,0,2,0.249,1,73.91,60.78,69.08,0.7618
SUB003846,0.719,9,153,7,241.1,4362.2,0,1,0.528,3,14.27,65.88,54.95,0.317
SUB003847,0.701,12,101,3,143.1,3901.9,0,0,0.742,2,1.52,53.47,68.35,0.7405
SUB003848,0.724,7,141,5,109.1,4728.9,0,2,,3,44.66,49.2,79.39,0.9617
SUB003849,0.832,11,68,2,106.1,3201.3,0,0,0.298,2,5.34,64.9,71.67,0.8355
SUB003850,0.906,8,127,5,182.7,6869.2,1,2,0.21,7,42.43,64.49,55.83,0.3416
SUB003851,0.904,11,68,2,217.8,4040.6,0,2,0.173,1,28.23,50.39,67.51,0.7155
SUB003852,0.918,10,165,6,154.1,3256.7,0,3,0.243,3,4.38,68.9,77.61,0.943
SUB003853,0.865,6,150,4,137.9,500.0,0,0,0.567,3,36.69,71.92,76.56,0.9308
SUB003854,0.666,8,192,8,270.8,6602.3,0,3,0.269,3,32.44,78.22,52.28,0.2478
SUB003855,0.72,9,72,2,187.8,3699.0,0,2,0.487,2,12.62,32.39,61.78,0.5253
SUB003856,0.724,9,249,9,23.8,5808.5,0,0,0.497,5,48.11,72.71,67.64,0.7203
SUB003857,0.91,18,112,7,,3166.5,0,1,0.393,4,0.71,82.53,76.84,0.9349
SUB003858,0.831,9,165,10,159.1,4965.7,1,2,0.148,2,2.24,77.39,59.72,0.4631
SUB003859,0.946,16,79,2,151.8,4354.1,0,1,0.077,7,10.71,76.08,71.42,0.8282
SUB003860,0.852,6,131,4,,6036.3,0,2,0.082,4,2.31,64.9,62.05,0.534
SUB003861,0.87,11,107,4,133.2,4783.3,0,1,0.151,4,8.97,57.26,74.02,0.8862
SUB003862,0.35,13,150,4,99.9,3065.6,0,2,0.206,5,7.81,69.12,34.24,0.0343
SUB003863,0.913,4,55,4,89.4,7878.6,0,2,0.166,4,7.31,75.6,71.32,0.8252
SUB003864,0.759,12,77,4,196.5,,0,2,0.034,2,0.41,75.91,58.85,0.4336
SUB003865,0.893,3,171,5,47.7,3437.7,1,0,,2,9.23,89.86,77.32,0.9405
SUB003866,0.585,7,76,2,111.4,4663.7,1,3,0.336,2,3.49,59.41,50.99,0.2202
SUB003867,0.397,9,108,4,197.8,5126.6,1,2,0.004,2,48.15,67.68,30.44,0.021
SUB003868,0.699,18,102,4,92.4,5236.1,0,2,0.293,3,21.88,68.73,67.78,0.7236
SUB003869,0.592,12,126,4,93.8,5174.9,0,4,0.169,3,31.17,51.66,55.98,0.3444
SUB003870,0.867,7,82,3,39.3,4778.0,2,1,,3,52.89,58.94,63.4,0.5853
SUB003871,0.728,15,177,7,111.3,6261.5,1,2,0.311,5,7.32,63.96,59.23,0.4449
SUB003872,0.657,4,127,4,100.7,5726.8,0,2,0.088,1,2.28,65.1,55.5,0.3337
SUB003873,0.465,5,185,11,120.8,6044.7,0,0,0.121,1,4.32,58.86,48.0,0.1597
SUB003874,0.768,4,149,8,77.0,,0,1,0.318,1,29.91,84.84,67.23,0.708
SUB003875,0.611,11,124,4,130.1,2018.5,0,1,0.114,5,17.49,71.58,46.91,0.1405
SUB003876,0.71,7,40,2,199.8,3010.2,2,1,0.312,3,7.15,77.96,44.36,0.1064
SUB003877,0.671,10,141,4,170.0,4332.3,0,2,0.315,1,22.63,61.97,61.65,0.5215
SUB003878,0.518,5,140,4,263.1,3560.1,0,0,0.33,3,27.05,52.26,61.52,0.5173
SUB003879,0.776,15,183,8,124.6,,0,0,0.737,3,4.65,75.61,69.45,0.773
SUB003880,0.961,15,120,4,138.0,4958.3,0,4,0.249,1,23.56,22.93,59.64,0.4602
SUB003881,0.882,4,33,2,141.3,2855.8,0,0,0.127,5,3.85,72.05,66.46,0.6853
SUB003882,0.961,6,116,6,107.1,974.7,0,2,0.231,2,17.2,33.27,63.74,0.5965
SUB003883,0.885,16,144,6,166.4,2682.7,0,1,0.568,1,2.44,81.09,83.76,0.9863
SUB003884,0.957,7,115,4,25.9,3660.4,0,1,0.211,2,53.59,39.63,74.52,0.8948
SUB003885,0.636,5,95,4,112.8,4087.6,1,1,0.409,3,15.28,54.01,56.97,0.3715
SUB003886,0.722,10,154,7,202.7,6118.0,0,1,0.524,4,3.58,79.31,73.39,0.8742
SUB003887,0.839,7,52,1,255.2,4911.8,0,3,0.442,1,7.11,47.71,65.82,0.667
SUB003888,0.746,5,115,3,221.9,1567.2,0,0,0.169,3,5.69,68.15,65.12,0.6445
SUB003889,0.82,19,98,3,184.6,6668.9,1,1,0.164,3,16.71,90.59,57.43,0.387
SUB003890,0.788,4,76,5,160.9,4081.0,0,1,0.237,2,37.81,87.9,74.6,0.8968
SUB003891,0.718,8,125,4,163.8,4728.7,0,2,0.322,2,8.4,73.38,64.63,0.6287
SUB003892,0.604,13,193,6,125.7,5146.8,0,0,0.036,3,9.23,89.05,59.16,0.4427
SUB003893,0.762,16,81,4,110.5,3126.0,0,3,0.471,2,3.39,73.41,58.89,0.4348
SUB003894,0.822,12,141,7,170.9,5550.1,1,1,0.267,5,25.17,55.95,57.73,0.3992
SUB003895,0.894,14,133,8,155.4,,0,1,0.622,4,18.29,44.54,77.53,0.942
SUB003896,0.753,13,71,2,209.4,6365.2,0,2,0.089,8,33.42,68.25,62.53,0.5541
SUB003897,0.793,9,132,4,5.0,4941.3,0,2,0.645,3,1.95,68.48,67.67,0.7212
SUB003898,0.895,6,100,6,127.6,5044.9,0,0,0.352,2,1.95,91.26,75.07,0.9048
SUB003899,0.352,8,88,4,216.6,5229.9,0,3,0.25,2,8.93,70.85,43.04,0.0917
SUB003900,0.899,5,87,2,169.6,3772.8,0,4,0.188,3,28.68,82.05,65.86,0.6681
SUB003901,0.88,10,257,9,91.0,7191.7,0,2,,4,2.05,75.48,64.56,0.6258
SUB003902,0.586,6,59,2,59.5,3207.2,0,3,,4,21.47,69.05,42.73,0.0883
SUB003903,0.771,9,168,9,144.2,3339.1,0,2,0.088,3,39.06,47.23,67.35,0.711
SUB003904,0.75,8,105,3,191.1,4748.5,1,0,0.069,3,12.61,50.72,56.55,0.3599
SUB003905,0.925,11,78,4,184.0,,0,3,0.362,2,0.26,74.09,71.26,0.8239
SUB003906,0.898,9,97,4,153.9,3635.6,0,1,0.257,5,39.48,71.22,74.73,0.8993
SUB003907,0.811,9,173,5,185.5,5256.2,0,0,0.16,2,10.65,44.2,68.43,0.7435
SUB003908,0.603,5,176,8,150.4,5982.6,0,0,0.262,4,16.51,58.49,52.49,0.2526
SUB003909,0.818,7,77,3,177.0,4328.9,0,0,0.387,4,34.98,44.25,68.58,0.7475
SUB003910,0.49,2,131,6,182.2,3298.6,0,3,0.323,2,9.15,84.66,53.63,0.2814
SUB003911,0.842,12,128,4,129.3,4134.2,0,1,0.107,2,10.02,69.01,69.94,0.787
SUB003912,0.631,8,103,5,90.9,3512.9,0,0,0.073,4,69.22,79.41,64.83,0.6354
SUB003913,0.75,7,136,5,184.7,4533.5,0,1,0.533,5,36.78,48.84,70.74,0.8078
SUB003914,0.733,10,148,9,119.4,3809.6,0,2,0.242,4,4.53,62.37,65.48,0.655
SUB003915,0.894,9,76,2,30.2,2914.0,0,4,0.259,5,6.09,59.1,59.28,0.447
SUB003916,0.554,10,57,2,235.6,2632.3,1,2,0.43,4,33.61,60.85,58.48,0.4214
SUB003917,0.623,11,71,2,168.2,1597.5,1,2,0.174,2,0.51,91.19,52.8,0.2611
SUB003918,0.747,8,96,3,156.6,6101.9,1,1,0.233,1,0.19,77.2,63.95,0.6028
SUB003919,0.967,5,103,3,123.9,5588.7,2,1,0.35,3,30.3,76.04,76.61,0.932
SUB003920,0.76,5,154,9,185.2,2927.2,0,0,0.276,5,0.12,62.46,68.72,0.7509
SUB003921,0.791,7,109,7,64.0,5521.1,0,5,0.607,3,11.16,61.04,54.85,0.314
SUB003922,0.752,18,96,3,174.2,4543.6,0,1,0.08,2,2.63,75.2,47.43,0.1492
SUB003923,0.808,9,56,2,163.9,2342.0,0,1,0.661,2,18.74,99.38,64.88,0.6377
SUB003924,0.559,11,171,8,186.1,3279.2,2,2,0.232,3,0.87,64.41,34.51,0.0355
SUB003925,0.387,8,77,5,41.5,,1,3,0.129,3,0.74,45.62,33.7,0.0325
SUB003926,0.617,8,177,4,179.6,5996.8,1,2,0.084,3,9.86,63.21,53.18,0.2709
SUB003927,0.697,6,92,5,112.9,5351.2,0,0,0.36,2,32.68,71.11,67.25,0.7083
SUB003928,0.732,11,73,3,113.9,3557.0,0,1,0.042,2,34.44,84.77,62.35,0.5464
SUB003929,0.589,8,113,4,50.3,5253.9,0,0,0.437,1,32.16,76.82,70.13,0.7921
SUB003930,0.815,12,82,3,290.0,4166.0,1,0,0.157,3,10.54,71.79,63.05,0.5731
SUB003931,0.854,3,101,6,121.3,3402.6,0,1,0.382,1,5.5,57.79,63.52,0.5888
SUB003932,0.758,12,112,4,170.7,6000.8,1,2,0.375,2,38.01,72.6,58.07,0.4088
SUB003933,0.577,6,147,6,74.9,4968.6,0,1,0.207,2,4.97,43.57,58.94,0.4355
SUB003934,0.806,6,213,11,46.2,5831.3,1,1,0.296,3,42.96,78.14,67.1,0.7048
SUB003935,0.944,14,28,1,,2493.4,0,1,0.676,3,12.16,47.26,64.83,0.6354
SUB003936,0.761,14,88,2,81.0,3660.5,1,2,0.186,4,32.69,68.6,54.81,0.3126
SUB003937,0.674,9,117,3,225.2,5815.2,0,3,0.392,4,9.12,64.12,69.33,0.7687
SUB003938,0.938,14,67,4,270.0,3914.0,0,1,0.33,3,1.61,83.52,71.32,0.8252
SUB003939,0.933,7,138,7,94.5,4355.7,0,3,0.143,6,2.42,56.25,65.29,0.6499
SUB003940,0.643,7,120,4,113.3,3008.3,0,2,0.402,3,3.92,39.66,59.06,0.4397
SUB003941,0.793,16,55,4,15.4,4570.3,2,3,0.182,4,2.9,68.13,57.59,0.3934
SUB003942,0.45,4,123,8,27.4,2996.3,0,2,0.178,5,16.44,78.75,39.53,0.0608
SUB003943,0.916,11,80,4,190.9,4948.7,1,2,0.144,4,12.27,88.75,69.39,0.7708
SUB003944,0.895,8,100,6,219.3,3010.7,2,1,0.188,3,31.94,63.16,58.68,0.4285
SUB003945,0.694,10,192,7,103.1,4645.9,0,2,0.304,3,11.28,83.23,52.85,0.2625
SUB003946,0.875,9,59,4,109.2,6657.5,0,1,0.499,2,86.9,70.86,74.58,0.8962
SUB003947,0.855,10,143,7,55.1,5263.7,1,0,0.312,5,5.78,75.43,64.68,0.6305
SUB003948,0.89,8,76,5,76.2,3860.3,0,1,0.507,4,19.26,73.65,76.5,0.929
SUB003949,0.857,10,71,3,229.7,5640.2,0,2,0.274,3,7.91,43.08,65.55,0.6572
SUB003950,0.428,11,87,4,171.6,3349.8,0,2,0.175,3,96.81,49.09,44.05,0.1028
SUB003951,0.879,20,68,4,72.3,2860.7,1,1,0.583,2,51.24,53.13,57.81,0.4017
SUB003952,0.734,8,311,13,178.0,5008.0,1,0,0.339,3,3.47,59.04,68.86,0.7551
SUB003953,0.667,8,234,16,286.3,6818.0,0,1,0.213,1,4.79,57.95,53.09,0.2688
SUB003954,0.591,10,57,2,126.4,5848.7,0,2,0.157,6,36.5,64.88,53.56,0.2802
SUB003955,0.903,14,66,3,122.0,3585.0,0,0,0.299,2,1.52,65.82,71.03,0.817
SUB003956,0.781,4,51,2,166.9,3829.1,0,1,0.198,4,24.76,63.01,63.99,0.6048
SUB003957,0.916,6,80,2,198.4,5030.5,0,1,0.152,3,4.33,88.6,73.84,0.8827
SUB003958,0.508,19,114,4,226.3,8212.3,0,1,0.208,6,15.51,82.04,41.15,0.0737
SUB003959,0.433,11,119,4,134.0,4238.6,0,3,,3,103.73,62.28,33.56,0.0322
SUB003960,0.758,10,124,5,124.8,6693.8,0,3,0.239,3,16.5,85.12,72.81,0.8633
SUB003961,0.71,24,127,5,88.5,5009.2,0,1,0.682,2,46.47,100.0,55.53,0.3344
SUB003962,0.933,10,158,7,76.2,,1,2,0.205,2,26.96,70.52,73.83,0.8824
SUB003963,0.792,7,194,12,162.6,6490.4,0,1,0.308,2,64.25,53.72,62.28,0.5422
SUB003964,0.635,3,138,6,,4954.0,1,0,0.521,5,31.14,61.14,61.37,0.5125
SUB003965,0.817,8,112,4,158.8,4517.5,0,0,0.18,5,39.84,78.5,66.29,0.6813
SUB003966,0.812,9,77,4,132.7,4074.2,0,0,0.486,3,3.27,57.1,71.93,0.8422
SUB003967,0.529,13,116,3,162.7,5105.9,0,0,0.324,4,40.6,56.69,45.8,0.1247
SUB003968,0.784,13,136,9,160.2,6461.7,0,2,0.552,2,38.52,65.46,59.78,0.465
SUB003969,0.425,11,99,5,197.8,6479.1,1,2,0.384,1,41.64,82.2,29.76,0.0193
SUB003970,0.889,14,147,5,212.9,6550.8,0,2,0.379,4,23.7,76.0,77.87,0.9465
SUB003971,0.668,10,126,4,149.0,3931.1,1,2,0.612,3,3.34,88.47,64.96,0.6399
SUB003972,0.653,4,82,3,119.7,3557.7,1,0,0.128,3,0.76,48.25,55.31,0.3274
SUB003973,0.625,8,87,3,141.8,3192.9,0,1,0.125,1,4.31,61.11,66.98,0.7007
SUB003974,0.708,8,168,8,97.0,5071.0,1,5,,4,52.5,55.08,50.37,0.2071
SUB003975,0.742,9,50,1,212.2,5649.4,0,5,0.102,2,0.6,55.12,53.81,0.2856
SUB003976,0.693,14,54,2,128.3,3422.5,1,2,0.605,3,38.42,65.64,54.2,0.2941
SUB003977,0.908,9,72,4,137.4,4085.5,1,0,0.135,5,29.64,74.17,71.36,0.8262
SUB003978,0.19,9,240,7,,6170.0,1,2,0.047,3,9.32,59.29,15.12,0.0012
SUB003979,0.717,25,128,7,213.6,4158.3,1,4,0.342,3,21.3,77.6,52.04,0.2413
SUB003980,0.953,6,87,3,154.1,4149.5,0,0,0.506,3,61.89,47.81,76.64,0.9322
SUB003981,0.52,10,129,5,141.8,6316.5,0,0,0.145,4,10.52,81.66,59.61,0.459
SUB003982,0.813,7,84,3,239.7,4455.5,1,2,0.079,5,26.38,58.87,62.03,0.5331
SUB003983,0.853,11,112,3,,3479.6,0,1,0.057,2,4.89,85.12,74.42,0.8931
SUB003984,0.238,15,91,4,149.9,4599.5,0,3,0.092,3,31.47,85.13,25.26,0.01
SUB003985,0.786,12,127,4,263.9,5285.0,0,1,0.17,2,8.82,50.93,51.98,0.2395
SUB003986,0.588,10,102,3,103.3,8266.8,0,1,0.261,3,2.82,66.35,57.51,0.3908
SUB003987,0.793,9,87,4,254.7,6713.6,0,0,0.419,3,20.41,62.44,67.3,0.7097
SUB003988,0.9,14,111,4,,9343.5,0,3,0.47,3,31.91,60.6,73.53,0.8766
SUB003989,0.866,13,95,3,134.9,2877.0,2,1,0.359,2,5.68,75.9,63.55,0.5901
SUB003990,0.567,9,94,3,46.8,6556.8,0,3,0.209,4,3.0,70.59,49.0,0.1782
SUB003991,0.808,24,62,2,110.3,6639.4,0,1,0.634,4,17.92,59.49,56.21,0.3511
SUB003992,0.65,6,126,4,165.2,4675.7,0,2,0.071,5,14.32,60.09,56.18,0.3495
SUB003993,0.725,23,272,8,206.1,4771.4,0,2,0.379,3,31.37,84.17,43.16,0.0928
SUB003994,0.936,14,113,5,125.5,5670.9,1,2,0.521,3,12.02,44.87,65.86,0.6681
SUB003995,0.959,5,97,5,233.0,3996.2,1,1,0.025,3,14.04,61.89,67.91,0.7278
SUB003996,0.871,7,98,3,209.1,2774.1,0,0,0.615,3,7.8,81.38,80.8,0.9723
SUB003997,0.652,10,166,10,146.9,2704.2,0,1,0.338,4,7.69,57.21,54.79,0.3113
SUB003998,0.776,4,35,1,23.5,1929.9,0,0,0.288,3,15.36,68.76,68.19,0.7369
SUB003999,0.788,13,115,5,216.5,4924.7,0,1,0.142,1,15.44,68.36,70.43,0.8008
SUB004000,0.63,9,104,6,118.0,5526.9,0,5,0.052,6,14.25,65.83,52.79,0.2608
SUB004001,0.798,13,102,3,176.5,3048.1,0,2,0.067,4,16.55,66.12,68.6,0.7481
SUB004002,0.871,12,110,5,203.9,5275.5,0,0,0.168,4,30.27,45.35,65.32,0.6508
SUB004003,0.809,8,74,3,119.9,5084.9,0,1,0.067,5,15.04,59.96,62.94,0.5692
SUB004004,0.862,7,75,3,217.7,4895.1,0,1,0.389,6,8.46,63.16,73.33,0.8738
SUB004005,0.446,3,59,2,106.2,5314.9,0,2,0.602,4,20.23,95.06,46.4,0.1338
SUB004006,0.603,23,127,6,221.3,4958.3,0,3,0.332,4,2.11,55.11,42.72,0.088
SUB004007,0.745,12,41,1,201.3,6204.3,1,0,0.078,3,4.6,26.71,62.77,0.5625
SUB004008,0.858,5,117,3,189.7,5520.6,1,1,0.471,2,3.44,92.22,69.83,0.7834
SUB004009,0.826,9,87,3,251.7,2553.1,0,0,0.563,2,30.01,74.96,78.3,0.9505
SUB004010,0.767,14,73,4,112.7,7125.1,0,1,0.079,2,8.82,68.12,72.63,0.8581
SUB004011,0.906,9,112,5,79.0,3118.8,0,0,0.333,3,8.33,62.96,73.7,0.8802
SUB004012,0.52,5,92,3,115.7,4435.7,0,2,0.086,1,8.58,47.31,58.1,0.4103
SUB004013,0.737,13,111,5,341.6,8383.2,0,0,0.159,4,0.1,90.13,63.29,0.5812
SUB004014,0.831,5,75,3,216.0,5109.6,1,2,0.397,1,3.24,63.76,55.44,0.3326
SUB004015,0.653,13,122,4,126.0,3376.2,1,2,0.209,3,20.02,56.6,52.54,0.2535
SUB004016,0.764,11,103,3,,5020.2,0,1,0.286,2,46.24,100.0,65.78,0.6655
SUB004017,0.901,9,144,5,146.1,5503.5,0,0,0.27,5,1.84,67.48,66.18,0.6782
SUB004018,0.558,9,63,2,163.4,4616.7,1,0,0.18,5,1.82,79.14,45.6,0.1226
SUB004019,0.693,8,92,4,182.5,3699.8,0,2,0.313,2,22.04,98.62,58.68,0.4285
SUB004020,0.268,12,87,3,197.0,2515.3,0,0,0.291,1,6.9,70.09,44.64,0.1096
SUB004021,0.649,5,133,4,206.8,2918.0,1,2,0.214,2,7.33,66.16,62.58,0.5556
SUB004022,0.384,7,158,5,261.2,3621.0,0,0,0.474,2,55.38,59.34,50.59,0.2112
SUB004023,0.547,17,114,6,163.0,6512.4,0,3,0.145,2,29.53,66.56,48.77,0.1742
SUB004024,0.653,22,102,6,173.2,2681.6,0,1,0.472,4,41.86,84.14,49.28,0.1835
SUB004025,0.835,8,144,5,122.1,4953.6,0,1,0.334,5,5.75,61.82,66.19,0.6788
SUB004026,0.347,10,95,4,133.4,6572.5,0,1,0.44,3,10.12,79.76,48.71,0.1731
SUB004027,0.272,6,193,8,160.1,5941.1,0,2,0.262,3,55.34,62.46,40.68,0.0697
SUB004028,0.945,6,81,5,176.1,6537.1,1,0,0.368,4,6.28,76.8,79.85,0.9643
SUB004029,0.903,3,48,2,232.6,3360.5,0,3,0.166,4,23.87,84.36,68.9,0.7563
SUB004030,0.5,4,62,3,89.5,5252.2,0,0,0.329,2,39.39,63.69,50.03,0.1993
SUB004031,0.716,8,93,6,165.5,6191.4,1,2,0.558,4,2.59,95.39,74.45,0.8937
SUB004032,0.973,14,230,9,111.6,6561.8,1,3,0.247,2,40.38,86.31,73.71,0.8808
SUB004033,0.647,9,75,2,171.3,5709.9,0,0,0.293,2,36.19,65.6,66.33,0.6827
SUB004034,0.469,16,192,5,328.4,3168.1,2,2,0.101,4,4.54,58.86,15.78,0.0015
SUB004035,0.814,7,114,5,132.8,5570.6,1,2,0.672,1,8.41,32.84,65.78,0.6655
SUB004036,0.367,15,75,3,312.1,5106.6,0,3,0.422,4,20.2,82.06,48.51,0.1696
SUB004037,0.752,25,96,5,144.8,4254.5,1,2,0.072,5,27.4,77.9,49.42,0.1866
SUB004038,0.915,11,150,4,125.4,3842.6,1,2,0.099,5,2.76,64.95,70.67,0.8059
SUB004039,0.716,3,100,6,108.4,5175.7,1,1,0.118,3,6.83,33.9,53.27,0.2734
SUB004040,0.709,3,75,2,139.5,2894.0,1,1,0.574,3,13.94,43.04,53.45,0.2775
SUB004041,0.855,4,93,3,122.8,3818.1,0,0,0.153,2,9.61,45.52,67.52,0.7158
SUB004042,0.58,6,163,5,183.8,6228.2,0,0,0.104,6,0.35,73.51,57.89,0.4036
SUB004043,0.941,13,258,13,5.0,6853.0,0,3,0.683,2,4.06,63.51,74.06,0.8867
SUB004044,0.647,7,147,5,82.2,5458.1,0,3,0.134,5,30.9,77.38,61.24,0.509
SUB004045,0.67,15,198,11,278.7,4300.3,0,0,0.567,1,3.24,50.14,63.07,0.5738
SUB004046,0.582,7,146,5,56.5,3062.7,0,2,0.08,3,17.73,65.86,52.84,0.2621
SUB004047,0.639,25,145,5,173.6,3555.8,1,1,0.365,4,2.12,72.4,42.42,0.0852
SUB004048,0.607,17,133,4,207.7,6593.4,1,2,0.468,4,8.63,89.99,39.12,0.0592
SUB004049,0.45,7,124,4,138.3,4911.8,1,3,0.656,3,44.58,64.95,29.53,0.0186
SUB004050,0.924,6,82,2,87.0,4257.1,0,3,0.151,3,6.56,71.93,78.94,0.9567
SUB004051,0.9,17,110,4,197.7,4795.2,0,2,0.193,4,58.86,46.13,64.79,0.634
SUB004052,0.842,5,147,5,185.2,5761.8,0,2,0.456,4,7.65,52.47,67.77,0.7232
SUB004053,0.786,7,124,7,105.2,3080.1,0,2,0.157,2,11.97,70.21,57.89,0.4036
SUB004054,0.904,5,59,3,159.4,3565.5,1,0,0.389,1,5.18,85.18,74.86,0.9014
SUB004055,0.564,10,163,8,201.6,5784.1,1,4,0.338,3,4.01,57.32,34.17,0.034
SUB004056,0.791,15,136,8,229.8,5039.7,1,4,0.266,3,28.0,56.77,57.72,0.3987
SUB004057,0.503,7,159,9,163.2,,0,2,0.264,2,0.39,41.55,36.5,0.0432
SUB004058,0.876,14,74,3,264.6,,0,1,0.34,2,2.31,38.74,70.11,0.7912
SUB004059,0.622,10,59,3,152.8,3136.9,0,1,0.26,3,15.5,31.19,62.28,0.5422
SUB004060,0.782,5,100,3,76.0,500.0,1,1,0.539,6,47.98,79.92,62.05,0.534
SUB004061,0.847,7,127,5,127.9,4941.4,1,0,0.282,1,54.5,62.46,65.89,0.6691
SUB004062,0.796,4,186,5,204.7,3362.1,0,0,0.192,1,51.43,71.56,76.05,0.9228
SUB004063,0.242,5,120,5,81.4,5361.4,3,1,0.419,3,9.36,60.31,3.82,0.0002
SUB004064,0.439,19,217,13,42.5,7470.7,0,3,0.227,4,20.41,77.18,37.93,0.0522
SUB004065,0.941,10,92,3,177.6,2915.5,0,2,0.252,2,29.74,76.85,71.06,0.8176
SUB004066,0.777,9,133,4,120.4,5634.7,1,2,0.192,1,3.17,65.49,58.08,0.4093
SUB004067,0.488,9,54,2,281.9,5575.4,0,0,0.202,2,6.58,47.88,50.41,0.2079
SUB004068,0.811,6,151,9,154.0,5273.6,1,0,0.471,2,68.05,88.64,73.31,0.8735
SUB004069,0.619,7,181,5,215.2,5396.8,1,1,0.129,5,3.2,47.97,40.79,0.0704
SUB004070,0.47,11,124,3,123.6,1505.4,0,1,0.184,1,102.04,56.96,51.65,0.2335
SUB004071,0.703,4,68,2,167.6,4438.3,0,2,0.024,2,47.2,66.58,69.3,0.7673
SUB004072,0.91,3,109,4,151.3,4532.0,0,2,0.216,1,6.08,51.96,68.69,0.7497
SUB004073,0.55,7,91,5,223.8,6029.6,1,1,0.276,3,12.15,78.67,50.88,0.2172
SUB004074,0.855,6,95,4,149.5,,1,3,0.346,4,11.15,66.74,57.77,0.4005
SUB004075,0.888,16,109,4,136.6,3779.5,0,3,0.222,9,0.61,75.79,75.88,0.9198
SUB004076,0.546,6,67,4,200.3,1485.1,0,1,0.765,1,7.26,48.72,47.16,0.1449
SUB004077,0.673,11,119,5,110.1,2201.0,0,0,0.345,3,10.81,84.03,63.37,0.5837
SUB004078,0.644,6,93,2,89.0,6578.1,0,3,0.195,5,7.53,69.42,55.96,0.3441
SUB004079,0.809,11,129,8,150.4,4529.1,0,1,0.36,3,18.91,79.23,58.67,0.4278
SUB004080,0.794,10,129,7,130.4,2475.0,0,2,0.109,3,3.98,77.57,57.18,0.3787
SUB004081,0.403,18,74,3,175.0,2386.5,0,2,0.583,3,8.73,58.57,38.42,0.0552
SUB004082,0.831,6,98,3,97.9,4836.2,3,3,0.103,3,15.75,86.99,46.58,0.1365
SUB004083,0.528,6,97,3,205.2,4666.4,0,2,0.29,2,13.1,60.83,52.88,0.2636
SUB004084,0.42,27,108,5,267.3,7023.8,0,3,0.107,5,15.67,68.99,15.3,0.0013
SUB004085,0.662,15,172,6,214.8,4739.7,0,2,0.107,2,1.9,82.5,60.49,0.4868
SUB004086,0.735,7,85,2,184.9,5004.3,0,1,0.207,2,8.54,31.96,60.19,0.4788
SUB004087,0.869,6,98,3,27.1,4427.1,0,2,0.274,4,4.67,75.54,71.97,0.8432
SUB004088,0.65,5,129,6,142.0,5873.4,0,1,0.117,3,106.31,79.78,57.49,0.3902
SUB004089,0.752,15,112,3,216.5,7200.1,1,2,0.365,6,155.94,59.06,50.19,0.2028
SUB004090,0.85,6,150,5,218.4,6166.7,0,2,0.509,2,24.01,74.31,77.22,0.9391
SUB004091,0.574,6,128,5,125.8,,0,1,0.436,3,3.04,96.69,66.63,0.6908
SUB004092,0.674,6,98,4,216.2,5301.4,0,1,0.168,3,111.28,62.92,68.4,0.7426
SUB004093,0.429,12,116,7,174.4,2200.9,0,2,0.253,3,14.76,73.43,49.69,0.1929
SUB004094,0.668,8,164,5,5.0,3584.0,0,2,0.276,3,12.28,48.44,52.25,0.2464
SUB004095,0.94,15,70,3,159.0,5581.3,0,2,0.869,3,6.45,78.45,76.22,0.9255
SUB004096,0.877,21,72,4,132.6,3998.1,1,3,0.788,2,31.48,76.95,56.77,0.3667
SUB004097,0.535,10,76,3,,4382.8,1,2,0.334,2,41.08,84.4,45.29,0.1172
SUB004098,0.923,10,99,3,213.1,3279.8,1,0,0.281,3,4.15,43.12,61.35,0.5119
SUB004099,0.539,8,103,4,161.8,,1,2,0.109,3,3.68,76.51,54.13,0.293
SUB004100,0.603,9,173,5,115.9,7162.1,0,4,0.448,4,2.19,86.49,56.27,0.3525
SUB004101,0.779,3,90,2,88.4,4106.5,1,3,0.22,3,4.56,76.24,54.28,0.2964
SUB004102,0.601,11,61,2,179.3,3976.2,0,1,0.44,3,24.54,68.38,62.7,0.5598
SUB004103,0.739,14,164,6,150.9,6733.1,1,2,0.234,2,15.33,38.3,51.63,0.233
SUB004104,0.541,5,89,3,176.8,6014.1,0,1,0.41,3,38.08,53.92,55.04,0.3184
SUB004105,0.608,19,141,6,127.4,2258.6,0,2,0.182,2,65.19,55.51,43.52,0.0968
SUB004106,0.742,7,154,6,118.2,5789.2,0,2,,4,2.52,85.62,58.53,0.4222
SUB004107,0.848,17,119,4,103.8,5338.7,0,1,0.363,1,4.41,42.97,72.39,0.8515
SUB004108,0.583,12,107,3,122.8,4815.0,0,2,0.595,3,10.79,100.0,63.91,0.6008
SUB004109,0.762,5,81,2,265.7,3088.6,0,3,0.412,4,19.04,59.98,72.2,0.8478
SUB004110,0.866,15,80,4,120.8,3116.3,0,1,0.401,3,0.32,72.85,69.11,0.7628
SUB004111,0.846,9,156,4,118.6,500.0,0,2,0.523,2,1.85,73.78,72.23,0.8483
SUB004112,0.778,11,126,3,103.6,3645.4,0,3,0.112,4,35.91,55.38,65.21,0.6477
SUB004113,0.628,8,156,7,133.0,1824.0,1,3,0.133,7,24.43,62.59,43.78,0.1008
SUB004114,0.938,8,91,2,139.7,3643.7,0,4,0.319,1,1.56,40.49,63.88,0.5999
SUB004115,0.53,4,168,6,205.1,5443.2,0,2,0.43,5,16.49,83.77,56.9,0.37
SUB004116,0.793,11,191,9,128.7,3203.5,0,2,0.456,2,7.53,78.49,66.35,0.6832
SUB004117,0.742,9,68,2,153.9,6337.9,0,0,0.368,4,1.13,58.06,65.43,0.6539
SUB004118,0.529,10,69,4,37.6,7278.9,0,0,0.309,2,8.89,81.26,64.73,0.6318
SUB004119,0.607,11,144,4,101.1,5075.4,0,2,0.161,2,16.8,67.84,52.2,0.245
SUB004120,0.366,11,116,3,218.1,5492.8,2,1,0.14,2,2.73,38.57,23.92,0.0079
SUB004121,0.923,12,101,4,104.7,2077.3,1,5,0.208,1,7.7,84.82,63.92,0.6012
SUB004122,0.848,4,152,7,178.1,,0,2,0.092,3,48.03,71.17,68.92,0.7576
SUB004123,0.311,8,87,4,88.5,2327.3,0,2,0.048,2,1.83,80.99,28.65,0.0167
SUB004124,0.831,5,89,4,124.6,,1,0,0.402,1,24.81,69.7,70.01,0.7889
SUB004125,0.899,2,71,2,228.9,2456.0,0,1,0.598,3,46.69,62.87,86.58,0.9948
SUB004126,0.481,11,160,5,197.7,4568.5,1,2,0.152,2,8.86,65.51,42.56,0.0864
SUB004127,0.884,21,66,2,65.9,4269.0,2,3,0.252,1,19.89,49.85,48.39,0.166
SUB004128,0.582,3,153,5,322.3,4655.8,1,3,0.362,2,0.78,75.23,60.84,0.4969
SUB004129,0.836,12,135,5,93.7,2929.4,0,1,0.059,3,0.63,71.6,75.74,0.9163
SUB004130,0.925,7,155,6,253.0,4934.2,0,1,0.04,5,19.69,66.42,71.59,0.8318
SUB004131,0.879,8,73,2,117.2,3321.9,0,0,0.388,2,10.22,57.07,84.43,0.9892
SUB004132,0.822,11,106,6,79.3,4723.1,1,2,0.197,3,41.08,48.63,60.07,0.473
SUB004133,0.89,11,81,3,125.9,4051.0,0,1,0.219,3,8.64,80.85,76.44,0.928
SUB004134,0.711,8,184,7,104.8,2216.0,1,1,0.459,3,18.04,42.15,67.1,0.7048
SUB004135,0.801,7,113,4,108.1,3546.0,0,3,0.005,5,0.87,80.38,60.17,0.478
SUB004136,0.788,11,90,5,156.6,5266.4,0,0,0.148,2,15.32,36.91,65.86,0.6681
SUB004137,0.345,3,80,3,157.7,5658.0,0,0,0.42,5,16.83,59.4,35.63,0.0394
SUB004138,0.757,11,118,3,238.2,2742.2,1,2,0.171,4,4.16,76.52,54.54,0.3036
SUB004139,0.73,7,90,3,153.9,,0,1,0.072,3,26.44,81.62,66.72,0.6932
SUB004140,0.545,16,94,3,172.6,3799.1,0,1,0.33,5,8.37,63.02,50.73,0.2138
SUB004141,0.361,9,104,3,103.6,6277.3,2,0,0.177,4,11.23,78.58,28.85,0.017
SUB004142,0.65,16,226,7,151.2,5833.7,0,3,0.104,1,1.53,49.85,39.89,0.0632
SUB004143,0.733,5,111,3,104.8,2635.1,0,1,0.042,6,68.19,55.62,63.15,0.5765
SUB004144,0.747,5,89,3,52.6,5183.1,1,3,0.336,1,2.46,74.53,53.14,0.2702
SUB004145,0.791,6,111,3,291.1,6458.1,0,2,0.073,1,32.88,61.88,69.88,0.7846
SUB004146,0.93,18,83,2,188.5,,0,3,0.364,1,5.84,57.64,62.34,0.5459
SUB004147,0.723,9,184,11,162.3,3757.5,1,1,0.18,1,1.82,64.17,62.8,0.5637
SUB004148,0.539,7,142,5,214.1,5982.3,1,0,0.452,4,1.76,62.27,42.25,0.083
SUB004149,0.982,11,67,2,5.0,4612.5,0,0,0.457,1,0.5,64.25,83.55,0.9855
SUB004150,0.464,6,142,8,272.3,4335.5,1,1,0.089,5,16.77,90.73,34.86,0.0365
SUB004151,0.715,11,119,6,101.5,5934.7,0,1,0.316,1,22.38,85.09,66.55,0.688
SUB004152,0.473,9,132,5,94.0,4654.1,0,1,0.094,5,73.38,81.54,47.6,0.1525
SUB004153,0.869,7,162,6,108.4,4931.0,1,4,0.354,4,118.53,68.19,67.76,0.7227
SUB004154,0.782,9,75,2,206.1,5665.3,1,2,0.258,6,64.44,72.52,61.02,0.5028
SUB004155,0.588,9,106,4,,3778.5,1,2,0.273,3,10.81,53.29,49.91,0.1972
SUB004156,0.802,13,130,6,257.4,2915.5,0,3,0.527,5,6.73,96.56,68.97,0.7592
SUB004157,0.735,5,155,4,106.1,5262.9,1,2,0.293,3,2.93,56.7,50.82,0.2157
SUB004158,0.852,7,138,6,33.1,7025.2,0,1,0.105,3,29.43,89.18,72.64,0.8585
SUB004159,0.918,10,105,3,125.1,1113.2,0,1,0.315,2,60.82,65.48,70.27,0.7954
SUB004160,0.786,6,159,6,99.6,5895.1,0,1,0.318,3,6.37,87.54,75.26,0.907
SUB004161,0.664,8,101,6,45.3,4557.2,1,1,0.31,2,15.03,60.75,53.4,0.2766
SUB004162,0.926,6,95,4,,3673.8,2,0,0.216,3,8.1,78.23,64.37,0.6173
SUB004163,0.799,7,51,2,141.3,3285.5,0,2,0.263,4,2.4,89.23,73.49,0.8759
SUB004164,0.704,5,71,2,165.0,5709.4,0,3,0.493,3,1.08,88.92,61.07,0.5044
SUB004165,0.839,21,102,3,226.9,5529.8,0,1,0.324,3,41.99,71.59,60.74,0.4945
SUB004166,0.691,3,72,2,170.1,2804.3,0,0,0.276,6,3.03,68.08,62.99,0.5713
SUB004167,0.715,6,58,2,134.1,4746.9,0,3,,4,27.48,76.0,67.97,0.7302
SUB004168,0.512,9,77,4,245.4,6443.5,1,2,0.047,5,16.47,85.11,48.47,0.1685
SUB004169,0.578,9,191,7,117.6,6001.1,0,1,0.552,4,17.16,80.2,62.24,0.541
SUB004170,0.476,15,66,2,126.7,1828.2,2,1,0.426,3,4.21,73.16,20.97,0.0045
SUB004171,0.749,5,69,4,121.1,5314.0,0,1,0.334,5,37.72,86.95,72.63,0.8581
SUB004172,0.677,4,152,9,164.3,2888.8,3,1,0.189,4,13.22,48.59,36.25,0.0423
SUB004173,0.631,7,129,4,181.9,4972.1,0,0,0.646,3,12.25,76.8,65.67,0.6606
SUB004174,0.706,9,106,4,126.6,,0,4,0.494,1,7.58,57.76,70.55,0.8035
SUB004175,0.948,8,147,4,124.8,5338.7,0,5,0.148,2,34.4,95.15,67.65,0.7208
SUB004176,0.693,13,113,5,237.3,3560.4,0,3,0.419,1,21.05,81.6,66.82,0.6962
SUB004177,0.823,5,27,1,56.5,2565.4,1,2,0.36,2,18.42,46.36,61.4,0.5132
SUB004178,0.921,7,86,3,305.8,4902.4,0,1,0.214,3,15.28,48.34,64.66,0.6298
SUB004179,0.913,11,243,6,135.0,5388.1,0,1,0.402,3,7.59,47.36,80.29,0.9677
SUB004180,0.904,9,113,7,134.7,5797.4,0,1,0.337,1,20.42,75.81,74.04,0.8863
SUB004181,0.58,15,166,8,187.2,4034.6,0,1,0.195,3,24.34,80.42,50.56,0.2104
SUB004182,0.686,9,171,10,178.9,2584.1,0,1,0.506,2,22.05,39.26,68.76,0.7528
SUB004183,0.82,5,137,3,95.7,5699.1,1,0,0.616,3,39.75,59.14,70.28,0.7958
SUB004184,0.422,14,108,6,182.3,6710.3,0,1,0.635,4,4.06,61.13,45.0,0.1144
SUB004185,0.734,13,79,2,103.0,3528.3,1,1,0.523,3,21.73,72.7,52.52,0.2532
SUB004186,0.912,10,66,2,114.1,5059.2,1,2,0.072,1,5.05,63.22,64.44,0.6204
SUB004187,0.857,23,169,5,92.7,4377.4,0,1,0.18,2,28.53,71.43,59.23,0.4449
SUB004188,0.575,9,126,6,155.4,7528.8,1,0,0.121,3,12.02,51.33,49.52,0.1887
SUB004189,0.601,9,126,5,136.4,3841.1,0,1,0.564,2,17.31,46.75,61.86,0.5277
SUB004190,0.633,13,137,3,38.2,4615.9,0,0,0.221,4,1.1,56.27,64.32,0.6154
SUB004191,0.785,10,95,5,109.1,1441.9,0,1,0.36,5,15.78,66.93,74.0,0.8858
SUB004192,0.78,9,157,5,145.3,7144.6,1,2,0.109,3,10.85,69.26,77.6,0.9428
SUB004193,0.402,4,116,3,183.6,,2,0,0.374,1,18.3,42.5,30.28,0.0205
SUB004194,0.511,4,99,5,55.1,,0,1,0.187,1,5.12,55.15,45.62,0.1232
SUB004195,0.465,4,127,4,113.9,3629.8,0,3,0.316,5,51.66,73.68,48.78,0.1748
SUB004196,0.733,7,159,7,75.0,4676.9,0,1,0.031,2,24.27,88.84,61.16,0.507
SUB004197,0.797,15,98,5,208.5,,0,1,0.143,2,38.19,53.3,57.55,0.3919
SUB004198,0.337,19,242,13,136.9,3808.0,0,1,0.205,4,4.37,81.22,34.29,0.0345
SUB004199,0.734,16,65,2,199.1,3885.4,1,2,0.124,2,7.3,49.91,65.11,0.644
SUB004200,0.613,17,133,8,149.5,4457.3,0,1,0.297,3,30.64,92.25,53.8,0.2852
SUB004201,0.721,6,83,3,35.8,3867.7,0,3,0.609,5,3.23,45.22,71.55,0.8306
SUB004202,0.692,9,117,4,142.8,2302.2,0,2,0.233,2,15.95,39.62,66.06,0.6745
SUB004203,0.739,5,144,8,63.9,5145.5,0,0,0.705,3,39.71,65.11,72.86,0.864
SUB004204,0.369,10,384,19,217.2,2984.8,1,3,0.344,2,18.09,46.22,34.43,0.035
SUB004205,0.844,7,56,3,250.1,3773.2,0,4,0.225,2,0.32,69.92,69.8,0.7822
SUB004206,0.962,4,74,5,170.3,1999.3,0,1,0.304,1,7.95,53.89,69.85,0.7838
SUB004207,0.434,11,136,5,114.6,6030.5,0,3,,4,21.87,78.19,49.28,0.1835
SUB004208,0.957,6,160,6,139.3,6648.2,0,2,0.157,2,6.16,65.0,75.35,0.9087
SUB004209,0.441,8,94,2,,5357.8,0,3,0.465,1,6.2,54.83,37.81,0.0508
SUB004210,0.8,7,72,2,206.1,3645.6,1,0,0.338,4,39.7,72.56,65.57,0.6581
SUB004211,0.893,12,137,3,144.7,3572.7,1,1,0.326,2,57.35,54.45,67.58,0.7181
SUB004212,0.35,9,87,3,171.5,4054.5,0,0,0.258,4,71.99,66.6,46.27,0.1317
SUB004213,0.87,9,180,5,46.3,4817.7,0,2,0.21,3,5.19,58.44,86.2,0.9943
SUB004214,0.933,16,131,6,182.5,5378.9,0,1,0.278,3,4.34,78.84,83.18,0.9842
SUB004215,0.682,7,136,7,89.4,5276.8,0,3,0.191,3,3.16,49.05,59.27,0.4466
SUB004216,0.76,11,171,7,155.6,1797.5,0,1,0.241,4,1.92,43.66,70.84,0.8114
SUB004217,0.649,7,219,8,78.7,6088.2,1,0,0.343,3,2.99,76.75,54.53,0.3033
SUB004218,0.773,25,77,2,219.7,4963.4,0,2,0.301,3,6.34,47.26,49.66,0.1918
SUB004219,0.915,14,101,4,200.3,3332.3,0,0,0.295,3,50.56,69.92,79.68,0.9634
SUB004220,0.732,19,180,5,163.0,3448.7,0,1,0.23,2,33.63,83.72,57.16,0.3782
SUB004221,0.532,9,115,5,95.0,4667.4,0,3,0.16,5,13.25,78.58,52.26,0.2469
SUB004222,0.973,15,91,3,199.4,4725.1,1,0,0.527,4,8.89,64.35,68.99,0.7599
SUB004223,0.72,5,110,4,228.4,2897.0,1,2,0.17,5,5.46,82.93,56.58,0.361
SUB004224,0.823,5,212,11,250.3,5147.4,0,0,0.506,2,21.2,67.6,77.81,0.9455
SUB004225,0.59,8,112,3,167.8,4836.8,0,1,0.317,4,2.06,50.8,63.09,0.5742
SUB004226,0.775,10,142,5,166.7,5997.1,0,3,0.406,3,1.95,97.19,64.35,0.6162
SUB004227,0.696,15,100,5,86.1,4333.5,2,0,0.111,4,1.47,57.79,57.69,0.3974
SUB004228,0.811,9,61,2,225.8,1263.0,0,1,0.356,2,15.3,71.99,72.69,0.8598
SUB004229,0.684,8,158,5,,5168.1,1,3,0.03,2,2.12,68.73,51.87,0.2377
SUB004230,0.436,13,100,3,230.5,1964.0,0,1,0.238,2,10.64,47.49,48.51,0.1696
SUB004231,0.765,18,165,6,175.6,3550.1,1,1,0.336,3,25.76,81.58,57.72,0.3987
SUB004232,0.782,13,140,4,13.1,2673.8,0,2,0.515,4,17.18,62.77,69.3,0.7673
SUB004233,0.749,11,127,6,173.2,5375.8,0,2,0.327,1,9.7,81.23,68.28,0.7388
SUB004234,0.636,15,185,8,155.6,3295.7,1,2,0.194,2,10.06,52.49,48.7,0.1728
SUB004235,0.725,14,100,7,135.1,5999.0,0,0,0.155,5,11.35,55.8,70.54,0.8029
SUB004236,0.883,13,157,6,142.8,3048.1,0,1,0.264,2,10.11,73.64,72.98,0.8667
SUB004237,0.901,14,112,6,,1539.7,0,3,0.421,7,13.64,84.18,62.04,0.5336
SUB004238,0.685,10,97,3,148.7,3963.1,0,3,0.113,1,8.87,77.19,69.14,0.7636
SUB004239,0.592,20,134,3,91.5,2678.1,0,2,0.556,2,20.25,41.16,52.64,0.2558
SUB004240,0.669,5,92,2,159.2,6434.9,0,1,0.585,3,23.16,81.23,57.24,0.3804
SUB004241,0.568,12,101,4,133.2,3485.7,0,0,0.298,4,1.17,60.36,51.35,0.2279
SUB004242,0.834,6,120,4,233.2,6331.3,0,1,0.213,2,15.37,48.41,67.89,0.7266
SUB004243,0.884,10,181,5,201.6,4446.1,0,0,0.207,5,13.88,84.18,76.93,0.9359
SUB004244,0.515,5,188,7,193.4,5474.3,2,3,0.239,3,49.58,59.28,19.11,0.0034
SUB004245,0.761,7,73,3,252.7,3571.0,1,1,0.219,2,25.55,82.84,45.34,0.1182
SUB004246,0.639,8,95,5,188.2,8040.7,0,2,0.612,4,0.1,71.45,62.41,0.5483
SUB004247,0.776,11,146,8,144.2,3006.7,0,2,0.277,2,15.7,69.92,74.53,0.8951
SUB004248,0.807,7,90,2,5.0,500.0,1,1,0.142,3,21.07,83.24,70.76,0.8088
SUB004249,0.693,8,94,4,,4860.3,0,3,0.141,2,19.09,53.9,52.33,0.2486
SUB004250,0.945,13,110,5,262.8,3012.6,1,0,0.084,2,35.2,84.65,73.62,0.8785
SUB004251,0.83,16,144,4,221.7,5026.5,0,0,0.223,5,9.26,43.75,69.17,0.7642
SUB004252,0.759,8,126,4,113.5,4526.0,1,2,0.222,2,5.26,70.87,60.25,0.4811
SUB004253,0.55,17,189,9,174.6,4150.9,0,1,0.612,3,14.96,92.13,62.52,0.5536
SUB004254,0.84,13,119,4,125.6,3984.6,0,1,0.374,5,13.06,81.93,66.55,0.688
SUB004255,0.817,17,126,5,189.3,5243.9,0,0,0.121,1,0.83,68.26,67.34,0.7106
SUB004256,0.92,10,112,5,119.4,4018.1,0,2,0.299,3,18.46,91.38,87.23,0.9958
SUB004257,0.865,8,132,5,230.4,4430.9,0,2,0.444,3,0.12,57.25,70.28,0.7958
SUB004258,0.387,9,97,3,154.2,3738.3,0,2,,4,23.14,72.98,40.14,0.0645
SUB004259,0.875,11,135,8,168.5,7117.6,0,4,0.257,3,18.69,64.77,73.31,0.8735
SUB004260,0.851,9,89,5,97.3,6409.4,1,1,0.269,2,29.4,69.3,67.92,0.7283
SUB004261,0.112,10,175,5,124.9,2666.4,0,3,0.294,3,14.51,80.45,18.32,0.0032
SUB004262,0.804,12,115,3,86.7,4578.8,0,3,0.082,2,4.4,70.53,71.0,0.8159
SUB004263,0.592,7,203,7,226.0,3793.2,0,0,0.319,6,7.02,55.9,50.24,0.2038
SUB004264,0.813,10,174,9,119.2,3002.1,2,3,0.241,3,20.28,29.94,57.71,0.3982
SUB004265,0.517,5,128,8,144.6,500.0,1,3,0.56,7,1.75,86.27,46.33,0.133
SUB004266,0.473,9,149,8,54.1,4256.8,0,1,0.157,2,11.64,79.54,50.13,0.2013
SUB004267,0.925,8,136,6,70.1,4307.0,0,0,0.351,1,31.23,76.3,78.72,0.9545
SUB004268,0.899,8,74,2,129.0,6403.9,1,1,0.565,4,9.08,74.02,66.02,0.6733
SUB004269,0.69,5,126,7,116.3,6201.2,0,2,0.098,1,31.48,65.65,66.98,0.7007
SUB004270,0.68,7,123,7,155.7,5352.7,1,1,0.115,5,52.86,50.41,53.78,0.2849
SUB004271,0.683,11,112,3,273.7,5666.9,2,2,0.537,2,2.13,71.92,50.0,0.1986
SUB004272,0.761,6,140,7,17.0,5977.6,2,1,0.098,3,0.42,67.99,63.0,0.5718
SUB004273,0.907,4,127,6,190.7,5366.4,0,2,0.092,3,0.16,87.16,72.13,0.8462
SUB004274,0.521,12,130,4,185.9,6727.1,0,3,0.202,2,11.89,66.37,44.98,0.1137
SUB004275,0.893,22,199,12,,3090.6,0,0,0.201,3,0.92,80.26,71.23,0.823
SUB004276,0.778,7,120,4,115.0,3868.9,1,2,,2,8.92,65.05,56.77,0.3667
SUB004277,0.676,5,158,10,202.2,3847.1,0,4,0.169,2,37.94,72.68,67.47,0.7147
SUB004278,0.821,20,114,5,176.3,3742.8,0,1,0.163,3,10.91,51.07,58.98,0.4366
SUB004279,0.728,3,201,8,109.7,4777.6,1,0,0.278,4,2.88,43.26,55.44,0.3326
SUB004280,0.675,12,146,5,93.1,7178.9,0,2,0.174,3,19.53,63.56,54.8,0.3118
SUB004281,0.821,6,128,6,87.8,5983.0,1,8,0.575,4,27.0,79.96,58.27,0.4166
SUB004282,0.7,22,93,3,113.0,6299.7,1,2,0.168,2,7.69,70.41,43.8,0.101
SUB004283,0.787,8,202,5,197.1,4893.1,0,1,0.534,1,5.02,62.07,69.38,0.7701
SUB004284,0.753,7,169,6,93.9,4660.2,0,0,0.19,2,1.62,57.34,57.9,0.4041
SUB004285,0.855,2,90,4,54.4,5317.6,0,1,0.168,2,17.48,42.75,71.58,0.8312
SUB004286,0.668,13,66,4,169.5,4978.1,1,0,0.344,1,57.59,75.76,60.66,0.4924
SUB004287,0.99,13,106,3,110.0,5177.2,1,1,0.356,1,21.35,58.58,78.48,0.9527
SUB004288,0.608,16,83,5,260.8,7892.6,1,1,0.086,1,25.94,31.66,41.51,0.0763
SUB004289,0.778,10,111,5,152.5,5433.8,0,1,0.522,2,7.05,66.34,72.27,0.8491
SUB004290,0.894,8,154,7,156.3,3589.3,1,1,0.118,4,25.15,78.77,72.56,0.8563
SUB004291,0.843,15,169,8,177.5,3789.1,1,0,0.126,1,15.08,100.0,66.23,0.68
SUB004292,0.717,7,63,4,175.3,5577.8,0,3,0.401,6,11.94,87.52,59.0,0.4372
SUB004293,0.743,5,72,4,177.6,5505.7,1,0,0.419,6,38.04,73.51,66.54,0.6876
SUB004294,0.97,11,82,2,154.8,5878.1,0,0,0.532,2,4.8,65.63,90.07,0.9987
SUB004295,0.582,14,125,6,101.0,5406.3,0,2,0.598,5,11.51,74.43,57.47,0.3891
SUB004296,0.883,4,173,5,122.8,3304.9,0,2,0.54,4,4.37,63.6,76.38,0.9275
SUB004297,0.838,10,115,5,153.6,6880.0,1,0,0.439,2,4.84,55.4,60.96,0.5007
SUB004298,0.88,13,63,4,61.1,6329.3,1,2,0.497,1,38.39,51.08,63.59,0.5917
SUB004299,0.78,7,131,4,14.7,4076.6,0,4,0.14,2,53.7,35.38,66.6,0.6902
SUB004300,0.875,20,99,3,107.2,5044.7,3,1,0.199,2,5.77,70.81,47.27,0.1466
SUB004301,0.805,7,100,3,23.9,4778.7,0,1,0.182,2,18.22,71.38,63.12,0.5754
SUB004302,0.976,7,125,7,111.8,4067.7,0,1,0.111,4,4.39,86.81,85.9,0.9935
SUB004303,0.54,7,142,5,94.6,2971.2,0,3,0.337,3,5.94,32.0,57.05,0.3739
SUB004304,0.941,6,166,5,143.3,5691.7,0,4,0.219,6,15.18,83.71,70.2,0.7942
SUB004305,0.893,7,175,4,183.6,2637.0,0,1,0.141,5,7.81,71.89,87.65,0.9963
SUB004306,0.506,10,158,5,167.4,3896.9,0,0,0.164,1,7.58,86.6,50.92,0.2182
SUB004307,0.91,6,151,6,164.1,7322.7,0,0,0.107,4,73.38,90.86,65.73,0.6637
SUB004308,0.596,12,70,2,212.8,4974.5,1,1,0.261,7,4.97,40.59,47.79,0.1563
SUB004309,0.756,4,147,9,112.4,5309.7,1,1,0.222,5,15.95,75.27,50.36,0.2068
SUB004310,0.729,6,111,4,5.0,4113.2,0,2,0.09,2,4.36,71.6,65.04,0.642
SUB004311,0.559,20,174,5,75.3,2528.0,0,0,0.132,4,14.1,79.25,56.98,0.3719
SUB004312,0.738,7,97,4,170.9,5106.4,0,0,0.354,4,4.93,92.17,63.71,0.5952
SUB004313,0.506,9,108,7,158.8,5288.4,0,2,0.386,3,19.59,65.56,49.88,0.1965
SUB004314,0.742,9,92,5,188.7,5651.3,0,3,0.267,3,34.69,58.37,59.45,0.4531
SUB004315,0.917,5,98,5,305.5,3901.1,2,1,0.382,2,34.21,62.34,61.91,0.5293
SUB004316,0.685,6,188,5,,4327.0,0,4,0.12,3,5.91,43.29,55.1,0.3203
SUB004317,0.799,11,94,3,147.3,5322.1,1,0,0.193,5,14.28,100.0,60.17,0.478
SUB004318,0.866,7,121,4,161.8,,0,4,0.179,6,59.79,92.83,71.58,0.8312
SUB004319,0.919,6,97,3,66.6,5704.6,1,4,0.201,4,26.61,64.43,57.85,0.4027
SUB004320,0.363,6,121,5,183.3,4364.6,0,4,0.146,4,13.85,71.27,41.01,0.0725
SUB004321,0.557,16,131,4,157.7,5094.6,1,1,0.324,3,32.54,52.28,50.57,0.2108
SUB004322,0.7,15,146,6,266.0,8191.5,2,3,0.502,2,53.6,58.07,41.93,0.0798
SUB004323,0.564,10,117,3,54.0,4177.1,1,2,0.036,5,25.89,81.15,36.59,0.0438
SUB004324,0.761,8,194,6,144.3,5179.0,2,2,0.246,3,14.13,73.73,45.9,0.1262
SUB004325,0.756,10,66,2,112.3,4374.9,0,2,0.215,2,52.85,73.24,62.35,0.5464
SUB004326,0.54,11,93,3,,1496.7,2,0,0.187,2,2.08,66.1,35.34,0.0385
SUB004327,0.723,11,91,6,190.4,5372.2,1,2,0.082,1,0.22,78.86,64.95,0.6395
SUB004328,0.689,7,84,3,121.9,913.3,1,0,0.232,3,6.87,38.74,56.01,0.3448
SUB004329,0.913,8,142,8,223.8,5846.2,0,1,0.052,3,7.44,72.64,68.85,0.7546
SUB004330,0.558,7,92,3,109.1,3422.6,0,3,0.4,3,13.65,96.05,50.97,0.2194
SUB004331,0.599,10,40,2,126.4,3092.6,1,1,0.278,6,21.74,80.52,56.38,0.3556
SUB004332,0.84,16,126,5,288.9,4572.3,1,2,0.227,6,29.41,45.56,64.02,0.6066
SUB004333,0.662,9,196,6,65.9,2991.3,0,1,0.127,4,9.86,72.95,57.02,0.3732
SUB004334,0.418,9,45,2,100.0,4057.0,1,1,0.03,5,18.16,61.62,31.67,0.0247
SUB004335,0.496,6,139,7,5.0,3051.2,0,2,0.248,4,16.25,90.56,54.32,0.2978
SUB004336,0.659,4,163,7,105.2,2881.0,2,1,0.411,2,4.17,68.84,53.26,0.2729
SUB004337,0.895,8,96,5,185.4,4152.3,0,2,0.561,4,6.41,100.0,80.92,0.9737
SUB004338,0.671,12,132,7,180.6,6495.3,1,2,,4,5.78,100.0,62.1,0.5361
SUB004339,0.373,6,27,1,146.7,5218.4,0,2,0.703,4,19.49,75.15,52.13,0.2433
SUB004340,0.766,4,122,4,79.4,3794.3,0,3,0.626,2,5.75,70.68,65.05,0.6422
SUB004341,0.684,11,145,5,141.6,4479.4,1,0,0.096,4,26.27,88.34,54.8,0.3118
SUB004342,0.968,11,99,5,129.1,3680.5,0,0,0.248,5,2.29,57.54,68.91,0.757
SUB004343,0.726,7,100,4,140.7,2708.7,0,1,0.228,3,24.49,73.87,65.75,0.6642
SUB004344,0.885,6,133,3,148.5,3094.2,0,2,0.301,6,94.62,64.1,71.96,0.8428
SUB004345,0.781,8,117,5,123.0,4982.0,0,3,0.132,1,10.98,60.08,60.53,0.4885
SUB004346,0.615,7,170,7,142.4,3754.6,0,0,0.376,6,6.84,81.55,62.43,0.5496
SUB004347,0.596,18,120,4,168.1,,0,1,0.227,3,1.31,69.3,49.21,0.1821
SUB004348,0.669,8,135,7,103.5,3144.0,0,2,,3,115.11,99.65,58.72,0.4297
SUB004349,0.474,10,101,5,,5692.7,1,1,0.287,2,3.06,58.84,43.96,0.1015
SUB004350,0.797,8,101,3,67.4,5463.5,0,1,0.241,3,16.57,52.73,64.3,0.6148
SUB004351,0.531,11,152,8,163.9,7095.0,0,2,0.444,2,7.19,67.55,53.86,0.2868
SUB004352,0.947,7,159,5,74.4,6837.4,0,2,0.223,4,6.43,75.96,79.18,0.9589
SUB004353,0.569,7,70,3,139.5,2967.5,2,2,0.379,4,14.71,65.38,37.34,0.0479
SUB004354,0.722,9,109,5,174.9,3255.1,0,2,0.228,3,34.75,77.81,64.38,0.618
SUB004355,0.768,6,136,5,82.4,5207.1,1,3,0.632,4,14.32,55.09,55.57,0.3354
SUB004356,0.795,8,48,2,206.0,,3,2,0.158,3,22.88,79.92,52.32,0.2483
SUB004357,0.398,12,108,5,263.3,4892.9,0,4,0.038,4,0.75,53.35,52.38,0.2498
SUB004358,0.701,15,231,8,126.0,4635.7,0,1,0.36,2,30.83,45.44,66.34,0.6828
SUB004359,0.506,21,85,3,174.3,5800.0,0,1,0.272,3,31.62,41.52,50.75,0.2141
SUB004360,0.792,12,83,2,228.7,5832.9,0,3,0.156,3,42.76,89.83,68.98,0.7596
SUB004361,0.763,10,114,3,42.1,4110.4,2,1,0.482,3,52.48,77.19,67.8,0.7241
SUB004362,0.755,6,117,4,,1840.8,1,1,0.274,2,22.49,76.93,48.65,0.1723
SUB004363,0.65,14,104,6,143.9,6035.6,0,2,0.272,1,12.54,63.02,59.21,0.4443
SUB004364,0.641,17,160,8,225.0,3883.4,0,1,0.283,3,26.33,80.09,62.15,0.5377
SUB004365,0.97,7,58,4,126.3,4254.8,1,1,,2,0.89,56.35,69.09,0.7622
SUB004366,0.804,20,82,4,207.1,4204.9,0,2,0.044,1,94.26,55.46,61.61,0.5201
SUB004367,0.611,15,108,7,115.6,5116.2,0,1,0.129,3,7.57,70.1,51.09,0.2219
SUB004368,0.424,12,173,5,213.1,3931.4,0,1,0.379,5,0.07,74.32,57.36,0.3842
SUB004369,0.761,8,93,3,76.7,2787.0,1,1,0.224,7,23.64,56.1,58.25,0.4158
SUB004370,0.443,5,79,5,187.2,4622.3,0,3,0.174,5,4.54,83.57,44.27,0.1052
SUB004371,0.687,18,52,2,178.6,5499.7,0,3,0.307,4,2.47,51.94,49.81,0.1947
SUB004372,0.728,5,76,2,5.0,4195.2,1,2,0.222,3,23.17,68.4,57.64,0.3952
SUB004373,0.715,18,54,3,177.8,4080.6,0,2,0.34,4,18.72,77.68,67.44,0.7135
SUB004374,0.774,19,91,5,213.4,2675.2,0,2,0.573,3,2.8,40.03,68.47,0.7448
SUB004375,0.623,6,141,5,64.2,5476.1,1,1,0.19,1,15.55,64.97,47.24,0.146
SUB004376,0.923,5,131,8,84.2,5534.5,0,1,0.178,3,2.64,77.67,75.94,0.9208
SUB004377,0.805,7,143,9,,4554.1,1,3,0.292,3,1.16,72.38,63.93,0.6018
SUB004378,0.705,9,71,2,116.3,2893.5,0,0,0.144,6,18.47,73.25,61.75,0.5247
SUB004379,0.701,7,62,2,160.8,4432.7,0,0,0.253,3,1.02,53.64,65.12,0.6445
SUB004380,0.643,7,129,4,128.4,4893.8,0,3,0.103,4,9.22,61.2,62.55,0.5548
SUB004381,0.583,9,155,9,67.8,4713.5,0,0,0.198,3,8.13,81.71,57.67,0.3968
SUB004382,0.934,18,114,3,313.7,2945.3,0,1,,5,4.68,92.45,72.94,0.8659
SUB004383,0.822,8,133,9,123.6,5045.5,0,0,0.11,5,15.03,50.51,74.78,0.9005
SUB004384,0.457,12,111,5,163.5,4799.0,1,5,0.263,6,50.23,63.8,34.03,0.0337
SUB004385,0.744,5,95,6,241.3,5103.1,0,1,0.357,5,3.21,42.54,65.75,0.6642
SUB004386,0.597,9,101,5,198.8,4300.6,1,0,0.618,4,13.89,69.45,64.92,0.6385
SUB004387,0.913,8,154,4,176.9,6695.3,1,2,0.449,3,4.57,71.96,65.58,0.6583
SUB004388,0.839,12,110,6,219.5,4547.2,0,0,0.422,4,26.19,67.01,63.66,0.5933
SUB004389,0.588,5,154,8,168.1,6862.5,0,0,0.317,3,27.59,79.04,61.68,0.5224
SUB004390,0.902,16,120,4,201.1,4934.3,1,3,0.212,2,10.09,38.04,71.76,0.8375
SUB004391,0.869,7,90,6,175.0,2712.5,1,3,0.243,4,51.66,66.15,76.56,0.9308
SUB004392,0.92,6,136,5,127.9,5933.7,0,1,0.355,6,70.71,77.61,70.6,0.8047
SUB004393,0.648,19,112,3,241.5,4013.7,0,2,0.203,2,31.0,95.99,50.47,0.2091
SUB004394,0.71,10,167,10,190.5,4168.8,1,1,0.325,3,54.11,70.31,48.5,0.1693
SUB004395,0.847,9,83,5,9.0,5972.1,0,1,0.315,4,3.24,75.41,72.87,0.8645
SUB004396,0.73,5,54,2,186.0,2395.9,0,1,0.379,4,45.54,43.72,68.93,0.758
SUB004397,0.831,6,141,4,90.4,2077.3,0,0,0.343,4,21.96,49.87,65.8,0.6665
SUB004398,0.618,5,181,5,149.6,4576.3,0,0,0.128,4,11.25,92.87,57.23,0.3797
SUB004399,0.814,9,155,4,46.7,5227.2,0,0,0.217,3,0.25,72.17,78.88,0.9558
SUB004400,0.807,15,187,6,130.0,6236.3,0,1,0.346,1,0.06,68.19,79.18,0.9589
SUB004401,0.661,10,202,8,128.1,5227.3,1,3,0.158,3,23.64,63.58,56.5,0.3583
SUB004402,0.822,9,106,3,179.2,1154.0,0,1,0.247,3,20.28,72.19,67.01,0.7018
SUB004403,0.528,9,77,2,111.7,2928.5,0,2,0.316,3,21.26,46.67,62.72,0.5609
SUB004404,0.691,13,40,2,29.0,2310.5,1,2,0.073,1,0.21,85.61,56.9,0.37
SUB004405,0.757,8,56,2,114.6,1452.2,0,1,0.155,1,10.57,70.75,63.32,0.5823
SUB004406,0.925,4,139,4,109.2,4439.8,0,2,0.52,4,26.22,42.55,71.82,0.8392
SUB004407,0.861,14,57,2,200.0,5051.4,0,0,0.3,2,28.93,71.81,58.67,0.4278
SUB004408,0.665,5,125,4,143.9,6081.8,0,0,0.083,3,3.61,55.58,70.7,0.807
SUB004409,0.579,4,142,4,86.0,5454.6,0,0,0.483,2,22.05,88.94,76.82,0.9346
SUB004410,0.717,10,116,3,166.6,3742.9,0,4,0.257,2,55.44,57.06,59.62,0.4592
SUB004411,0.68,3,101,5,239.0,6128.5,2,3,0.604,2,13.26,65.81,54.8,0.3118
SUB004412,0.686,9,81,3,217.2,4089.4,0,1,0.221,2,34.07,68.07,61.8,0.526
SUB004413,0.595,10,192,5,35.4,5050.7,0,1,0.304,4,29.9,78.87,59.45,0.4531
SUB004414,0.935,11,42,1,301.5,3216.6,0,1,0.199,4,12.38,93.26,70.06,0.7901
SUB004415,0.901,10,81,2,221.0,4037.4,0,1,0.056,3,11.88,70.07,75.18,0.9059
SUB004416,0.916,5,101,6,,3873.2,1,1,0.384,4,30.27,77.9,82.02,0.9773
SUB004417,0.208,13,96,5,67.8,2407.7,0,1,0.574,3,4.21,56.35,37.75,0.0503
SUB004418,0.763,9,146,7,122.1,5685.5,0,0,0.234,3,5.65,65.66,65.7,0.6617
SUB004419,0.782,7,120,7,176.3,4851.5,0,1,0.161,2,15.39,72.82,73.71,0.8808
SUB004420,0.765,5,68,2,67.7,5532.3,0,2,0.337,3,2.12,65.69,62.22,0.5398
SUB004421,0.869,14,151,6,193.7,3699.0,0,2,0.155,3,1.96,80.84,67.38,0.7118
SUB004422,0.414,14,81,4,260.0,5463.2,2,1,0.083,1,33.13,57.84,21.42,0.0055
SUB004423,0.895,7,126,4,121.0,2276.8,0,0,0.176,1,5.02,66.3,71.39,0.8269
SUB004424,0.59,11,185,6,255.2,5737.2,1,2,0.207,2,12.22,53.99,43.48,0.0962
SUB004425,0.88,12,88,6,198.1,5453.7,0,2,0.528,3,41.97,80.52,80.1,0.9661
SUB004426,0.756,8,90,3,32.5,2892.3,0,2,0.057,4,9.04,73.01,72.0,0.8442
SUB004427,0.797,14,106,3,109.9,6205.1,0,0,0.158,3,7.26,84.64,73.02,0.8678
SUB004428,0.888,14,108,6,228.5,6877.7,0,4,0.484,2,6.38,60.84,82.26,0.9796
SUB004429,0.676,4,122,3,70.1,3747.7,0,1,0.175,1,9.5,100.0,67.86,0.7251
SUB004430,0.737,12,136,4,220.8,6854.1,0,1,0.473,4,9.92,72.71,67.88,0.7261
SUB004431,0.7,7,79,2,177.7,1842.4,0,0,0.562,6,20.5,77.84,65.84,0.6676
SUB004432,0.696,6,112,5,156.7,4355.6,0,2,0.076,3,26.52,82.35,61.44,0.515
SUB004433,0.596,3,75,2,94.4,500.0,0,2,0.496,2,8.58,68.08,64.53,0.6242
SUB004434,0.499,9,143,7,165.1,6109.5,0,1,0.304,3,23.16,68.51,54.57,0.3046
SUB004435,0.793,8,164,4,244.9,2524.5,1,1,0.184,6,45.25,66.61,67.92,0.7283
SUB004436,0.854,7,96,5,117.6,1553.2,0,4,0.09,5,15.18,80.3,61.57,0.5187
SUB004437,0.717,12,118,5,192.6,4983.5,1,2,0.408,2,3.16,62.4,56.73,0.3655
SUB004438,0.5,31,181,6,333.4,6459.4,0,0,0.159,2,6.4,72.05,38.5,0.056
SUB004439,0.784,11,129,6,168.7,4038.3,0,1,0.29,3,4.98,80.62,63.46,0.587
SUB004440,0.427,8,75,3,114.6,4579.5,0,1,0.344,5,30.1,77.75,51.74,0.2348
SUB004441,0.91,14,61,4,131.9,6947.9,0,4,0.493,2,3.28,32.06,56.63,0.3627
SUB004442,0.67,5,84,2,10.0,2994.0,1,2,0.351,2,2.87,69.03,59.6,0.4586
SUB004443,0.633,7,103,4,68.3,3042.8,0,2,0.52,2,43.13,56.13,57.31,0.3823
SUB004444,0.312,10,150,6,170.3,6378.4,0,2,0.43,4,18.91,64.65,40.44,0.0677
SUB004445,0.492,10,100,5,208.2,4836.5,0,0,0.382,1,24.6,82.83,51.1,0.2222
SUB004446,0.853,13,73,3,133.4,6502.3,0,0,0.109,2,36.87,100.0,72.2,0.8478
SUB004447,0.509,17,102,4,228.4,2566.4,0,1,0.162,2,10.42,54.67,41.47,0.0759
SUB004448,0.588,13,104,7,212.6,,1,4,0.193,4,10.05,57.51,39.5,0.0606
SUB004449,0.915,17,85,5,124.8,2273.8,0,1,0.33,3,20.82,70.43,73.58,0.8775
SUB004450,0.768,18,100,3,138.3,5560.1,0,1,0.462,6,8.07,71.39,46.64,0.1379
SUB004451,0.782,10,119,5,69.2,6395.8,1,0,0.079,4,6.03,53.57,57.64,0.3952
SUB004452,0.433,8,58,1,188.6,5896.0,1,1,0.169,3,56.36,79.13,38.36,0.0548
SUB004453,0.743,12,104,5,156.2,5353.1,1,3,0.059,1,36.37,55.1,50.24,0.2038
SUB004454,0.609,4,247,13,185.3,7114.2,0,2,0.307,2,33.17,45.13,62.19,0.5392
SUB004455,0.486,13,127,8,,3723.9,0,0,0.473,2,59.49,51.69,45.02,0.1148
SUB004456,0.858,13,150,5,102.6,1771.2,0,1,0.486,4,8.9,80.06,66.6,0.6902
SUB004457,0.502,5,180,8,181.8,2474.7,0,1,0.34,3,6.17,65.05,42.37,0.0843
SUB004458,0.515,17,193,9,52.1,2785.2,0,3,,2,35.59,35.62,34.47,0.0352
SUB004459,0.309,14,91,5,141.8,1552.3,1,0,0.453,2,24.99,74.84,23.36,0.0072
SUB004460,0.827,12,60,4,109.5,2259.2,0,1,0.128,3,9.73,69.68,72.46,0.8541
SUB004461,0.844,8,160,8,235.5,3411.8,0,2,0.319,2,30.78,85.49,64.06,0.6078
SUB004462,0.796,17,104,4,276.0,5430.2,0,1,0.091,6,28.52,69.94,59.13,0.4418
SUB004463,0.941,4,105,3,157.4,4966.4,0,1,0.526,5,35.0,71.51,69.9,0.7852
SUB004464,0.926,9,136,8,112.3,6942.7,1,2,0.08,3,54.88,63.23,67.72,0.7217
SUB004465,0.913,12,113,5,259.3,2705.6,1,2,0.679,2,18.97,60.49,65.97,0.6713
SUB004466,0.824,15,123,3,123.1,5174.7,0,2,0.199,6,16.67,53.31,70.49,0.8018
SUB004467,0.734,14,126,4,79.0,6604.1,0,1,0.184,5,2.67,50.57,62.41,0.5483
SUB004468,0.551,5,161,4,15.8,4038.7,0,1,0.636,4,9.15,73.52,48.74,0.1738
SUB004469,0.95,11,131,8,159.1,3987.2,0,2,0.201,4,112.32,52.98,61.05,0.5041
SUB004470,0.746,10,74,3,47.1,6442.6,0,1,0.326,3,15.67,64.46,65.51,0.6562
SUB004471,0.834,4,73,4,217.1,3831.2,0,2,0.104,4,10.43,92.47,62.12,0.5368
SUB004472,0.74,5,88,2,100.2,6589.8,0,1,0.148,3,0.35,80.07,66.06,0.6745
SUB004473,0.799,3,129,3,51.8,2422.8,0,4,0.241,7,45.45,73.42,64.85,0.6365
SUB004474,0.811,4,76,3,198.9,6808.7,1,1,0.384,9,46.73,74.13,65.72,0.6632
SUB004475,0.948,5,76,3,187.6,6266.1,1,2,0.111,2,27.35,58.52,72.69,0.8598
SUB004476,0.785,8,125,4,243.8,3190.4,0,0,0.662,4,37.01,55.52,69.42,0.772
SUB004477,0.68,9,91,2,45.0,3992.7,1,1,0.52,2,10.76,80.47,65.49,0.6554
SUB004478,0.604,11,187,6,38.4,3073.4,1,2,0.255,1,8.55,79.42,42.62,0.0875
SUB004479,0.704,7,93,3,234.6,3724.6,0,0,0.359,4,59.07,41.23,68.37,0.7413
SUB004480,0.821,15,145,5,5.0,2379.2,0,5,0.06,2,43.67,67.59,57.99,0.406
SUB004481,0.706,14,107,6,89.1,1864.8,0,1,0.325,2,20.83,56.89,69.52,0.7758
SUB004482,0.663,11,71,2,156.3,2474.1,2,6,0.496,6,22.49,60.24,53.6,0.2809
SUB004483,0.891,19,92,5,97.2,6015.3,1,1,0.318,3,48.49,52.92,68.21,0.7376
SUB004484,0.635,10,109,3,162.7,1754.8,1,1,0.171,2,36.0,82.04,60.4,0.485
SUB004485,0.863,4,92,4,63.1,6519.2,1,1,0.242,4,30.13,48.57,64.67,0.6302
SUB004486,0.257,12,179,6,233.4,6266.8,1,1,0.571,2,0.73,40.5,9.63,0.0008
SUB004487,0.528,9,80,4,190.1,6376.1,1,0,0.257,6,3.66,59.86,54.99,0.3175
SUB004488,0.857,7,96,6,157.5,4997.1,1,2,0.242,4,17.43,96.91,66.15,0.6766
SUB004489,0.622,8,131,4,122.7,7128.7,0,0,0.547,1,119.32,83.98,69.27,0.7668
SUB004490,0.712,11,209,6,,2893.6,0,2,0.155,6,23.63,90.38,60.01,0.4709
SUB004491,0.552,10,138,4,141.9,6742.5,0,3,0.138,4,3.38,84.84,55.36,0.3299
SUB004492,0.831,20,128,4,106.1,9202.2,0,1,0.28,2,0.63,64.14,70.64,0.8055
SUB004493,0.442,10,152,8,265.0,4364.7,0,0,0.238,2,7.94,66.95,45.88,0.1258
SUB004494,0.685,10,168,9,169.2,4757.0,1,2,0.424,2,7.88,63.67,59.94,0.4682
SUB004495,0.927,9,181,7,94.8,3522.9,0,3,0.218,3,12.01,48.36,71.71,0.8366
SUB004496,0.491,26,137,6,292.0,4784.6,0,0,0.119,3,0.81,51.48,40.46,0.068
SUB004497,0.921,9,167,7,144.2,5114.2,1,5,0.345,3,71.5,78.54,67.26,0.7085
SUB004498,0.949,5,121,6,218.9,1060.5,1,0,0.485,4,55.7,57.37,81.04,0.9742
SUB004499,0.868,7,81,2,223.1,5323.0,0,0,,2,17.13,69.09,75.52,0.9118
SUB004500,0.702,11,124,7,179.2,6284.4,1,3,0.427,3,10.94,52.06,56.43,0.3567
SUB004501,0.749,4,194,6,55.8,3648.2,0,0,0.355,2,38.71,62.6,68.55,0.7465
SUB004502,0.876,8,46,2,109.2,3593.4,0,0,0.543,3,21.86,76.02,79.12,0.9582
SUB004503,0.725,16,173,6,383.3,6137.3,2,1,,3,49.33,43.0,42.18,0.0827
SUB004504,0.734,8,121,4,110.9,3211.2,0,1,0.562,4,0.73,67.56,70.11,0.7912
SUB004505,0.562,18,158,4,158.6,5904.9,0,1,0.201,3,9.52,76.91,57.39,0.3858
SUB004506,0.611,8,140,4,115.7,5129.1,1,0,0.282,5,82.21,67.54,50.69,0.2132
SUB004507,0.681,14,114,5,105.6,8072.3,2,3,0.271,2,0.34,53.61,36.9,0.0455
SUB004508,0.773,10,121,6,192.2,4412.7,0,0,0.202,4,15.24,68.63,71.79,0.8381
SUB004509,0.814,5,144,4,54.7,3919.3,0,3,0.233,5,74.53,47.54,60.7,0.4932
SUB004510,0.571,20,83,3,130.2,4785.7,0,4,0.107,2,5.03,65.34,34.74,0.0363
SUB004511,0.447,5,115,4,153.5,4748.5,0,2,0.446,3,19.44,53.69,49.22,0.1823
SUB004512,0.583,7,137,6,126.0,7132.9,2,3,0.141,1,34.71,57.19,32.6,0.028
SUB004513,0.939,21,149,4,192.8,7114.2,0,2,0.291,5,10.06,96.07,59.63,0.4598
SUB004514,0.945,10,144,6,148.1,3625.6,2,1,0.281,1,5.78,85.41,70.75,0.8082
SUB004515,0.601,6,103,4,67.7,4226.7,0,0,0.195,2,1.99,74.87,58.82,0.433
SUB004516,0.762,9,118,3,234.9,3548.1,0,0,0.174,2,4.7,73.71,59.5,0.4546
SUB004517,0.752,12,73,3,224.6,3057.4,0,1,0.156,5,7.12,74.51,61.42,0.5142
SUB004518,0.483,8,170,8,86.7,500.0,0,3,0.292,3,29.9,67.59,63.89,0.6003
SUB004519,0.614,17,126,4,199.6,7163.3,0,5,0.345,4,29.11,64.6,48.36,0.1655
SUB004520,0.66,7,118,8,111.6,3584.5,0,0,0.235,2,75.41,59.06,60.56,0.4897
SUB004521,0.814,3,117,5,194.0,3915.8,0,1,0.139,2,1.23,68.98,61.36,0.5122
SUB004522,0.695,14,107,4,213.5,8690.2,0,0,0.106,7,5.09,49.88,58.68,0.4285
SUB004523,0.912,9,150,9,222.4,3789.7,1,2,0.3,2,32.98,69.96,60.58,0.4905
SUB004524,0.691,14,119,5,105.2,4320.4,0,2,0.087,3,25.22,86.2,49.38,0.186
SUB004525,0.525,8,80,3,62.7,4800.7,0,2,0.153,2,7.54,77.31,52.99,0.2662
SUB004526,0.48,11,89,4,41.5,4952.1,0,7,,5,6.28,70.09,33.93,0.0333
SUB004527,0.861,7,69,3,301.5,3417.0,0,2,0.064,4,41.88,44.29,68.63,0.7485
SUB004528,0.784,8,191,6,198.4,6639.9,0,3,0.373,5,19.48,60.61,75.98,0.9214
SUB004529,0.458,5,111,3,209.7,4795.9,0,3,0.128,3,7.47,100.0,51.14,0.2231
SUB004530,0.828,5,199,9,49.0,5163.5,0,2,0.52,4,21.43,70.84,62.04,0.5336
SUB004531,0.756,10,123,6,188.1,3604.4,0,3,0.074,3,47.33,54.31,56.19,0.3499
SUB004532,0.76,14,101,3,58.7,4309.1,2,0,,3,0.6,69.49,46.51,0.1354
SUB004533,0.964,11,108,3,180.3,6002.1,2,1,0.193,5,36.38,72.67,64.04,0.6074
SUB004534,0.913,6,122,3,139.2,6077.0,1,1,0.072,3,1.48,68.01,69.59,0.7779
SUB004535,0.665,11,81,5,135.1,3761.3,0,1,0.399,3,9.37,71.44,54.01,0.2905
SUB004536,0.838,6,73,2,105.5,3204.0,0,1,0.199,3,2.29,56.32,69.82,0.7831
SUB004537,0.951,10,164,5,220.5,6137.8,0,0,0.119,3,30.62,94.35,85.08,0.991
SUB004538,0.824,7,99,4,,4947.0,0,1,0.547,3,19.48,64.86,73.14,0.8705
SUB004539,0.893,8,200,7,225.2,6315.3,0,2,0.204,4,22.66,67.43,68.1,0.7339
SUB004540,0.899,7,138,7,138.2,3236.6,0,5,0.455,4,20.53,62.62,76.67,0.9326
SUB004541,0.354,12,96,4,178.4,4447.8,0,1,0.173,5,3.28,91.29,51.35,0.2279
SUB004542,0.874,7,229,8,174.0,6464.0,0,2,0.417,2,13.47,62.97,73.18,0.8712
SUB004543,0.749,12,167,9,183.6,3766.8,0,0,0.35,2,20.15,55.91,65.75,0.6642
SUB004544,0.833,3,65,2,142.7,7155.9,0,3,0.408,2,7.81,78.75,71.37,0.8266
SUB004545,0.752,14,86,2,291.2,6875.3,1,1,0.406,6,2.84,53.57,66.95,0.6994
SUB004546,0.747,6,32,1,205.7,3854.2,2,0,0.498,3,38.35,46.82,51.07,0.2213
SUB004547,0.76,17,105,6,17.6,4229.9,0,1,0.641,1,75.91,63.45,67.98,0.7308
SUB004548,0.886,8,217,7,131.5,5566.8,1,0,0.145,3,3.46,64.97,76.15,0.9238
SUB004549,0.336,16,57,2,257.2,4540.0,0,1,0.484,4,17.86,88.33,48.93,0.1772
SUB004550,0.405,4,129,7,83.2,6466.9,1,0,0.197,3,23.28,49.61,19.85,0.0037
SUB004551,0.688,15,250,8,165.3,3928.8,0,2,0.318,6,4.75,64.82,58.48,0.4214
SUB004552,0.595,6,107,5,142.8,3229.7,0,2,0.187,3,8.33,60.43,59.5,0.4546
SUB004553,0.74,15,126,4,260.5,5036.5,1,0,0.473,2,0.22,49.75,63.95,0.6028
SUB004554,0.812,9,98,3,84.2,5232.4,1,0,0.579,6,23.99,54.81,75.06,0.9045
SUB004555,0.848,8,85,2,89.8,4371.2,1,1,0.445,2,4.16,75.55,60.57,0.4901
SUB004556,0.946,16,148,5,198.3,6083.3,2,1,0.378,2,4.23,93.56,61.27,0.5098
SUB004557,0.753,7,150,4,161.7,6801.0,0,1,0.556,5,29.61,78.5,71.66,0.8349
SUB004558,0.81,18,134,7,205.3,5790.7,1,3,0.446,3,10.7,89.08,59.93,0.4678
SUB004559,0.816,8,93,3,163.3,5021.8,0,0,0.324,3,6.03,24.41,80.78,0.972
SUB004560,0.651,9,135,4,139.9,4350.2,0,2,0.029,3,14.5,64.52,49.94,0.1979
SUB004561,0.839,10,64,2,183.6,4432.5,0,3,,2,1.37,66.6,73.45,0.8751
SUB004562,0.842,5,140,4,147.3,2650.6,0,1,0.489,6,2.24,83.92,75.68,0.9155
SUB004563,0.867,11,83,3,138.1,2630.7,0,1,0.366,3,16.27,100.0,73.15,0.8708
SUB004564,0.655,6,81,3,134.2,6293.1,0,1,0.209,2,6.22,74.56,62.16,0.5382
SUB004565,0.72,6,195,5,105.6,7605.4,1,0,0.267,5,24.21,64.24,61.02,0.5028
SUB004566,0.861,6,42,2,95.5,2160.7,0,3,0.453,3,3.57,58.58,59.63,0.4598
SUB004567,0.68,8,106,3,177.5,5349.8,0,0,0.183,4,15.74,64.89,62.54,0.5545
SUB004568,0.622,16,66,2,89.6,2043.1,0,4,0.17,2,1.49,47.64,52.96,0.2654
SUB004569,0.905,7,120,3,182.3,7072.0,0,4,0.29,4,33.54,46.21,75.56,0.9135
SUB004570,0.784,11,87,3,137.2,4410.0,0,2,,6,24.16,72.08,67.06,0.7028
SUB004571,0.765,16,68,2,161.8,8118.9,0,3,0.503,2,68.35,64.03,65.96,0.6708
SUB004572,0.937,8,99,6,133.4,3540.1,1,4,0.07,4,1.68,59.74,66.35,0.6832
SUB004573,0.868,10,79,2,180.2,3630.4,0,1,,4,30.63,86.71,73.95,0.8844
SUB004574,0.672,17,80,3,259.8,4999.4,0,1,0.381,2,4.47,100.0,60.53,0.4885
SUB004575,0.522,12,142,5,264.2,6065.6,0,2,0.071,6,7.86,60.28,50.34,0.2062
SUB004576,0.853,11,62,3,215.9,5526.9,0,3,0.11,3,54.05,53.71,71.74,0.8372
SUB004577,0.428,9,46,2,151.7,5691.0,0,2,0.038,5,3.61,86.38,40.38,0.0667
SUB004578,0.903,18,123,5,222.0,4276.0,0,5,0.316,1,32.06,51.25,59.95,0.4688
SUB004579,0.738,8,106,4,22.7,6008.3,1,2,0.092,7,20.39,53.82,52.62,0.2548
SUB004580,0.906,7,85,3,177.5,7760.3,0,3,0.593,5,18.6,76.54,73.11,0.8697
SUB004581,0.705,8,141,5,167.4,5906.8,0,1,0.321,2,5.87,78.19,59.85,0.4665
SUB004582,0.598,12,202,13,63.3,3783.0,0,3,0.188,3,6.07,67.31,54.94,0.3167
SUB004583,0.461,10,111,3,115.1,5195.4,0,2,0.486,2,73.56,66.93,52.51,0.253
SUB004584,0.723,6,112,4,154.7,1623.4,0,1,0.177,2,40.56,95.47,73.73,0.8813
SUB004585,0.696,13,71,3,181.9,5408.5,0,1,0.542,2,2.33,64.81,60.25,0.4811
SUB004586,0.744,11,64,3,210.4,1818.9,0,2,0.258,3,16.09,86.45,63.67,0.5938
SUB004587,0.862,7,107,3,241.2,5612.4,0,2,0.197,1,55.13,73.49,83.11,0.9838
SUB004588,0.555,11,56,1,144.0,4219.5,1,1,0.09,5,11.95,92.08,42.7,0.0877
SUB004589,0.785,14,52,1,93.7,5767.2,0,2,0.226,3,10.4,54.3,67.02,0.7022
SUB004590,0.647,8,130,3,193.3,4722.8,0,0,0.526,2,26.01,65.74,56.85,0.3682
SUB004591,0.676,4,64,2,209.3,6440.0,0,2,0.336,5,0.12,56.78,61.63,0.521
SUB004592,0.774,9,132,5,223.1,,1,3,0.521,5,3.34,50.94,59.06,0.4397
SUB004593,0.603,8,172,5,,,0,1,0.235,1,16.88,90.53,62.46,0.5511
SUB004594,0.6,3,126,5,249.0,4053.9,0,0,0.198,4,40.52,68.25,56.98,0.3719
SUB004595,0.624,7,60,2,124.6,3644.9,0,3,0.222,2,21.15,53.45,59.38,0.4503
SUB004596,0.472,5,230,8,231.0,3059.3,0,3,0.26,6,5.3,65.19,49.65,0.1914
SUB004597,0.52,16,115,6,98.4,2868.7,0,1,0.433,2,1.61,40.59,62.17,0.5387
SUB004598,0.721,16,111,5,32.0,4700.4,0,3,0.613,2,0.31,65.85,56.63,0.3627
SUB004599,0.745,11,105,5,82.4,4623.3,1,0,0.384,4,36.02,78.45,55.54,0.3347
SUB004600,0.834,8,84,5,109.5,5023.1,1,0,0.268,2,30.22,91.6,66.54,0.6876
SUB004601,0.841,8,74,3,144.0,3336.4,1,1,0.349,2,9.78,24.23,67.17,0.7068
SUB004602,0.717,13,42,2,103.0,4465.3,0,1,0.108,4,31.38,59.06,65.69,0.6614
SUB004603,0.594,8,66,4,151.7,6349.9,1,2,0.488,1,33.18,75.9,49.44,0.187
SUB004604,0.913,9,101,5,185.8,5155.7,1,0,0.397,2,23.54,74.56,82.69,0.9822
SUB004605,0.953,10,129,4,171.2,4705.1,2,2,0.394,2,0.44,58.58,64.4,0.6189
SUB004606,0.567,18,77,2,165.7,4814.1,0,1,0.322,2,6.03,69.75,42.03,0.0811
SUB004607,0.662,4,123,5,204.2,6481.0,1,0,0.276,1,12.64,61.98,57.41,0.3866
SUB004608,0.646,7,98,3,93.0,4751.1,1,0,0.151,3,9.74,68.67,54.31,0.2973
SUB004609,0.668,5,107,3,120.5,,0,1,0.214,2,5.83,89.02,60.64,0.4916
SUB004610,0.939,11,154,5,120.0,4005.9,0,2,0.313,4,17.98,81.22,77.21,0.9387
SUB004611,0.835,4,124,3,171.2,3803.8,0,1,0.478,2,2.2,51.54,73.7,0.8802
SUB004612,0.789,6,133,4,112.5,3811.2,0,1,0.594,3,42.12,54.13,65.79,0.6661
SUB004613,0.553,10,240,8,174.0,6384.5,0,2,0.106,2,10.0,77.86,46.97,0.1417
SUB004614,0.919,13,77,2,208.0,6935.9,1,0,0.057,2,7.1,46.54,60.89,0.4989
SUB004615,0.713,9,149,5,116.6,4132.1,0,2,0.329,2,43.58,72.93,75.99,0.9218
SUB004616,0.72,6,132,5,42.1,3306.7,0,1,0.144,2,7.82,78.9,62.35,0.5464
SUB004617,0.825,8,132,4,130.5,2754.5,2,1,0.41,3,53.25,60.27,66.13,0.6761
SUB004618,0.981,8,118,6,96.3,7179.6,1,1,0.672,2,116.01,66.44,83.82,0.9868
SUB004619,0.293,13,127,4,120.5,6084.7,0,2,0.404,4,8.51,81.74,38.12,0.0539
SUB004620,0.565,7,99,3,5.0,3473.5,0,1,0.247,3,0.18,100.0,60.33,0.4832
SUB004621,0.874,13,112,4,61.8,4770.4,0,2,0.062,5,18.86,77.68,72.21,0.848
SUB004622,0.779,9,162,8,195.0,,0,1,0.418,1,9.76,70.29,64.23,0.6114
SUB004623,0.645,14,88,3,105.8,4344.5,0,1,0.246,1,14.19,48.8,52.7,0.2583
SUB004624,0.885,9,92,3,216.4,5754.0,0,1,0.117,2,2.13,36.07,74.22,0.8898
SUB004625,0.76,7,129,5,98.1,4410.8,1,2,0.393,5,25.92,62.5,59.5,0.4546
SUB004626,0.653,14,124,3,191.2,4176.8,1,0,0.847,3,9.49,83.75,47.58,0.1522
SUB004627,0.949,22,98,6,170.8,516.8,0,2,0.276,2,61.44,74.07,63.29,0.5812
SUB004628,0.699,10,130,4,189.0,4043.1,1,4,0.129,3,21.93,79.98,47.61,0.1529
SUB004629,0.861,13,130,6,143.8,3845.8,0,1,0.385,2,11.46,72.83,70.37,0.7989
SUB004630,0.393,9,225,7,159.8,5905.6,0,0,0.264,4,5.24,76.32,38.85,0.0582
SUB004631,0.595,6,254,7,211.8,5644.6,0,1,0.524,5,16.47,63.44,59.66,0.4612
SUB004632,0.698,15,271,9,193.3,5651.7,1,1,0.253,1,10.23,81.82,56.65,0.3635
SUB004633,0.897,5,129,5,93.7,6073.8,0,2,0.097,3,7.61,85.03,71.14,0.8211
SUB004634,0.952,5,155,4,22.6,1268.9,1,2,0.066,2,50.39,73.21,65.55,0.6572
SUB004635,0.765,15,128,5,,4565.7,0,0,0.187,5,2.52,69.58,59.92,0.4674
SUB004636,0.716,8,107,4,169.8,2780.3,0,2,0.114,2,15.76,37.0,61.65,0.5215
SUB004637,0.807,5,133,6,144.2,2787.7,0,1,0.523,3,2.53,66.23,62.69,0.5592
SUB004638,0.446,18,107,4,121.3,4099.1,0,2,0.124,1,20.34,66.19,52.2,0.245
SUB004639,0.953,12,114,3,165.1,4602.5,0,2,0.69,2,11.96,71.13,87.09,0.9957
SUB004640,0.74,9,111,4,186.6,5308.5,0,1,0.075,3,3.03,89.72,50.31,0.2052
SUB004641,0.383,10,111,5,233.6,5209.0,0,2,0.526,2,9.81,66.59,56.23,0.3517
SUB004642,0.601,10,89,6,136.4,3205.3,0,2,0.048,3,6.69,100.0,57.91,0.4044
SUB004643,0.593,12,149,7,303.4,4449.5,0,2,0.401,2,10.02,67.98,59.08,0.4406
SUB004644,0.824,8,131,4,231.2,6810.6,1,3,0.224,3,45.76,80.66,59.42,0.4522
SUB004645,0.879,13,87,2,169.1,6855.9,0,1,0.086,1,9.46,67.89,74.42,0.8931
SUB004646,0.898,10,109,4,,4084.7,1,0,0.421,2,18.52,45.76,67.25,0.7083
SUB004647,0.776,3,75,2,212.3,4514.3,0,2,0.177,3,24.44,68.93,60.8,0.4953
SUB004648,0.557,7,121,7,83.2,3260.6,0,0,0.418,3,9.11,56.03,54.91,0.3157
SUB004649,0.546,12,162,4,107.9,6350.9,0,2,0.359,1,5.92,84.66,52.36,0.2492
SUB004650,0.733,5,100,5,57.7,7974.0,0,1,0.205,3,22.06,64.93,64.03,0.6069
SUB004651,0.735,10,148,8,134.7,3937.3,0,0,0.257,2,42.36,52.38,67.11,0.7053
SUB004652,0.908,8,111,5,92.4,6319.3,1,2,0.231,3,11.66,84.67,53.65,0.2817
SUB004653,0.541,18,101,4,152.7,5609.9,0,1,0.181,5,39.26,80.32,51.13,0.2226
SUB004654,0.953,13,85,3,156.9,4173.3,0,2,0.219,1,0.0,91.93,74.76,0.9002
SUB004655,0.778,5,105,7,52.3,3480.9,0,1,0.086,3,38.49,81.53,70.62,0.8052
SUB004656,0.588,12,150,6,238.0,8467.6,0,1,0.357,4,18.16,73.2,59.0,0.4372
SUB004657,0.913,8,127,4,215.5,5784.2,0,1,0.452,3,10.37,72.04,64.95,0.6395
SUB004658,0.915,9,80,2,119.4,5837.9,1,3,0.316,3,10.84,74.97,68.52,0.7458
SUB004659,0.88,8,134,6,232.9,4352.6,0,0,0.268,5,36.17,42.78,69.61,0.7787
SUB004660,0.504,18,119,6,197.3,4686.5,1,0,0.321,3,6.82,52.2,30.83,0.0226
SUB004661,0.707,18,76,2,239.9,2554.8,1,1,0.086,4,17.34,65.94,46.15,0.1304
SUB004662,0.997,7,68,2,59.6,5481.3,0,1,0.144,2,13.21,65.15,71.2,0.8225
SUB004663,0.709,14,67,2,141.8,3773.2,0,4,0.4,5,31.21,51.43,61.52,0.5173
SUB004664,0.512,7,154,5,178.7,3230.2,0,1,0.459,2,27.52,25.36,60.89,0.4989
SUB004665,0.874,6,76,3,128.2,3097.6,0,0,0.373,3,12.68,67.95,77.07,0.937
SUB004666,0.699,10,102,4,139.4,8125.9,0,0,0.353,4,38.41,64.19,68.85,0.7546
SUB004667,0.66,9,130,4,140.4,4203.8,0,1,0.301,2,4.93,50.7,54.61,0.3054
SUB004668,0.604,6,127,3,160.4,5187.3,2,3,0.152,4,16.83,52.74,44.94,0.113
SUB004669,0.571,4,127,4,138.7,2842.5,0,1,0.09,3,0.36,59.7,51.02,0.2205
SUB004670,0.671,9,73,3,240.5,4081.4,0,0,0.343,1,2.28,42.34,51.91,0.2381
SUB004671,0.544,6,131,3,78.6,2599.2,0,2,0.241,5,16.1,100.0,53.04,0.2675
SUB004672,0.829,8,101,6,149.7,5062.8,0,1,0.148,2,29.88,69.07,70.88,0.8125
SUB004673,0.769,15,115,3,207.2,,0,3,0.423,2,35.25,54.94,69.42,0.772
SUB004674,0.475,8,113,4,69.4,5762.2,0,0,0.28,1,11.72,94.22,51.48,0.2303
SUB004675,0.899,4,107,3,111.4,1850.4,0,3,0.544,7,34.85,69.69,66.57,0.6887
SUB004676,0.682,14,160,6,172.4,3851.9,1,0,0.513,5,2.02,46.98,58.59,0.4242
SUB004677,0.451,11,152,6,243.2,6525.1,1,1,0.122,4,1.63,43.88,31.99,0.0258
SUB004678,0.924,13,291,14,167.2,7754.6,0,0,0.498,5,6.27,86.71,74.92,0.902
SUB004679,0.828,9,185,10,192.5,4934.0,0,2,0.121,3,60.32,61.4,68.48,0.7453
SUB004680,0.591,9,60,3,196.4,3717.5,0,2,0.132,4,19.97,48.44,59.58,0.4572
SUB004681,0.465,22,111,5,20.7,4729.7,0,2,0.258,1,79.91,53.86,38.38,0.055
SUB004682,0.625,11,180,6,157.8,7978.0,3,1,0.333,3,43.77,50.83,57.91,0.4044
SUB004683,0.819,14,106,3,135.9,4127.3,0,3,,4,23.56,81.43,58.05,0.4083
SUB004684,0.822,31,98,6,303.2,4495.2,1,2,0.429,3,1.54,65.24,47.86,0.1571
SUB004685,0.509,22,72,2,227.9,2780.7,0,3,0.326,4,11.44,63.39,44.19,0.1044
SUB004686,0.799,5,69,3,187.5,3328.5,0,0,0.243,6,21.62,82.42,59.4,0.4515
SUB004687,0.928,6,147,5,169.2,5395.9,0,1,0.069,3,34.81,54.62,73.63,0.8789
SUB004688,0.366,5,116,4,141.3,5919.7,0,3,0.251,3,2.35,66.68,33.4,0.0312
SUB004689,0.883,9,47,1,197.1,4688.6,0,0,0.086,3,3.77,85.58,69.5,0.7751
SUB004690,0.373,24,164,11,190.7,6066.0,1,1,0.423,4,20.58,62.37,16.7,0.002
SUB004691,0.851,2,173,12,203.1,3364.2,0,2,0.295,5,21.05,53.12,64.28,0.6138
SUB004692,0.565,7,103,5,76.9,2865.6,0,3,0.196,3,3.07,45.1,67.58,0.7181
SUB004693,0.917,9,112,3,209.3,5751.6,0,1,0.093,5,3.88,62.63,70.98,0.8152
SUB004694,0.812,6,187,8,116.2,4220.8,0,4,0.072,2,78.81,88.57,68.4,0.7426
SUB004695,0.61,8,101,3,184.8,2743.2,1,0,0.253,3,2.73,47.04,46.4,0.1338
SUB004696,0.691,8,56,2,49.7,4584.3,0,3,0.234,5,6.5,66.83,61.14,0.5064
SUB004697,0.547,5,148,5,151.2,4868.8,0,2,0.098,3,3.82,35.49,42.0,0.0808
SUB004698,0.671,13,170,7,149.9,4565.2,2,1,0.363,3,18.73,77.5,63.11,0.5748
SUB004699,0.893,8,118,6,141.3,6970.5,1,4,0.164,4,13.56,55.16,65.66,0.6602
SUB004700,0.498,5,76,3,28.9,,0,0,0.275,3,25.1,79.5,56.76,0.3662
SUB004701,0.777,9,179,9,149.0,6334.7,2,0,0.174,5,0.54,76.32,53.23,0.2722
SUB004702,0.635,13,96,4,166.8,5124.2,0,1,0.094,6,5.68,56.87,56.87,0.3692
SUB004703,0.675,9,81,3,40.1,6475.1,0,1,0.637,2,20.32,57.78,75.82,0.9187
SUB004704,0.67,6,118,3,69.0,4826.7,0,0,0.101,4,3.63,71.59,59.88,0.4672
SUB004705,0.747,10,102,5,159.5,4219.4,0,3,0.171,5,5.22,57.55,62.84,0.5654
SUB004706,0.501,21,143,7,207.4,3839.6,0,6,0.172,5,6.42,64.79,28.48,0.0157
SUB004707,0.722,7,238,11,138.0,4016.6,2,2,0.175,1,9.42,100.0,59.47,0.4536
SUB004708,0.46,6,79,2,140.7,5787.0,1,0,0.105,2,1.26,49.63,35.79,0.0405
SUB004709,0.768,7,151,7,142.6,2502.2,0,2,0.041,7,5.79,100.0,66.31,0.6821
SUB004710,0.506,6,101,3,105.3,3613.6,0,0,0.402,2,27.58,84.75,50.19,0.2028
SUB004711,0.584,6,142,6,127.3,4179.4,0,0,0.1,2,20.44,63.28,49.34,0.1851
SUB004712,0.491,5,119,5,50.9,2483.9,0,1,0.344,4,18.53,57.85,49.46,0.1874
SUB004713,0.802,14,94,4,126.9,3882.9,0,2,0.262,3,3.97,58.99,68.9,0.7563
SUB004714,0.77,12,153,6,153.5,4905.6,1,2,0.217,4,12.78,100.0,63.22,0.5782
SUB004715,0.913,8,98,4,218.2,6030.9,1,4,0.3,2,30.79,54.93,65.96,0.6708
SUB004716,0.613,7,82,3,133.7,3651.0,0,2,0.178,3,16.63,51.82,47.63,0.1536
SUB004717,0.522,11,149,4,276.7,4896.0,1,3,0.181,2,49.23,60.22,36.51,0.0433
SUB004718,0.709,10,82,3,265.8,,1,2,0.5,1,4.73,52.67,58.39,0.4195
SUB004719,0.69,10,147,4,154.2,2910.3,0,5,0.283,3,25.91,66.7,42.43,0.0853
SUB004720,0.734,16,115,3,143.2,1719.6,0,1,0.447,4,6.15,63.87,57.71,0.3982
SUB004721,0.679,11,117,5,289.0,6053.3,0,2,0.149,4,13.93,57.98,61.28,0.51
SUB004722,0.49,37,78,2,275.8,3898.2,0,2,0.416,2,3.44,59.71,38.52,0.0563
SUB004723,0.943,7,119,4,167.3,4926.4,0,0,0.483,5,9.96,68.53,79.63,0.963
SUB004724,0.808,22,95,3,142.7,5260.2,1,0,0.096,3,20.82,85.44,59.99,0.4702
SUB004725,0.514,11,191,6,127.3,6167.7,0,5,0.116,3,32.33,51.5,50.37,0.2071
SUB004726,0.721,5,69,2,75.0,7353.0,0,0,0.525,3,0.34,83.17,64.85,0.6365
SUB004727,0.823,6,166,6,227.3,4768.0,1,1,0.286,2,54.39,87.52,75.76,0.9168
SUB004728,0.788,12,171,11,186.1,3787.7,2,4,0.138,2,9.32,77.4,55.17,0.3225
SUB004729,0.616,5,133,3,116.4,5712.5,1,0,0.468,6,45.4,91.83,57.4,0.3862
SUB004730,0.974,9,187,12,118.7,8479.3,0,1,0.076,1,63.22,84.83,85.65,0.9925
SUB004731,0.738,25,103,6,135.5,3706.2,1,1,0.322,3,27.28,46.19,53.15,0.2706
SUB004732,0.784,2,108,7,121.8,3347.5,0,2,0.18,5,3.41,40.99,68.11,0.7345
SUB004733,0.804,9,136,4,157.2,,0,1,0.252,4,8.36,51.16,58.57,0.4232
SUB004734,0.54,6,104,5,5.0,1419.3,0,2,0.224,3,31.83,75.86,55.44,0.3326
SUB004735,0.439,22,50,1,128.1,6379.1,0,1,0.74,2,6.59,67.49,45.39,0.1192
SUB004736,0.881,8,69,2,,,0,1,0.242,4,9.04,69.63,72.72,0.8608
SUB004737,0.828,6,72,2,203.1,2653.3,0,1,0.194,2,11.95,79.1,74.64,0.8977
SUB004738,0.56,5,150,8,101.8,4754.6,0,3,0.518,2,6.23,49.85,50.6,0.2115
SUB004739,0.797,5,112,4,27.3,8461.9,0,0,0.159,2,64.46,54.87,73.89,0.8837
SUB004740,0.783,20,145,5,113.9,4731.3,0,1,0.239,3,6.05,39.29,58.23,0.4148
SUB004741,0.81,3,154,8,232.5,7642.0,1,0,0.317,1,12.22,95.89,70.75,0.8082
SUB004742,0.865,11,103,4,130.6,3109.6,1,1,0.586,5,23.67,72.33,60.22,0.4798
SUB004743,0.663,17,125,4,108.7,6815.4,0,1,0.217,6,19.52,80.32,57.1,0.3754
SUB004744,0.612,9,68,2,46.6,3498.4,0,0,0.125,2,19.06,62.78,46.04,0.1287
SUB004745,0.764,5,89,2,136.5,3290.6,0,1,0.187,3,7.56,81.97,74.67,0.8978
SUB004746,0.694,11,102,4,160.8,3100.6,1,1,0.351,2,18.88,47.71,58.25,0.4158
SUB004747,0.408,6,113,6,164.5,4079.1,1,2,0.343,3,18.4,75.32,31.1,0.0233
SUB004748,0.307,7,64,2,304.6,5783.8,0,2,0.24,2,39.98,65.04,42.89,0.0901
SUB004749,0.895,6,102,3,63.8,,0,1,0.144,6,15.12,72.81,71.35,0.826
SUB004750,0.827,6,82,3,,6014.5,0,1,0.153,1,5.46,66.65,62.07,0.535
SUB004751,0.609,14,229,13,,4069.0,0,0,0.052,3,1.96,73.71,54.62,0.3059
SUB004752,0.86,8,116,5,117.7,4456.9,0,0,0.277,1,16.45,39.39,69.2,0.7651
SUB004753,0.741,12,145,4,32.1,3928.9,0,2,0.116,6,13.36,56.57,56.0,0.3447
SUB004754,0.795,12,145,10,186.7,7442.9,1,1,,2,21.44,77.64,60.75,0.4947
SUB004755,0.754,9,119,5,109.1,5371.3,0,0,0.518,4,33.73,95.3,69.27,0.7668
SUB004756,0.7,17,131,5,107.2,5081.3,1,3,0.422,3,22.4,55.86,56.85,0.3682
SUB004757,0.75,6,126,4,84.4,4211.7,1,1,0.472,2,47.07,77.77,68.9,0.7563
SUB004758,0.929,8,126,5,237.1,,1,0,0.078,2,52.1,76.64,72.65,0.8587
SUB004759,0.452,4,180,6,209.9,3390.1,2,2,,2,2.74,71.87,37.62,0.0495
SUB004760,0.468,9,114,4,81.5,6553.0,0,3,,3,26.64,90.49,58.03,0.4076
SUB004761,0.559,13,81,2,55.1,1983.2,1,2,0.057,5,4.34,60.36,59.19,0.4434
SUB004762,0.828,5,147,6,188.9,4191.5,0,1,0.393,2,12.58,81.59,66.21,0.6793
SUB004763,0.581,7,75,4,264.5,5698.8,1,0,0.22,2,11.15,65.26,56.32,0.354
SUB004764,0.949,6,107,5,278.0,2022.0,0,0,0.468,4,11.77,90.93,85.77,0.9928
SUB004765,0.851,2,94,5,41.0,4737.4,1,2,0.074,3,11.59,58.67,64.01,0.6061
SUB004766,0.855,5,104,6,216.5,3214.1,0,3,0.453,4,2.52,71.08,67.47,0.7147
SUB004767,0.731,12,134,5,155.7,4710.0,0,1,0.664,4,0.56,47.27,72.52,0.8553
SUB004768,0.768,9,130,7,31.2,4397.2,0,1,0.052,2,9.95,57.15,75.43,0.9101
SUB004769,0.847,10,104,3,98.4,1137.7,1,0,0.106,3,9.02,91.57,75.77,0.9172
SUB004770,0.902,13,34,2,111.9,5127.0,0,1,0.525,3,35.2,61.21,84.81,0.9905
SUB004771,0.841,20,89,2,208.5,2963.3,0,0,0.149,2,27.65,63.29,64.49,0.6227
SUB004772,0.777,5,156,10,53.0,3956.9,0,3,0.392,4,2.52,82.08,52.64,0.2558
SUB004773,0.963,11,137,6,209.6,4761.0,0,2,0.558,1,10.35,56.1,79.24,0.9599
SUB004774,0.361,7,63,2,169.5,4878.6,0,3,0.142,4,10.53,67.69,37.31,0.0477
SUB004775,0.924,5,66,2,196.2,5001.1,0,1,0.229,3,0.83,62.95,88.85,0.9975
SUB004776,0.734,8,93,5,104.4,5651.3,0,0,0.452,4,10.79,72.73,69.04,0.7612
SUB004777,0.486,12,55,2,179.8,573.6,0,0,0.314,2,0.16,77.47,52.21,0.2454
SUB004778,0.687,9,70,2,84.8,5074.2,0,1,0.455,4,0.67,69.98,64.83,0.6354
SUB004779,0.841,7,120,5,181.6,4616.5,1,0,0.534,3,33.8,37.5,71.01,0.8163
SUB004780,0.613,12,130,4,141.8,3819.9,0,2,0.38,3,54.18,66.39,58.13,0.4112
SUB004781,0.765,12,106,4,147.6,4923.9,0,2,0.066,2,17.24,58.54,63.12,0.5754
SUB004782,0.536,7,106,5,139.0,5910.8,2,1,0.072,4,19.12,47.86,45.46,0.12
SUB004783,0.556,11,94,6,48.5,3155.2,0,3,0.633,2,9.06,23.29,44.28,0.1053
SUB004784,0.802,9,86,6,218.4,6533.0,1,0,,5,14.06,55.5,69.34,0.769
SUB004785,0.661,6,144,5,143.0,6439.5,0,1,0.308,5,16.21,89.58,59.55,0.4556
SUB004786,0.514,12,148,10,227.6,5295.2,1,0,0.355,3,14.39,73.29,56.49,0.3579
SUB004787,0.628,12,105,6,223.2,2690.3,0,2,,5,31.11,80.23,56.2,0.3505
SUB004788,0.918,5,71,4,86.2,7587.5,0,3,0.16,2,17.98,69.07,67.63,0.7199
SUB004789,0.794,11,86,3,136.8,,1,3,0.17,2,48.2,88.76,61.52,0.5173
SUB004790,0.773,14,109,3,69.0,4767.5,0,2,0.219,1,9.95,70.63,60.43,0.486
SUB004791,0.843,5,105,3,208.6,4695.4,0,1,,2,16.98,74.72,78.49,0.9529
SUB004792,0.872,10,139,4,169.5,5523.8,0,3,0.147,2,74.22,64.68,71.07,0.8182
SUB004793,0.568,5,85,2,147.1,5815.4,1,1,0.116,2,7.18,67.86,42.47,0.0855
SUB004794,0.884,6,132,7,121.4,4622.3,1,0,0.63,4,19.07,64.26,68.08,0.7332
SUB004795,0.746,4,110,5,73.8,2685.8,0,2,0.711,2,16.51,80.03,69.02,0.7609
SUB004796,0.919,15,225,8,242.0,6677.4,1,2,0.215,4,24.89,81.97,64.43,0.6199
SUB004797,0.92,14,108,7,282.3,3317.0,1,0,0.314,2,43.33,71.89,70.97,0.8148
SUB004798,0.704,15,88,4,244.3,2932.8,0,5,0.331,4,60.17,78.26,48.0,0.1597
SUB004799,0.348,7,177,5,131.0,4789.5,1,0,0.07,5,40.98,66.82,39.84,0.0628
SUB004800,0.733,13,105,4,182.4,3841.3,1,0,0.408,3,16.01,74.89,58.31,0.4176
SUB004801,0.727,5,130,5,199.2,5220.0,0,2,0.098,3,35.87,74.51,57.34,0.3835
SUB004802,0.81,5,58,2,140.6,5145.2,0,1,0.19,2,40.09,51.15,61.48,0.5164
SUB004803,0.507,7,162,5,257.7,4104.9,0,1,0.12,3,32.27,37.02,43.6,0.0979
SUB004804,0.886,14,86,2,236.9,4611.9,1,3,0.377,2,0.42,83.99,69.72,0.7806
SUB004805,0.927,10,74,2,317.1,3642.0,0,1,0.044,2,8.0,67.66,70.8,0.8103
SUB004806,0.688,7,150,7,152.7,5900.2,1,1,0.186,5,34.25,65.79,46.34,0.1332
SUB004807,0.936,7,83,3,5.0,5150.4,0,2,0.323,4,14.23,61.85,71.91,0.8416
SUB004808,0.904,15,79,4,169.3,5471.2,0,1,0.343,5,11.12,64.08,73.48,0.8757
SUB004809,0.959,12,70,2,,3923.7,1,4,0.466,4,14.58,80.48,74.35,0.8914
SUB004810,0.728,16,93,4,178.4,4852.5,1,2,0.37,4,48.19,59.77,46.28,0.1319
SUB004811,0.935,15,83,3,272.0,5180.1,2,3,0.192,3,11.14,65.77,43.61,0.0984
SUB004812,0.814,4,143,4,99.5,5838.3,0,0,0.332,3,43.73,59.56,64.11,0.6086
SUB004813,0.797,14,86,3,112.1,5424.3,0,2,0.531,1,2.26,88.97,80.91,0.9734
SUB004814,0.765,12,91,4,117.2,4270.8,0,0,0.338,4,1.65,80.19,55.28,0.3265
SUB004815,0.802,6,88,5,267.2,2715.4,0,1,0.389,3,16.63,100.0,64.86,0.6372
SUB004816,0.968,7,134,5,113.4,5422.5,0,1,0.039,4,6.7,67.94,76.6,0.9318
SUB004817,0.609,8,148,5,159.6,5418.0,1,2,0.539,3,26.76,66.49,67.94,0.7288
SUB004818,0.488,19,109,3,287.8,2895.2,0,1,0.235,2,4.23,78.45,42.71,0.0878
SUB004819,0.983,9,107,6,186.8,5805.0,0,1,0.061,5,7.57,54.36,77.31,0.9402
SUB004820,0.781,12,115,4,20.7,4809.3,0,3,0.169,4,50.52,82.33,72.13,0.8462
SUB004821,0.764,14,118,5,133.0,4396.7,1,1,0.398,3,2.42,70.5,54.39,0.3001
SUB004822,0.339,7,139,4,101.8,5015.2,0,1,0.393,1,1.05,81.78,55.35,0.3292
SUB004823,0.711,15,135,4,60.4,6071.6,0,3,0.227,4,7.11,58.38,51.8,0.2362
SUB004824,0.887,9,33,1,118.4,6502.8,3,0,0.103,4,18.55,64.56,59.0,0.4372
SUB004825,0.515,26,77,5,34.7,4304.6,0,0,0.142,1,5.01,72.78,56.55,0.3599
SUB004826,0.956,6,51,1,157.5,3909.4,0,1,0.226,2,14.23,73.26,73.2,0.8717
SUB004827,0.617,8,121,3,144.4,5516.7,2,0,0.297,3,3.09,62.25,47.44,0.1494
SUB004828,0.7,14,69,2,119.5,2334.9,0,2,0.224,5,7.81,82.85,57.14,0.3766
SUB004829,0.326,6,129,3,29.4,5938.5,0,1,0.356,2,9.75,72.59,43.17,0.093
SUB004830,0.677,13,118,3,242.7,2557.9,0,2,0.337,2,0.0,76.34,58.15,0.4123
SUB004831,0.582,8,107,3,109.9,2473.5,0,1,0.333,10,26.59,47.54,58.27,0.4166
SUB004832,0.369,5,100,3,200.9,6829.9,0,0,0.208,3,55.89,43.63,45.22,0.1168
SUB004833,0.74,5,147,4,127.5,1610.9,1,1,0.094,4,61.84,56.83,58.86,0.434
SUB004834,0.689,10,132,7,237.6,6620.9,0,0,0.478,5,2.29,77.45,65.33,0.6513
SUB004835,0.669,11,75,4,188.1,6714.6,0,2,0.199,1,20.68,73.62,59.4,0.4515
SUB004836,0.835,5,119,4,141.7,5104.3,0,3,0.085,1,45.77,91.08,68.02,0.7318
SUB004837,0.826,11,113,3,102.6,5473.6,0,2,0.097,2,21.05,60.9,67.08,0.7036
SUB004838,0.877,5,163,8,212.9,2453.9,0,1,0.203,2,2.34,70.75,70.48,0.8015
SUB004839,0.794,7,172,7,128.7,4121.4,0,0,0.566,4,1.92,53.39,76.07,0.9232
SUB004840,0.897,9,111,6,98.1,5092.7,0,2,,2,1.68,85.33,71.64,0.8338
SUB004841,0.513,8,219,6,134.6,5589.0,2,1,0.337,3,38.76,60.37,44.64,0.1096
SUB004842,0.864,9,83,2,144.2,5081.5,0,1,0.149,1,24.49,81.15,74.07,0.8869
SUB004843,0.601,8,62,4,196.4,4803.2,1,0,0.063,3,71.48,69.78,60.81,0.4959
SUB004844,0.88,8,179,12,31.1,4926.5,1,1,0.442,3,4.02,60.45,61.42,0.5142
SUB004845,0.631,8,79,2,287.0,2562.3,0,2,0.454,4,17.08,52.72,59.3,0.4481
SUB004846,0.977,7,63,3,168.8,,0,3,0.62,2,18.94,76.48,82.28,0.9798
SUB004847,0.72,12,82,3,155.0,2704.7,1,2,0.263,4,46.52,62.54,61.22,0.5084
SUB004848,0.905,8,91,2,170.6,3907.8,0,2,0.549,6,15.88,37.14,70.93,0.8137
SUB004849,0.718,6,52,1,46.1,6348.2,0,1,0.098,3,0.75,99.77,71.32,0.8252
SUB004850,0.59,11,98,6,160.4,2143.5,2,1,0.151,2,26.71,75.34,32.53,0.0275
SUB004851,0.681,10,88,3,189.0,4253.6,0,1,0.303,3,29.79,79.61,63.99,0.6048
SUB004852,0.577,5,112,3,117.3,5862.3,0,2,0.264,2,76.09,59.29,64.53,0.6242
SUB004853,0.5,16,43,2,199.4,5173.1,0,1,0.262,2,11.69,50.73,47.69,0.1545
SUB004854,0.695,7,101,3,188.6,4963.4,0,0,0.344,4,3.33,62.2,61.98,0.5314
SUB004855,0.932,7,234,7,,4154.1,0,1,0.212,1,66.15,87.38,82.73,0.9827
SUB004856,0.485,9,153,9,221.9,6731.3,0,3,0.17,2,17.34,53.71,46.35,0.1333
SUB004857,0.887,10,65,3,146.4,2489.0,1,1,0.432,4,31.38,70.27,59.84,0.4662
SUB004858,0.155,9,84,4,261.4,5459.4,0,2,0.245,3,33.83,57.17,35.13,0.0375
SUB004859,0.658,6,92,6,216.6,4689.6,1,4,0.375,2,23.55,62.42,46.99,0.142
SUB004860,0.319,4,176,10,156.4,3700.0,0,0,0.173,6,8.6,87.77,46.82,0.1397
SUB004861,0.901,16,99,4,119.3,3911.3,1,3,0.17,3,3.17,81.17,67.27,0.7088
SUB004862,0.98,6,93,3,131.3,7181.7,1,2,0.055,2,12.28,75.96,77.55,0.9425
SUB004863,0.625,11,69,2,213.5,2601.8,1,0,0.356,2,19.61,76.77,59.04,0.4388
SUB004864,0.808,9,93,2,113.4,1825.1,0,0,0.381,3,26.53,55.62,75.58,0.914
SUB004865,0.682,3,97,3,155.0,3528.1,1,0,0.133,3,9.85,92.28,56.68,0.3639
SUB004866,0.814,6,116,3,170.8,5199.4,0,1,0.117,4,7.95,63.32,74.4,0.8924
SUB004867,0.947,18,80,5,167.3,6535.7,0,1,,6,6.94,82.15,79.06,0.9579
SUB004868,0.83,4,69,3,82.7,4382.9,0,1,0.301,2,5.33,96.28,78.17,0.9495
SUB004869,0.88,8,69,2,239.9,1902.2,0,1,0.546,2,5.0,57.41,80.48,0.9695
SUB004870,0.741,10,155,4,178.5,4918.4,0,0,0.458,3,8.76,49.56,63.23,0.5786
SUB004871,0.621,6,164,6,119.9,6103.9,0,0,0.534,7,15.55,73.04,69.66,0.7797
SUB004872,0.616,9,156,5,99.6,5260.8,0,0,0.306,5,3.55,69.21,64.12,0.6089
SUB004873,0.839,11,94,2,206.9,5210.7,0,1,0.054,2,12.72,74.73,52.85,0.2625
SUB004874,0.887,11,153,5,148.8,1957.0,0,1,0.51,4,6.01,58.59,83.71,0.986
SUB004875,0.631,9,145,4,205.6,2711.8,0,4,,5,3.06,61.71,54.17,0.2937
SUB004876,0.896,8,127,3,88.7,,0,1,0.161,5,42.35,62.46,73.54,0.8768
SUB004877,0.869,6,96,3,,6180.2,1,2,0.18,2,6.28,81.61,63.59,0.5917
SUB004878,0.639,11,127,7,124.2,3450.9,2,3,0.173,3,27.82,79.24,49.64,0.1912
SUB004879,0.635,9,66,2,251.5,4637.1,0,2,0.226,4,0.23,69.9,59.94,0.4682
SUB004880,0.853,19,147,4,199.1,4984.4,0,1,0.289,3,13.06,100.0,66.32,0.6824
SUB004881,0.945,12,48,2,96.3,2675.9,0,1,0.151,1,19.37,87.94,65.89,0.6691
SUB004882,0.839,7,97,2,197.1,3380.6,1,2,0.451,3,5.18,56.63,75.19,0.9062
SUB004883,0.397,10,103,6,224.1,4477.2,1,2,0.344,3,0.39,65.47,30.73,0.022
SUB004884,0.575,5,95,2,114.8,3926.6,0,2,0.504,4,5.95,96.37,51.94,0.2388
SUB004885,0.966,4,149,4,83.4,5975.9,0,0,0.098,2,47.26,60.87,93.11,1.0
SUB004886,0.523,7,67,3,8.8,3703.8,0,1,,2,9.12,100.0,62.72,0.5609
SUB004887,0.977,5,76,2,201.0,5710.6,0,2,0.219,6,16.61,71.97,72.8,0.8632
SUB004888,0.737,12,112,7,50.8,4017.3,0,3,0.134,3,34.52,80.24,53.76,0.2842
SUB004889,0.843,18,60,2,171.1,4335.9,0,2,0.313,3,14.81,68.98,64.55,0.6252
SUB004890,0.961,14,92,3,58.5,5659.9,0,0,0.18,4,7.97,46.06,83.32,0.9847
SUB004891,0.843,7,183,7,249.1,4754.2,0,3,0.254,6,45.09,81.72,60.36,0.4839
SUB004892,0.453,12,147,4,236.1,4095.8,1,2,0.6,3,11.04,59.01,36.0,0.0412
SUB004893,0.647,7,195,12,159.0,,1,3,0.433,2,29.29,73.39,61.65,0.5215
SUB004894,0.799,15,108,4,,5879.9,0,0,0.473,3,34.3,87.04,58.75,0.4308
SUB004895,0.947,11,151,5,145.1,5252.5,2,3,0.133,3,50.3,73.39,54.87,0.3148
SUB004896,0.489,9,154,9,97.5,1553.1,0,3,0.426,3,0.17,51.09,48.18,0.1628
SUB004897,0.953,8,61,4,43.4,3221.8,0,2,0.142,3,5.97,62.87,72.25,0.8485
SUB004898,0.555,11,86,3,200.5,3359.8,1,1,0.225,3,52.7,39.37,50.06,0.1998
SUB004899,0.762,8,95,4,83.4,,0,0,0.161,6,16.78,60.18,52.71,0.2585
SUB004900,0.724,14,236,9,313.6,2305.6,1,0,0.75,2,12.11,70.67,66.4,0.6848
SUB004901,0.844,7,165,5,74.3,5244.6,1,3,0.297,4,13.14,70.26,61.27,0.5098
SUB004902,0.847,8,72,3,204.7,5314.0,0,3,0.42,2,6.87,70.06,72.77,0.8616
SUB004903,0.305,8,190,9,220.6,5904.2,2,1,0.483,3,13.37,65.32,17.05,0.0025
SUB004904,0.708,8,91,4,63.6,4328.0,0,1,0.287,3,14.84,70.87,54.51,0.3026
SUB004905,0.816,6,134,7,111.0,2246.1,0,3,0.512,4,50.25,55.41,64.67,0.6302
SUB004906,0.883,7,97,3,127.2,4099.2,0,1,0.277,3,108.51,57.11,72.5,0.8548
SUB004907,0.452,9,49,3,356.0,,0,3,0.496,1,4.01,57.99,46.28,0.1319
SUB004908,0.622,8,191,5,129.3,4061.2,0,1,0.297,3,10.22,100.0,53.21,0.2714
SUB004909,0.603,17,157,10,102.7,8056.3,0,0,0.021,3,18.68,80.55,46.44,0.1342
SUB004910,0.894,10,101,4,179.5,5721.7,1,3,0.177,4,3.56,99.61,62.02,0.5325
SUB004911,0.772,15,127,4,102.1,4420.5,0,0,0.044,2,2.48,58.82,75.57,0.9138
SUB004912,0.95,4,86,5,128.3,4768.6,0,1,0.198,1,26.29,54.56,81.73,0.9767
SUB004913,0.873,13,82,3,131.7,,1,1,0.145,4,6.42,49.98,63.82,0.5991
SUB004914,0.338,10,157,7,181.1,3919.3,0,1,0.402,5,25.12,56.77,42.96,0.0907
SUB004915,0.47,8,148,4,110.3,4119.2,1,2,0.401,3,23.63,57.51,43.3,0.0945
SUB004916,0.47,6,214,10,96.2,8062.0,0,0,0.239,1,7.37,60.55,51.51,0.2306
SUB004917,0.843,12,150,9,220.7,6987.6,0,3,0.239,2,5.88,62.77,68.07,0.7328
SUB004918,0.793,11,125,4,170.3,4058.3,1,1,0.075,2,15.07,73.99,53.89,0.2874
SUB004919,0.712,12,152,6,157.7,3591.7,1,0,0.206,2,6.46,78.89,66.02,0.6733
SUB004920,0.839,7,131,3,25.5,2265.3,0,2,0.485,4,18.74,78.74,68.91,0.757
SUB004921,0.803,14,135,4,199.3,7909.9,0,1,0.225,3,16.21,100.0,63.34,0.5826
SUB004922,0.854,11,145,4,124.8,6261.4,0,2,0.226,2,22.68,64.71,69.8,0.7822
SUB004923,0.842,7,156,9,157.7,6649.6,1,1,0.328,2,47.17,97.03,77.29,0.9398
SUB004924,0.6,16,106,3,57.3,3714.9,0,2,,3,8.42,83.3,54.92,0.3161
SUB004925,0.816,10,46,3,166.6,3316.2,0,0,0.111,4,7.04,83.79,63.95,0.6028
SUB004926,0.881,4,109,7,143.6,3162.8,1,0,0.291,5,8.87,73.37,66.67,0.692
SUB004927,0.909,7,76,4,,500.0,1,1,0.204,2,9.62,69.75,72.92,0.8655
SUB004928,0.515,14,23,1,108.8,2803.2,1,1,0.046,2,0.9,96.32,48.82,0.1757
SUB004929,0.876,7,170,6,211.0,5329.4,1,6,0.263,1,16.28,100.0,59.78,0.465
SUB004930,0.579,9,185,5,102.2,5297.6,0,2,0.28,2,7.49,71.17,44.88,0.1123
SUB004931,0.573,14,78,3,216.6,3465.8,0,1,0.338,2,3.02,65.77,55.86,0.3422
SUB004932,0.74,7,97,4,203.8,5467.0,1,0,0.872,1,20.97,63.51,69.52,0.7758
SUB004933,0.498,12,104,6,106.1,3508.8,0,1,0.115,3,31.49,73.05,52.61,0.2544
SUB004934,0.782,5,80,3,179.9,5551.6,1,3,0.424,2,29.24,50.59,68.77,0.7531
SUB004935,0.57,10,131,4,124.2,5787.3,2,1,0.396,3,16.02,41.35,54.27,0.296
SUB004936,0.632,10,67,3,188.3,5563.7,0,0,0.521,5,34.77,62.52,71.68,0.8358
SUB004937,0.832,11,121,4,96.8,4715.8,0,1,0.017,6,21.04,60.38,61.98,0.5314
SUB004938,0.685,11,148,4,146.1,3515.7,0,3,0.121,5,108.77,58.52,59.03,0.4384
SUB004939,0.605,9,137,7,151.6,2896.5,1,0,0.17,4,29.03,71.05,48.31,0.1648
SUB004940,0.445,9,133,4,145.2,1412.0,0,1,0.165,1,12.74,82.13,47.7,0.1548
SUB004941,0.519,9,84,2,169.9,5555.8,0,2,0.234,3,17.88,74.54,55.08,0.3196
SUB004942,0.701,16,182,5,119.5,2381.2,0,1,0.615,1,24.79,79.6,58.01,0.4068
SUB004943,0.472,9,164,9,,4617.4,0,1,0.237,4,7.61,65.56,51.24,0.2252
SUB004944,0.898,22,96,6,228.8,4807.0,1,3,0.155,3,41.37,71.72,48.03,0.1605
SUB004945,0.953,11,142,4,128.3,3106.3,0,2,0.563,5,9.17,86.75,79.78,0.964
SUB004946,0.628,9,90,4,117.2,4265.2,0,0,0.121,4,3.34,53.57,54.86,0.3144
SUB004947,0.804,5,143,7,84.5,5193.5,0,1,0.407,4,2.29,70.69,67.35,0.711
SUB004948,0.592,13,69,3,131.4,3935.0,0,2,0.353,3,11.13,71.2,56.03,0.3451
SUB004949,0.741,8,159,6,82.4,5485.6,0,3,0.305,3,0.47,62.68,64.8,0.6344
SUB004950,0.788,14,92,5,205.8,3793.1,1,3,0.292,3,9.73,70.57,52.25,0.2464
SUB004951,0.632,6,77,5,111.1,3968.3,2,0,0.151,4,8.27,81.45,49.92,0.1974
SUB004952,0.577,9,73,2,82.0,,0,2,0.369,7,6.46,55.63,53.25,0.2726
SUB004953,0.81,8,123,5,131.8,,0,1,0.248,1,23.75,81.95,65.69,0.6614
SUB004954,0.981,12,54,3,72.2,4279.1,0,0,0.416,1,15.45,79.25,84.02,0.9882
SUB004955,0.709,17,137,4,119.7,3299.2,1,0,0.655,2,27.28,40.41,62.5,0.5525
SUB004956,0.522,9,103,3,228.3,5158.4,0,1,0.099,5,5.29,54.34,62.62,0.5568
SUB004957,0.945,8,148,6,78.7,1041.8,0,1,0.404,2,62.25,79.94,70.98,0.8152
SUB004958,0.831,5,50,2,126.4,5873.0,0,3,0.134,1,7.32,93.06,75.1,0.9052
SUB004959,0.673,7,114,3,273.4,2443.8,0,2,0.42,2,50.59,71.86,59.44,0.4528
SUB004960,0.533,17,102,3,,6070.6,0,1,0.501,3,6.77,68.73,53.9,0.2877
SUB004961,0.676,9,80,2,116.4,5330.7,0,0,0.456,2,33.09,65.8,57.82,0.402
SUB004962,0.822,11,75,5,33.7,5893.9,1,0,0.215,3,5.83,79.78,68.44,0.744
SUB004963,0.83,5,141,5,145.0,3015.7,0,3,0.141,4,5.86,56.0,61.12,0.5059
SUB004964,0.731,5,69,3,88.9,4039.6,0,0,0.292,6,1.59,76.54,65.96,0.6708
SUB004965,0.705,4,111,3,165.5,4995.7,0,0,0.225,2,37.06,62.73,59.76,0.4642
SUB004966,0.84,15,62,4,124.4,4951.9,0,3,0.194,3,8.74,44.85,59.85,0.4665
SUB004967,0.418,9,57,2,163.6,5545.2,2,0,0.337,2,32.62,56.81,24.62,0.0087
SUB004968,0.901,6,109,3,224.8,5522.0,0,0,0.002,3,51.61,61.82,83.81,0.9867
SUB004969,0.628,13,120,4,199.3,5313.6,1,0,0.227,4,15.58,53.77,46.83,0.1399
SUB004970,0.51,8,81,3,64.9,,0,1,0.4,2,25.44,95.69,60.84,0.4969
SUB004971,0.692,14,133,5,167.3,5690.6,0,0,0.288,5,3.43,63.16,59.78,0.465
SUB004972,0.689,9,164,4,204.8,4849.8,0,1,0.231,4,32.17,51.12,56.91,0.3703
SUB004973,0.847,14,143,5,70.8,6433.8,0,1,0.073,1,74.34,85.39,70.18,0.7938
SUB004974,0.739,6,109,4,239.2,4429.6,0,2,0.244,1,7.19,51.34,68.74,0.752
SUB004975,0.7,11,160,4,161.5,2263.0,1,2,0.065,6,16.58,45.43,46.06,0.1291
SUB004976,0.873,12,116,4,190.6,6448.1,1,1,0.108,2,18.55,90.37,79.88,0.9646
SUB004977,0.897,4,77,3,111.4,5087.0,0,1,0.21,2,38.14,59.37,83.87,0.9872
SUB004978,0.642,9,137,6,149.8,4461.5,2,1,0.544,5,39.0,81.1,50.65,0.2127
SUB004979,0.514,5,153,8,81.3,4936.1,2,1,0.505,3,58.31,92.68,47.49,0.1503
SUB004980,0.853,5,64,2,227.8,6580.5,0,1,0.028,2,59.23,43.66,70.14,0.7927
SUB004981,0.52,8,99,4,251.6,4645.1,0,3,0.344,4,131.01,55.3,50.98,0.2198
SUB004982,0.419,11,77,5,281.8,6663.6,0,4,0.039,2,32.41,66.9,45.93,0.1269
SUB004983,0.726,6,117,4,32.1,5292.5,0,2,0.302,3,3.4,86.02,60.56,0.4897
SUB004984,0.93,8,103,3,163.8,3970.7,0,1,0.628,3,16.78,77.27,87.52,0.9962
SUB004985,0.745,7,76,5,166.9,2415.4,1,2,0.182,2,8.39,71.72,55.72,0.3392
SUB004986,0.619,13,109,4,116.7,4682.1,2,1,0.326,3,9.38,76.2,50.43,0.2083
SUB004987,0.956,15,122,5,187.4,6581.2,1,2,0.382,5,2.13,57.79,66.72,0.6932
SUB004988,0.872,23,134,8,102.8,3817.3,0,1,0.229,1,0.06,77.79,58.95,0.4358
SUB004989,0.72,14,201,12,250.3,5554.9,1,0,0.346,3,27.42,65.45,51.73,0.2344
SUB004990,0.625,11,101,3,61.0,6807.6,0,0,0.209,3,15.27,77.46,58.62,0.4258
SUB004991,0.499,13,113,4,,1905.7,0,4,0.284,3,9.05,59.53,45.89,0.126
SUB004992,0.728,7,111,3,188.4,,0,0,0.203,2,10.41,68.37,72.01,0.8443
SUB004993,0.552,8,234,7,108.0,6001.1,0,3,0.193,1,21.26,55.52,47.65,0.154
SUB004994,0.688,10,92,2,232.4,4994.1,2,3,0.035,3,5.56,71.32,52.05,0.2419
SUB004995,0.783,4,103,5,22.5,1959.1,1,0,0.378,6,4.29,63.91,54.52,0.303
SUB004996,0.778,7,105,4,139.2,3386.1,1,1,0.064,2,1.98,61.1,55.59,0.3358
SUB004997,0.788,22,69,2,84.8,1216.3,0,2,0.236,1,24.13,68.95,63.37,0.5837
SUB004998,0.597,8,131,5,97.6,2678.5,0,2,0.06,4,27.03,41.15,56.23,0.3517
SUB004999,0.479,4,118,3,102.4,5855.6,1,1,0.211,3,6.14,83.73,38.02,0.0533
SUB005000,0.654,7,90,3,107.7,3955.0,1,1,0.106,3,36.06,51.46,43.23,0.0935
SUB005001,0.483,10,134,6,226.3,5898.9,0,2,0.335,5,18.65,58.89,54.22,0.2945
SUB005002,0.395,11,126,4,82.7,5776.8,0,4,0.123,3,1.03,57.52,37.28,0.0474
SUB005003,0.607,9,75,3,53.7,2689.6,0,0,0.338,2,27.99,40.02,61.71,0.5236
SUB005004,0.41,11,132,8,127.1,,0,0,0.044,2,9.95,81.01,44.98,0.1137
SUB005005,0.298,7,55,2,147.8,1895.6,0,0,0.208,4,5.41,68.84,39.8,0.0627
SUB005006,0.909,15,113,6,,4977.1,0,0,0.25,3,15.32,68.91,70.5,0.8022
SUB005007,0.54,14,81,2,231.2,5040.6,2,2,0.311,2,47.75,96.72,52.62,0.2548
SUB005008,0.741,4,184,7,5.0,4578.9,1,1,0.527,6,10.88,58.55,57.39,0.3858
SUB005009,0.807,6,160,4,239.3,2276.9,0,0,0.293,3,20.47,41.48,62.75,0.5618
SUB005010,0.879,13,184,7,109.9,2688.4,3,1,0.611,3,129.65,75.0,60.85,0.4975
SUB005011,0.526,10,84,3,133.3,8233.9,1,0,0.126,2,8.7,77.27,36.38,0.0427
SUB005012,0.822,10,76,3,151.4,5312.1,0,1,0.224,7,47.54,33.81,61.03,0.5033
SUB005013,0.933,9,107,3,16.8,4116.7,0,0,0.076,4,42.32,43.96,82.45,0.9805
SUB005014,0.895,14,88,5,136.1,5879.9,0,4,0.386,7,35.92,76.72,67.1,0.7048
SUB005015,0.562,10,81,3,209.5,6612.5,0,0,0.506,2,0.97,65.62,56.49,0.3579
SUB005016,0.913,11,165,8,190.9,6640.8,0,1,0.709,3,21.62,80.31,92.26,0.9998
SUB005017,0.891,10,164,7,120.0,4529.8,0,1,0.106,1,42.66,69.1,72.42,0.8527
SUB005018,0.812,6,146,4,150.8,4229.2,1,2,0.308,3,24.36,72.29,58.38,0.4192
SUB005019,0.585,13,57,2,186.7,5478.8,0,0,0.492,5,18.7,74.77,62.78,0.5631
SUB005020,0.679,8,127,5,,4281.9,3,2,0.399,3,6.71,69.38,41.9,0.0794
SUB005021,0.859,8,100,5,173.5,6298.0,0,1,0.431,2,3.96,63.67,73.06,0.8687
SUB005022,0.874,8,141,5,96.0,4873.1,0,3,0.501,3,6.2,57.39,71.16,0.8218
SUB005023,0.804,5,139,4,78.3,5885.2,1,1,0.127,4,12.04,82.54,51.4,0.2291
SUB005024,0.474,20,121,5,162.2,6164.3,0,3,0.221,2,35.39,97.04,46.01,0.1278
SUB005025,0.849,13,165,4,14.1,2876.6,0,3,0.548,4,3.22,81.24,84.02,0.9882
SUB005026,0.523,6,120,5,179.6,4818.5,1,1,,2,18.41,56.84,32.33,0.027
SUB005027,0.292,17,53,3,176.0,5987.4,0,1,0.503,2,10.76,52.26,46.02,0.1283
SUB005028,0.583,7,97,3,127.7,3274.9,2,0,0.338,3,2.26,47.13,44.6,0.1088
SUB005029,0.496,8,85,3,191.8,3603.1,2,2,0.332,5,10.77,66.03,26.36,0.0123
SUB005030,0.742,7,76,3,164.2,6182.1,0,2,0.66,3,17.26,69.33,70.2,0.7942
SUB005031,0.742,16,78,2,231.8,6681.9,0,1,0.139,7,5.75,61.22,63.01,0.572
SUB005032,0.824,15,92,3,259.8,500.0,1,4,0.429,3,19.88,82.83,60.98,0.5014
SUB005033,0.378,8,87,2,163.8,6233.0,1,1,0.268,2,41.13,65.02,26.5,0.0127
SUB005034,0.569,9,130,4,103.8,1162.7,0,1,0.078,1,0.65,67.26,52.28,0.2478
SUB005035,0.552,13,83,3,202.5,4320.3,1,0,0.608,7,37.79,54.27,51.42,0.2295
SUB005036,0.674,12,132,5,113.0,2581.3,0,2,0.076,3,40.46,79.13,61.24,0.509
SUB005037,0.43,9,151,6,101.3,3933.7,1,0,0.072,4,5.24,62.01,39.64,0.062
SUB005038,0.543,9,131,7,129.4,4812.4,0,1,0.249,5,23.01,29.89,42.74,0.0887
SUB005039,0.907,13,114,3,228.5,5366.2,2,0,0.315,3,1.72,83.18,65.44,0.6542
SUB005040,0.65,4,136,9,177.0,6824.1,0,2,0.173,3,24.89,48.44,56.57,0.3605
SUB005041,0.743,11,77,2,206.2,2367.1,0,1,0.251,3,9.37,48.9,64.55,0.6252
SUB005042,0.79,10,56,3,157.4,6014.4,0,1,0.266,2,9.28,46.48,72.6,0.8574
SUB005043,0.838,16,138,7,202.2,4273.4,0,0,0.05,4,15.98,74.72,62.02,0.5325
SUB005044,0.935,11,119,8,189.1,4210.3,0,2,0.412,4,7.36,51.02,70.37,0.7989
SUB005045,0.467,12,189,8,114.7,7495.6,1,2,0.18,2,14.12,71.18,26.9,0.0132
SUB005046,0.74,7,152,9,176.3,6023.7,1,3,0.154,5,22.64,64.89,55.42,0.3317
SUB005047,0.864,7,97,5,140.8,1961.5,0,1,0.17,4,13.53,72.01,65.6,0.6586
SUB005048,0.638,11,102,3,128.7,4392.5,0,1,0.23,3,15.29,90.39,55.26,0.3256
SUB005049,0.857,3,116,5,107.6,3458.4,0,1,,1,2.27,87.02,73.16,0.871
SUB005050,0.925,8,104,7,110.9,3868.0,0,1,0.066,2,40.46,67.25,70.71,0.8072
SUB005051,0.862,5,115,5,118.1,4377.9,0,3,0.101,2,14.26,100.0,66.69,0.6924
SUB005052,0.865,7,89,6,140.5,5139.9,0,0,,2,8.21,63.33,80.79,0.9722
SUB005053,0.705,4,144,4,171.9,2837.0,1,0,,1,11.38,50.1,53.22,0.2719
SUB005054,0.628,5,128,4,225.6,4307.4,0,4,0.347,6,16.8,47.72,56.54,0.3597
SUB005055,0.409,15,106,4,199.1,3937.9,0,1,0.413,4,6.31,75.93,52.69,0.258
SUB005056,0.652,5,73,3,142.0,4941.2,1,1,0.296,3,5.31,49.82,50.22,0.2032
SUB005057,0.616,6,106,6,18.0,4450.5,0,0,0.14,3,11.55,73.97,64.86,0.6372
SUB005058,0.736,7,122,4,286.1,6016.6,3,4,0.325,4,6.72,79.63,37.97,0.0525
SUB005059,0.741,12,104,6,113.5,4907.9,1,2,0.364,2,2.11,71.2,71.19,0.8223
SUB005060,0.564,8,95,3,103.5,5379.9,1,5,0.385,3,14.75,68.67,48.54,0.1705
SUB005061,0.953,4,50,2,207.9,4599.3,0,1,0.069,6,63.61,69.13,70.99,0.8155
SUB005062,0.403,4,237,7,65.9,3460.7,0,0,0.198,5,10.38,61.77,52.77,0.2604
SUB005063,0.566,8,80,3,166.3,3838.0,0,2,0.478,4,10.15,85.03,51.72,0.2341
SUB005064,0.474,8,124,7,116.2,3616.9,0,1,0.076,5,10.28,76.37,38.93,0.0587
SUB005065,0.891,13,76,3,143.8,5518.3,0,0,0.323,1,9.28,53.69,67.94,0.7288
SUB005066,0.788,6,120,4,141.0,5877.2,2,0,0.215,4,47.89,33.06,46.7,0.1385
SUB005067,0.802,17,125,4,99.4,4502.2,0,1,0.197,6,112.51,92.35,55.35,0.3292
SUB005068,0.95,4,98,3,124.6,4707.9,1,1,0.55,7,50.96,81.49,77.39,0.9409
SUB005069,0.706,4,103,4,193.6,2145.8,0,3,0.281,3,5.65,82.47,66.0,0.6726
SUB005070,0.867,8,87,3,,3850.4,0,3,0.213,5,36.26,48.59,63.75,0.597
SUB005071,0.85,13,238,15,368.9,1436.9,0,0,0.304,3,11.21,52.83,80.23,0.9672
SUB005072,0.675,10,147,5,155.5,5948.7,0,1,0.414,2,87.36,77.71,56.63,0.3627
SUB005073,0.86,5,114,3,63.2,7913.4,1,1,0.373,1,18.29,63.48,73.96,0.8848
SUB005074,0.862,21,90,5,151.7,3650.2,1,2,0.326,5,4.3,65.63,50.91,0.218
SUB005075,0.798,10,142,4,33.9,5053.3,1,1,0.447,4,38.01,87.6,66.47,0.6856
SUB005076,0.663,10,143,4,214.7,5340.9,0,2,0.11,2,50.91,69.31,55.61,0.3366
SUB005077,0.538,13,76,2,255.3,2675.2,0,3,0.583,3,27.95,71.25,53.46,0.2779
SUB005078,0.822,10,62,4,200.6,4112.8,2,1,0.178,3,1.9,82.28,58.76,0.4311
SUB005079,0.657,7,89,2,90.6,5146.6,0,0,0.413,2,2.67,53.47,59.73,0.4634
SUB005080,0.966,18,88,5,121.7,4693.5,0,1,0.347,2,7.31,72.12,72.91,0.8653
SUB005081,0.658,16,64,3,212.2,4409.4,1,2,0.48,1,8.63,97.22,49.03,0.1793
SUB005082,0.787,19,80,3,145.7,3955.4,0,2,0.365,2,12.05,85.49,54.59,0.305
SUB005083,0.856,8,73,4,92.4,3140.8,0,2,0.59,1,3.11,61.89,62.68,0.5588
SUB005084,0.731,18,166,7,115.7,5844.0,0,1,0.257,3,13.8,70.91,60.19,0.4788
SUB005085,0.61,5,122,3,247.1,7250.6,0,1,0.098,6,37.96,57.11,65.61,0.6589
SUB005086,0.84,9,128,7,119.2,1631.9,0,1,0.338,2,25.61,65.97,66.81,0.6958
SUB005087,0.755,12,145,5,205.9,1495.1,0,2,0.182,5,37.64,60.11,67.0,0.7016
SUB005088,0.829,5,75,2,168.0,2553.2,0,1,0.186,2,3.97,65.75,75.91,0.9203
SUB005089,0.631,19,128,6,126.1,3978.2,1,2,0.584,2,30.12,81.05,47.27,0.1466
SUB005090,0.55,7,95,2,143.4,4081.6,0,2,0.202,2,38.78,56.02,48.3,0.1645
SUB005091,0.502,16,166,4,107.9,5020.7,0,1,0.479,1,79.64,85.49,53.84,0.286
SUB005092,0.711,5,157,7,221.9,4893.7,1,1,0.189,5,6.07,94.17,62.32,0.5445
SUB005093,0.945,9,179,7,92.4,4687.0,1,0,0.092,1,39.1,45.3,73.88,0.8834
SUB005094,0.768,7,78,5,162.9,6298.2,0,0,0.361,4,35.8,70.31,62.99,0.5713
SUB005095,0.604,7,104,3,111.3,3131.3,1,0,0.382,4,71.34,70.34,66.09,0.6753
SUB005096,0.533,5,87,5,79.5,5795.9,0,0,0.102,3,94.02,78.05,53.29,0.2741
SUB005097,0.575,5,85,3,199.6,7402.7,0,0,0.123,3,55.72,69.75,55.7,0.3388
SUB005098,0.705,6,89,3,106.7,2239.2,0,1,0.083,3,12.62,66.65,62.78,0.5631
SUB005099,0.715,5,138,4,25.2,1765.4,1,1,0.285,3,18.27,93.5,66.17,0.6774
SUB005100,0.788,15,86,3,190.5,4708.4,0,1,0.197,1,20.62,88.32,80.47,0.9693
SUB005101,0.443,16,80,5,125.6,5370.2,0,1,0.272,4,29.13,63.51,45.72,0.1237
SUB005102,0.693,5,85,3,144.5,4479.3,2,3,0.167,1,11.31,70.53,41.83,0.0787
SUB005103,0.349,8,65,2,195.4,1136.3,0,1,0.375,3,15.51,77.1,47.44,0.1494
SUB005104,0.568,15,86,3,186.4,1899.8,0,2,0.276,2,17.52,49.09,54.83,0.3132
SUB005105,0.619,12,159,5,209.3,4032.9,2,2,0.426,6,11.65,80.3,43.52,0.0968
SUB005106,0.566,8,214,14,66.1,5693.6,1,0,0.587,2,30.8,45.4,45.82,0.1248
SUB005107,0.852,7,95,5,212.9,3943.2,0,4,0.35,2,4.84,81.39,77.27,0.9397
SUB005108,0.603,5,163,10,117.2,5135.1,0,1,0.255,4,8.28,61.92,64.71,0.6312
SUB005109,0.797,18,191,8,88.4,5232.9,1,1,0.306,2,17.31,52.53,58.05,0.4083
SUB005110,0.412,10,156,8,5.0,,0,2,0.33,1,6.89,72.45,55.08,0.3196
SUB005111,0.714,9,55,3,128.5,2533.8,1,2,0.46,5,29.58,70.81,57.24,0.3804
SUB005112,0.701,6,95,4,90.8,4607.2,0,0,0.42,2,26.89,40.23,57.34,0.3835
SUB005113,0.501,9,175,6,100.8,7033.1,1,1,0.202,2,23.14,40.5,50.96,0.2192
SUB005114,0.909,15,141,5,185.1,,0,2,0.558,6,18.73,65.22,72.26,0.8488
SUB005115,0.672,4,152,4,235.2,3819.7,0,2,0.262,4,22.19,39.81,71.73,0.837
SUB005116,0.687,6,110,4,83.9,4679.4,1,3,0.293,3,35.93,60.24,43.9,0.1013
SUB005117,0.708,5,123,5,140.5,3029.2,0,2,0.38,3,5.34,80.46,67.33,0.7103
SUB005118,0.74,16,99,6,133.9,2748.5,1,0,0.312,5,32.91,74.7,50.4,0.2075
SUB005119,0.484,4,162,5,72.8,4289.3,0,0,0.631,3,7.66,59.86,61.7,0.5231
SUB005120,0.513,10,99,3,89.0,4128.9,0,1,0.105,5,1.82,61.74,57.01,0.3726
SUB005121,0.807,5,116,6,233.5,,0,2,0.354,3,31.63,75.03,64.44,0.6204
SUB005122,0.654,10,89,4,150.8,3099.9,0,2,,3,43.51,58.38,70.82,0.8109
SUB005123,0.989,5,81,4,123.6,4450.7,0,1,0.671,4,9.95,41.58,71.07,0.8182
SUB005124,0.951,7,167,7,99.9,6686.5,0,2,0.149,4,4.57,57.97,76.91,0.9356
SUB005125,0.723,18,160,10,178.0,6562.2,0,2,0.08,2,10.37,74.23,59.11,0.4413
SUB005126,0.765,11,85,2,114.7,4259.7,0,3,0.08,3,79.08,47.36,64.6,0.6272
SUB005127,0.93,9,124,5,262.8,4903.4,1,3,0.229,3,1.55,82.56,73.85,0.8829
SUB005128,0.817,11,160,4,168.1,3442.1,0,3,0.179,2,39.28,57.04,67.74,0.7222
SUB005129,0.724,18,229,11,182.4,5578.3,0,1,0.33,4,8.19,98.27,63.57,0.5909
SUB005130,0.588,10,128,5,157.0,6935.5,0,0,,2,17.05,61.28,52.93,0.2649
SUB005131,0.864,14,157,4,240.5,6734.0,0,1,0.179,4,3.7,86.81,65.48,0.655
SUB005132,0.355,14,156,8,160.7,4746.6,0,1,0.261,1,31.93,68.19,40.73,0.07
SUB005133,0.715,14,148,4,133.4,5258.9,0,0,0.047,2,6.05,45.7,67.09,0.7042
SUB005134,0.959,24,59,3,201.7,3191.7,0,1,0.435,4,48.49,71.32,71.49,0.8297
SUB005135,0.64,12,122,4,203.5,3215.4,0,0,0.429,5,4.91,47.4,62.65,0.5577
SUB005136,0.937,14,100,3,233.0,3953.6,0,0,0.423,4,40.76,45.04,60.57,0.4901
SUB005137,0.913,7,80,4,153.9,4806.1,1,4,0.454,3,26.31,79.83,59.31,0.4487
SUB005138,0.658,9,76,5,160.8,5462.9,0,1,0.366,3,19.49,73.47,64.29,0.6142
SUB005139,0.724,9,89,4,206.6,4326.1,0,0,0.165,1,8.96,57.85,61.31,0.5107
SUB005140,0.511,6,173,8,5.0,5525.2,0,3,0.097,2,21.76,65.84,46.97,0.1417
SUB005141,0.743,6,75,3,143.3,547.3,0,1,0.337,2,15.96,63.02,71.41,0.8274
SUB005142,0.94,9,149,4,111.9,5000.7,0,0,0.27,3,20.33,58.46,78.04,0.9481
SUB005143,0.826,10,188,12,153.5,4009.7,0,2,0.215,4,4.44,58.98,58.63,0.4261
SUB005144,0.709,18,89,3,195.3,2568.7,0,1,0.263,4,32.78,65.54,54.76,0.31
SUB005145,0.729,6,182,5,212.7,5591.0,0,5,0.474,3,4.79,63.65,63.44,0.5865
SUB005146,0.491,6,163,5,54.9,6985.7,1,1,0.217,3,25.41,63.59,41.94,0.0801
SUB005147,0.814,5,99,3,91.8,4474.4,0,1,0.455,2,14.69,71.12,67.41,0.7129
SUB005148,0.784,13,118,3,105.6,5909.7,0,2,0.093,3,12.23,85.57,70.54,0.8029
SUB005149,0.844,20,84,5,143.6,3793.4,0,1,0.377,1,17.27,87.78,52.67,0.2572
SUB005150,0.573,9,108,6,64.8,7619.3,1,1,0.509,5,32.98,78.93,51.82,0.2366
SUB005151,0.494,10,275,8,278.2,3010.7,1,2,0.136,2,15.88,76.29,26.15,0.0113
SUB005152,0.599,9,115,6,199.2,4423.7,2,3,0.116,3,51.19,60.72,35.9,0.041
SUB005153,0.588,12,92,4,109.5,5587.2,1,2,0.198,4,11.63,53.33,52.45,0.2514
SUB005154,0.358,5,59,2,135.9,4248.7,1,0,0.518,3,35.62,65.62,31.42,0.024
SUB005155,0.658,11,128,5,126.9,6704.6,0,0,0.206,1,18.81,71.74,56.51,0.3588
SUB005156,0.559,9,79,3,156.4,1285.4,0,3,0.376,3,32.89,59.02,48.72,0.1733
SUB005157,0.934,13,70,3,112.9,4183.2,1,1,0.294,6,9.82,44.67,75.22,0.9065
SUB005158,0.511,13,127,6,67.6,4261.0,1,0,0.254,4,4.93,85.9,52.73,0.2592
SUB005159,0.731,10,83,5,115.7,4249.5,0,1,0.504,1,8.34,65.63,67.03,0.7025
SUB005160,0.867,8,151,4,226.9,2380.6,0,1,0.4,3,10.1,84.69,64.74,0.6322
SUB005161,0.629,6,57,3,48.9,3848.0,1,2,0.282,3,5.77,65.93,40.97,0.0722
SUB005162,0.499,13,137,5,224.8,4178.7,1,1,0.134,1,18.72,82.64,32.92,0.0292
SUB005163,0.856,9,200,12,180.6,5364.8,0,3,0.05,4,18.31,74.82,64.94,0.6392
SUB005164,0.818,9,132,7,123.0,6307.4,0,0,0.345,4,25.16,84.31,88.48,0.9973
SUB005165,0.55,7,154,9,186.0,4937.2,0,2,0.727,2,31.86,78.46,54.24,0.2953
SUB005166,0.447,17,87,5,183.5,5061.7,0,0,0.523,5,52.46,65.7,45.83,0.125
SUB005167,0.52,17,157,5,42.8,6671.3,2,1,0.23,4,7.05,67.91,34.63,0.0358
SUB005168,0.671,8,131,8,119.7,6438.8,0,1,0.187,4,10.87,93.77,56.46,0.3571
SUB005169,0.811,6,119,5,115.5,1018.4,0,2,0.197,2,38.03,63.8,78.11,0.9488
SUB005170,0.545,8,174,6,230.7,6066.1,0,1,0.251,5,5.16,74.64,52.28,0.2478
SUB005171,0.97,7,141,6,117.0,5891.7,0,0,,3,17.9,75.8,67.87,0.7255
SUB005172,0.744,11,81,4,140.3,4011.7,0,1,0.216,2,32.07,78.3,69.05,0.7613
SUB005173,0.591,9,98,5,77.3,3802.2,1,2,0.323,3,47.31,65.11,53.35,0.2757
SUB005174,0.635,12,189,10,152.2,3251.3,0,3,0.195,3,22.04,83.54,62.65,0.5577
SUB005175,0.715,8,77,3,72.7,1473.2,1,0,0.287,2,6.45,68.79,57.44,0.3876
SUB005176,0.647,25,77,3,260.2,5659.7,0,1,0.443,3,2.19,42.29,41.11,0.0733
SUB005177,0.287,5,151,6,109.8,5902.7,1,0,0.387,3,14.67,69.16,29.53,0.0186
SUB005178,0.601,9,97,5,75.5,4335.0,0,0,0.149,5,15.12,73.31,57.98,0.4057
SUB005179,0.554,23,202,10,262.5,6074.8,1,3,0.443,4,24.75,63.31,34.31,0.0347
SUB005180,0.78,12,142,5,77.6,6245.4,1,3,0.278,3,38.86,68.28,54.71,0.3082
SUB005181,0.614,8,100,6,159.3,1806.3,0,1,0.356,1,1.78,69.93,62.39,0.5476
SUB005182,0.543,11,131,5,63.8,5029.0,1,0,0.222,4,12.19,84.52,45.45,0.1198
SUB005183,0.588,5,87,2,152.6,4070.9,1,1,0.1,1,39.49,74.32,57.79,0.4012
SUB005184,0.502,9,214,6,211.1,5718.4,0,2,0.275,3,15.76,92.08,57.28,0.3812
SUB005185,0.829,5,121,5,96.1,4884.5,0,1,0.388,4,3.34,54.23,77.44,0.9413
SUB005186,0.566,4,103,4,61.2,5669.8,1,2,0.116,4,25.75,57.94,40.41,0.0674
SUB005187,0.553,16,92,2,99.1,2085.7,0,2,0.32,3,70.41,77.73,51.33,0.2275
SUB005188,0.868,7,80,2,137.7,6371.0,3,1,0.095,4,26.53,77.84,49.46,0.1874
SUB005189,0.722,5,84,3,250.7,3634.5,0,2,0.28,1,13.85,82.3,60.15,0.4773
SUB005190,0.752,8,89,3,208.1,4243.6,0,1,0.224,3,69.8,63.19,75.49,0.9112
SUB005191,0.802,12,65,2,226.2,1685.7,0,0,0.172,7,19.93,55.78,73.73,0.8813
SUB005192,0.317,5,100,5,70.8,4344.7,0,2,0.411,3,7.36,63.33,43.47,0.096
SUB005193,0.912,7,106,4,206.8,4502.7,0,3,0.336,5,59.9,33.28,79.81,0.9642
SUB005194,0.902,13,132,6,218.2,4540.3,0,2,0.274,4,5.94,81.57,79.3,0.9602
SUB005195,0.864,9,85,3,165.3,3321.1,0,1,0.181,5,10.18,59.33,67.22,0.7078
SUB005196,0.72,16,83,5,130.1,2585.6,1,2,0.424,3,1.78,55.24,44.61,0.1092
SUB005197,0.638,13,110,3,217.3,5512.0,2,2,0.231,3,43.91,69.99,30.61,0.0217
SUB005198,0.85,11,104,5,112.3,1914.3,0,2,0.472,1,14.51,87.91,66.26,0.6808
SUB005199,0.777,13,128,4,198.4,5846.9,0,1,0.252,4,16.72,77.09,75.41,0.9096
SUB005200,0.668,5,58,2,112.2,6831.8,0,2,0.213,3,42.59,63.75,58.36,0.4186
SUB005201,0.843,9,131,6,87.9,7980.2,1,2,0.067,2,32.7,77.2,66.69,0.6924
SUB005202,0.668,21,110,5,158.7,2924.7,1,2,0.165,5,14.85,74.76,47.23,0.1458
SUB005203,0.689,7,49,2,259.1,5131.3,0,2,0.213,3,18.02,92.24,61.18,0.5077
SUB005204,0.94,9,100,3,77.0,3656.2,2,3,0.353,3,7.5,84.27,60.04,0.472
SUB005205,0.796,7,147,7,200.5,6571.8,0,2,0.499,4,37.9,63.27,71.49,0.8297
SUB005206,0.552,7,115,3,191.4,5164.6,0,2,,3,21.21,68.64,65.15,0.6455
SUB005207,0.506,13,104,3,147.9,4081.6,1,3,0.238,4,1.68,71.18,44.38,0.1067
SUB005208,0.862,21,86,5,149.9,3064.4,0,0,0.141,3,13.84,39.49,52.79,0.2608
SUB005209,0.539,17,58,2,96.1,3735.7,0,0,0.154,2,12.05,22.37,36.12,0.0417
SUB005210,0.884,4,112,5,209.3,3548.5,0,1,0.403,2,5.66,70.05,75.81,0.9182
SUB005211,0.657,9,160,7,75.6,4763.5,0,0,0.327,3,57.65,79.69,61.04,0.5038
SUB005212,0.387,8,189,5,5.0,4985.8,0,2,0.524,2,1.81,100.0,40.35,0.0664
SUB005213,0.784,5,76,3,153.5,3548.2,0,3,0.187,3,18.27,65.94,71.13,0.8207
SUB005214,0.748,14,116,7,81.0,3613.8,1,6,0.495,3,43.23,64.19,50.41,0.2079
SUB005215,0.696,8,118,5,137.4,5531.1,2,2,0.274,3,0.27,86.06,53.94,0.2885
SUB005216,0.865,6,95,3,57.4,5525.7,0,0,0.161,3,42.14,52.25,77.53,0.942
SUB005217,0.321,11,161,6,118.1,3585.8,0,3,0.31,2,15.97,96.24,32.92,0.0292
SUB005218,0.803,5,120,7,139.2,4518.2,1,1,,6,43.2,54.38,58.63,0.4261
SUB005219,0.809,15,68,4,,3043.7,2,1,0.308,2,4.51,74.47,50.13,0.2013
SUB005220,0.752,16,105,3,248.3,8436.8,1,1,0.131,3,5.21,69.58,59.14,0.4422
SUB005221,0.743,12,151,10,156.1,3344.1,1,0,0.164,3,11.76,48.18,66.53,0.6872
SUB005222,0.656,11,71,3,159.4,4735.0,1,1,0.183,3,5.74,61.9,54.87,0.3148
SUB005223,0.528,9,110,3,132.6,5217.6,2,0,0.109,6,120.23,53.16,41.55,0.0767
SUB005224,0.503,10,113,4,205.4,3567.0,0,2,0.084,4,8.45,60.81,46.92,0.1407
SUB005225,0.865,8,120,6,76.1,3309.5,0,1,0.185,1,1.01,84.63,75.82,0.9187
SUB005226,0.625,4,143,7,105.7,4295.8,0,4,0.327,2,5.58,40.18,48.64,0.1719
SUB005227,0.517,12,90,4,155.9,3152.4,0,1,0.373,6,1.41,37.58,39.89,0.0632
SUB005228,0.389,17,202,6,116.6,5292.6,0,1,0.241,7,22.53,66.57,44.17,0.1042
SUB005229,0.549,7,126,7,,3355.4,0,2,0.37,7,0.8,48.77,55.23,0.3251
SUB005230,0.573,13,227,7,178.1,5354.9,0,5,0.504,3,16.09,79.25,58.58,0.4237
SUB005231,0.633,9,95,6,73.5,1378.4,0,2,0.292,2,12.99,67.58,61.73,0.5242
SUB005232,0.856,7,135,7,165.5,3464.6,0,2,0.4,3,14.49,81.59,65.26,0.6491
SUB005233,0.419,3,36,1,207.6,3549.9,2,0,0.475,6,0.91,41.01,22.21,0.0062
SUB005234,0.954,12,209,6,112.8,6546.0,0,2,0.428,1,11.38,70.88,83.68,0.9858
SUB005235,0.705,11,128,4,,1868.4,1,2,0.149,3,17.87,100.0,50.17,0.2021
SUB005236,0.855,6,95,4,153.4,5998.0,0,5,0.068,3,13.45,78.18,63.75,0.597
SUB005237,0.732,8,63,3,156.1,5304.6,1,2,0.554,4,2.01,77.43,54.63,0.3063
SUB005238,0.886,9,129,8,218.9,1966.7,1,1,0.237,3,13.1,82.97,75.83,0.9191
SUB005239,0.835,11,91,6,,5262.1,1,0,0.136,5,15.76,60.18,55.09,0.3199
SUB005240,0.634,14,158,6,185.4,3394.9,0,0,0.381,4,2.71,61.01,62.97,0.5702
SUB005241,0.697,8,200,7,149.5,5856.8,0,1,0.44,1,9.83,49.55,58.36,0.4186
SUB005242,0.939,4,121,3,26.8,5550.8,0,1,0.086,2,42.92,70.92,78.32,0.9507
SUB005243,0.747,9,150,4,171.7,5939.7,0,2,0.375,2,55.12,100.0,70.71,0.8072
SUB005244,0.739,7,101,3,156.1,3647.8,1,1,0.348,2,68.22,77.7,62.57,0.5552
SUB005245,0.722,6,46,1,,5253.2,1,0,0.242,2,24.01,44.58,66.91,0.6982
SUB005246,0.494,13,132,7,6.0,6969.9,0,1,0.298,3,59.72,58.25,62.82,0.5646
SUB005247,0.631,6,145,4,175.3,4288.1,0,0,0.425,2,3.26,78.6,40.41,0.0674
SUB005248,0.954,5,101,5,83.4,4258.6,2,1,0.125,3,9.96,72.22,62.97,0.5702
SUB005249,0.631,7,60,2,73.4,5365.6,1,1,0.249,3,14.37,65.19,49.87,0.196
SUB005250,0.798,9,91,6,73.7,500.0,0,1,0.377,4,0.49,56.75,74.58,0.8962
SUB005251,0.954,9,130,5,29.5,3177.7,1,0,0.419,4,26.54,50.84,79.19,0.9592
SUB005252,0.541,15,100,3,192.7,6010.7,0,2,0.312,4,14.01,46.82,40.22,0.0653
SUB005253,0.847,7,105,5,282.4,4755.6,1,3,0.52,3,0.01,90.47,66.22,0.6797
SUB005254,0.757,12,188,5,121.2,4616.8,0,2,0.119,2,27.5,71.87,59.57,0.4563
SUB005255,0.687,7,127,3,190.3,3222.6,0,3,0.141,1,11.22,83.64,62.85,0.5658
SUB005256,0.65,4,221,8,126.4,5144.9,1,3,0.195,3,0.07,70.67,58.22,0.4144
SUB005257,0.59,15,67,3,181.5,3538.7,0,1,0.461,6,2.68,71.15,49.17,0.1816
SUB005258,0.539,4,61,2,128.0,1684.7,1,1,0.515,3,0.25,65.62,50.83,0.216
SUB005259,0.553,10,141,6,196.9,6658.9,1,1,0.215,4,1.97,62.18,42.06,0.0816
SUB005260,0.511,5,166,9,62.5,,0,0,0.277,2,19.51,49.25,43.66,0.099
SUB005261,0.687,11,138,6,159.0,4282.3,0,0,0.279,3,20.54,57.33,70.51,0.8023
SUB005262,0.406,5,242,9,203.1,2535.3,1,1,0.221,5,19.44,43.18,37.24,0.047
SUB005263,0.734,4,191,9,174.1,4152.3,1,2,0.625,3,15.8,50.53,54.37,0.2994
SUB005264,0.834,8,171,7,163.6,6363.9,1,2,0.158,4,1.84,68.48,68.68,0.749
SUB005265,0.723,3,85,3,134.9,5821.4,0,3,0.412,2,11.77,61.26,55.68,0.3382
SUB005266,0.582,8,82,2,122.3,4447.9,1,0,0.195,3,11.45,66.82,56.16,0.3487
SUB005267,0.976,12,174,5,134.8,3932.8,0,3,0.235,9,39.73,86.11,68.24,0.7383
SUB005268,0.883,21,105,3,89.8,4563.7,0,2,0.238,4,26.26,78.62,63.99,0.6048
SUB005269,0.576,10,156,8,180.2,5538.5,1,0,0.408,1,9.36,71.54,52.64,0.2558
SUB005270,0.668,9,105,3,228.9,2279.5,1,1,0.536,3,89.0,48.51,42.59,0.0868
SUB005271,0.465,15,57,2,182.6,4660.9,0,3,0.425,2,27.93,51.07,43.74,0.1002
SUB005272,0.88,5,180,9,136.0,6049.7,0,0,0.125,1,2.34,58.01,71.84,0.8398
SUB005273,0.936,6,143,6,173.9,4624.6,0,4,0.475,3,24.08,56.61,66.88,0.6973
SUB005274,0.827,12,92,4,28.9,4430.8,0,0,0.767,2,10.52,37.21,71.87,0.8407
SUB005275,0.719,7,48,2,110.6,3150.4,0,1,0.426,2,6.89,90.86,73.44,0.8748
SUB005276,0.432,8,217,6,,5530.8,0,1,0.372,2,10.09,71.5,49.21,0.1821
SUB005277,0.912,9,155,6,44.6,,1,1,0.267,4,7.73,77.02,65.93,0.6698
SUB005278,0.81,5,146,9,,6839.5,0,0,0.064,1,0.44,62.43,60.17,0.478
SUB005279,0.706,4,159,5,21.0,,1,0,0.146,4,3.92,72.34,52.84,0.2621
SUB005280,0.391,6,70,2,179.5,3788.2,0,0,0.141,1,0.47,66.4,45.6,0.1226
SUB005281,0.426,7,191,7,154.6,7003.3,0,0,0.275,2,47.43,83.24,48.48,0.1688
SUB005282,0.907,11,24,1,141.5,5012.5,1,4,0.191,7,55.22,78.88,57.17,0.3784
SUB005283,0.784,9,84,2,192.7,5282.3,0,0,0.364,4,9.58,64.06,65.41,0.6533
SUB005284,0.666,12,90,6,164.8,1737.6,0,2,0.111,3,4.2,46.71,51.93,0.2385
SUB005285,0.692,9,88,3,175.5,5812.2,0,0,0.364,2,26.57,49.87,72.9,0.865
SUB005286,0.712,13,109,3,176.0,4124.3,0,1,0.462,3,18.28,60.24,72.71,0.8607
SUB005287,0.629,8,151,4,,5105.2,1,2,0.186,3,21.13,69.41,51.38,0.2287
SUB005288,0.496,3,70,3,223.1,3291.8,0,2,0.246,4,1.38,50.11,51.93,0.2385
SUB005289,0.714,7,62,2,215.7,6784.4,0,1,0.143,3,9.01,63.53,71.55,0.8306
SUB005290,0.797,9,163,8,172.7,3352.6,0,0,0.233,4,3.1,82.79,75.73,0.9162
SUB005291,0.413,12,99,3,,7423.8,0,1,0.418,6,24.29,80.91,43.67,0.0994
SUB005292,0.354,7,87,3,186.0,4478.0,0,2,0.079,4,3.89,62.52,42.59,0.0868
SUB005293,0.869,10,201,13,225.6,4754.0,0,0,,3,59.88,67.76,71.16,0.8218
SUB005294,0.722,7,157,9,255.2,3460.4,1,0,0.108,6,9.81,85.88,63.4,0.5853
SUB005295,0.668,6,84,3,105.5,3635.9,2,1,0.625,4,2.4,88.91,39.74,0.0625
SUB005296,0.827,12,44,2,218.7,3915.0,0,2,0.448,5,7.48,72.65,53.6,0.2809
SUB005297,0.817,10,122,5,144.8,4812.2,1,2,0.423,6,3.44,80.85,66.06,0.6745
SUB005298,0.587,24,85,3,,5234.2,1,1,0.146,4,3.21,81.42,40.79,0.0704
SUB005299,0.575,7,155,5,191.3,4462.1,1,2,0.281,3,6.05,64.56,52.21,0.2454
SUB005300,0.802,16,159,4,256.0,5603.0,0,1,0.339,3,13.75,59.22,60.29,0.4825
SUB005301,0.833,4,108,3,190.4,6314.2,1,4,0.069,4,26.81,81.07,50.06,0.1998
SUB005302,0.756,16,92,2,,6048.1,2,1,0.178,3,3.89,88.34,47.74,0.1552
SUB005303,0.551,9,110,4,170.3,5490.0,2,2,0.1,4,37.25,58.9,28.64,0.0165
SUB005304,0.406,7,103,6,182.9,5265.5,1,1,0.333,2,23.23,57.54,26.32,0.0118
SUB005305,0.827,11,135,4,187.4,3084.6,0,3,0.028,2,13.27,60.2,69.91,0.7857
SUB005306,0.704,11,112,3,226.8,4873.4,0,1,0.579,5,8.57,41.05,62.33,0.5452
SUB005307,0.777,15,136,4,221.6,3052.9,1,2,0.457,2,3.35,42.55,54.73,0.3088
SUB005308,0.378,6,106,3,103.3,6055.5,0,1,0.142,2,8.23,45.7,37.02,0.0463
SUB005309,0.709,4,85,2,133.6,4857.9,1,0,0.648,2,6.46,64.67,59.26,0.4462
SUB005310,0.577,11,120,5,122.7,6294.5,0,1,0.335,4,15.54,59.6,57.54,0.3916
SUB005311,0.926,10,90,3,159.7,6212.9,1,1,0.16,3,36.3,58.14,70.9,0.8129
SUB005312,0.618,14,182,9,49.9,5571.7,1,1,0.192,4,3.08,64.2,41.84,0.0788
SUB005313,0.707,7,132,4,256.7,3645.5,0,1,0.097,2,1.45,88.23,63.69,0.5947
SUB005314,0.886,6,87,4,91.2,1071.2,0,2,0.126,1,7.07,71.34,82.12,0.9785
SUB005315,0.395,10,135,6,119.2,5489.2,1,1,0.36,5,89.24,66.43,27.78,0.0148
SUB005316,0.519,9,135,6,152.0,4422.9,2,1,0.246,4,10.63,76.02,43.45,0.0957
SUB005317,0.94,11,125,5,70.3,5825.5,2,1,0.215,2,9.57,56.27,61.59,0.5193
SUB005318,0.678,6,91,3,117.9,5502.4,0,3,0.593,1,4.12,67.22,62.45,0.5504
SUB005319,0.871,15,156,4,175.1,5677.6,0,1,0.142,2,13.85,55.14,72.93,0.8657
SUB005320,0.637,10,157,4,248.9,5155.7,0,0,0.428,5,32.07,39.76,62.59,0.556
SUB005321,0.574,14,83,4,170.5,1926.9,0,1,0.324,4,1.15,63.57,57.9,0.4041
SUB005322,0.611,8,72,3,119.7,6255.7,0,3,0.317,4,2.65,66.56,49.34,0.1851
SUB005323,0.668,6,95,4,70.5,2589.5,2,1,0.24,5,50.76,60.56,44.86,0.1118
SUB005324,0.65,11,141,6,281.3,3734.1,1,2,0.091,4,23.55,84.67,57.47,0.3891
SUB005325,0.833,12,94,3,160.6,3974.3,1,3,0.156,2,34.66,68.64,55.15,0.322
SUB005326,0.415,4,135,4,136.9,4702.5,0,1,0.247,1,51.98,76.54,49.66,0.1918
SUB005327,0.386,20,156,9,97.7,4301.3,1,2,0.502,3,42.48,48.02,30.65,0.0218
SUB005328,0.585,6,66,2,169.5,3496.3,0,3,0.203,4,1.44,85.12,58.54,0.4224
SUB005329,0.665,10,153,4,114.7,5968.9,0,0,0.387,4,6.02,74.5,60.55,0.4892
SUB005330,0.983,12,108,7,244.3,2542.6,0,2,0.124,4,28.72,92.15,75.54,0.9128
SUB005331,0.865,9,224,6,174.9,4498.4,0,3,0.113,4,6.43,84.94,70.34,0.7976
SUB005332,0.97,9,107,5,154.5,,1,0,0.227,1,67.82,39.43,66.72,0.6932
SUB005333,0.711,9,89,4,67.6,2898.6,1,2,0.092,5,13.17,50.43,47.99,0.1593
SUB005334,0.958,3,130,5,123.1,2305.3,0,0,0.373,3,14.72,51.71,75.88,0.9198
SUB005335,0.954,10,133,7,137.2,5766.0,0,2,0.182,4,3.77,70.22,82.11,0.9782
SUB005336,0.799,7,243,14,148.4,5495.2,1,1,0.28,3,5.85,82.58,55.66,0.3378
SUB005337,0.456,14,100,5,43.8,3286.7,0,2,0.457,5,7.93,64.15,49.51,0.1882
SUB005338,0.354,13,106,7,104.4,500.0,0,1,0.219,2,14.66,72.46,45.15,0.1162
SUB005339,0.799,5,94,3,105.2,2181.3,0,2,0.52,5,6.64,54.01,78.9,0.9561
SUB005340,0.645,4,122,7,162.0,2961.5,0,5,0.336,3,9.03,57.76,67.62,0.7195
SUB005341,0.732,20,106,6,64.2,3989.2,0,2,0.114,2,63.38,74.25,49.48,0.1879
SUB005342,0.537,3,107,4,211.9,5671.7,0,2,0.202,2,14.79,81.82,56.92,0.3707
SUB005343,0.942,7,197,7,215.5,2827.0,1,2,0.104,1,1.57,75.85,64.63,0.6287
SUB005344,0.764,5,93,3,75.3,2438.9,0,0,0.425,6,68.01,57.74,71.13,0.8207
SUB005345,0.605,15,130,5,313.1,2136.1,0,3,0.375,1,26.99,56.65,46.59,0.1368
SUB005346,0.7,8,192,5,158.3,4964.2,1,0,0.075,3,19.37,58.0,58.27,0.4166
SUB005347,0.71,6,101,6,131.5,1251.2,0,3,0.18,5,38.83,70.42,70.56,0.8039
SUB005348,0.688,9,107,3,182.6,1887.2,1,3,0.27,3,2.79,92.47,48.47,0.1685
SUB005349,0.934,20,110,4,205.1,5257.1,1,2,0.189,1,27.71,65.2,66.22,0.6797
SUB005350,0.617,11,74,2,160.0,6656.0,1,1,0.186,4,14.95,69.16,55.36,0.3299
SUB005351,0.831,11,104,5,87.9,4615.6,1,2,0.328,1,80.53,83.2,72.67,0.8591
SUB005352,0.498,4,73,2,105.8,3894.0,0,2,0.189,5,4.71,76.4,51.24,0.2252
SUB005353,0.488,15,220,6,186.4,8367.0,0,0,0.527,2,10.14,78.08,54.62,0.3059
SUB005354,0.834,6,97,5,188.0,3702.6,1,1,0.438,2,11.76,68.16,71.47,0.8292
SUB005355,0.966,11,157,6,239.4,4007.6,0,2,0.582,7,0.48,74.04,91.23,0.999
SUB005356,0.867,6,121,6,110.6,3800.4,1,1,0.313,3,1.11,70.75,67.08,0.7036
SUB005357,0.879,9,83,4,151.8,6666.0,0,4,0.273,2,2.54,45.59,70.42,0.8005
SUB005358,0.808,9,103,4,107.4,5323.4,0,0,0.595,2,4.7,53.02,74.75,0.8999
SUB005359,0.554,27,91,3,266.6,5247.6,0,1,0.533,3,6.39,61.71,36.86,0.0453
SUB005360,0.73,7,86,3,122.3,4919.8,0,1,0.168,3,10.33,57.52,59.08,0.4406
SUB005361,0.732,10,93,4,114.7,3780.0,0,2,0.164,2,34.79,57.52,56.21,0.3511
SUB005362,0.906,8,128,6,147.7,4155.2,0,1,0.356,3,23.74,98.32,80.53,0.9701
SUB005363,0.607,5,133,7,34.6,3218.1,0,1,0.419,2,19.15,72.76,58.6,0.4245
SUB005364,0.865,11,131,6,185.5,4060.8,0,1,0.469,5,4.27,86.03,72.79,0.8628
SUB005365,0.72,13,128,5,140.4,5063.9,0,0,0.322,1,6.7,34.14,66.65,0.6916
SUB005366,0.347,5,132,7,301.1,4366.8,0,1,0.183,5,8.24,94.05,38.55,0.0567
SUB005367,0.694,8,92,3,106.9,5673.9,0,0,0.199,3,7.25,51.62,62.03,0.5331
SUB005368,0.574,9,141,4,131.0,5098.8,0,1,0.253,1,25.13,91.9,62.56,0.555
SUB005369,0.799,13,84,2,220.0,4704.7,0,1,0.435,4,3.11,59.2,69.67,0.78
SUB005370,0.739,13,95,4,205.9,3173.2,2,0,0.451,2,8.73,51.01,60.11,0.4752
SUB005371,0.835,4,58,3,,2450.3,0,2,0.324,3,8.16,76.85,59.95,0.4688
SUB005372,0.622,20,81,5,163.2,2715.6,0,2,0.158,3,14.03,47.6,49.67,0.1923
SUB005373,0.488,11,132,6,84.2,6291.8,0,3,0.11,2,1.14,64.57,47.6,0.1525
SUB005374,0.817,9,137,4,307.1,2094.3,1,1,0.069,2,0.46,45.28,63.35,0.5828
SUB005375,0.923,13,169,6,190.0,5129.8,2,2,0.254,3,40.79,100.0,54.96,0.3172
SUB005376,0.943,16,82,2,181.5,4695.7,0,3,0.426,3,46.46,54.07,67.98,0.7308
SUB005377,0.913,8,85,2,192.3,3398.6,2,0,0.327,3,18.63,77.85,58.29,0.4172
SUB005378,0.359,8,75,3,65.8,4321.1,0,2,0.685,3,6.71,72.26,44.97,0.1133
SUB005379,0.788,5,133,5,107.6,4921.9,0,2,0.388,3,17.65,76.88,80.52,0.9698
SUB005380,0.862,8,79,4,81.4,2662.3,0,2,0.322,1,9.68,61.46,69.21,0.7654
SUB005381,0.653,12,167,5,166.0,3650.8,0,1,0.197,3,2.96,73.42,54.32,0.2978
SUB005382,0.932,8,93,3,61.3,4263.9,0,3,0.316,3,10.67,98.97,67.48,0.715
SUB005383,0.823,8,111,7,184.4,4400.1,0,3,0.239,6,13.44,66.98,61.22,0.5084
SUB005384,0.639,18,120,3,245.0,,0,1,0.55,4,4.47,59.21,55.36,0.3299
SUB005385,0.908,10,167,5,218.8,,0,2,0.178,4,9.14,54.7,75.42,0.9098
SUB005386,0.795,10,197,5,176.4,5046.7,0,1,0.181,3,4.67,71.35,70.77,0.8091
SUB005387,0.638,12,126,6,167.5,6003.7,0,2,,3,17.2,62.0,63.86,0.5995
SUB005388,0.795,14,143,4,136.9,4557.2,0,1,0.033,5,26.93,60.07,69.86,0.7841
SUB005389,0.761,9,81,3,,3674.6,0,1,0.492,4,9.31,68.22,72.78,0.8622
SUB005390,0.809,6,190,11,131.4,5975.6,0,1,,2,46.5,55.99,76.18,0.9246
SUB005391,0.915,11,146,7,40.8,6275.1,0,2,0.371,5,13.64,67.57,89.74,0.9982
SUB005392,0.741,15,265,13,128.0,3122.0,0,0,0.268,3,11.47,54.58,66.59,0.6898
SUB005393,0.774,11,114,6,200.5,3656.3,1,1,0.141,5,10.4,84.2,60.5,0.4872
SUB005394,0.78,13,85,3,91.5,1124.3,1,1,0.264,3,8.24,48.23,59.77,0.4646
SUB005395,0.718,8,100,3,75.3,2927.3,0,0,0.484,3,16.96,58.67,64.73,0.6318
SUB005396,0.772,6,166,4,126.0,6925.4,0,3,0.281,7,6.62,94.67,59.44,0.4528
SUB005397,0.823,10,191,9,19.9,3210.9,1,2,0.371,6,5.43,58.56,53.21,0.2714
SUB005398,0.422,7,220,7,184.8,5663.7,0,1,0.357,2,7.63,59.29,64.48,0.6219
SUB005399,0.828,17,87,5,209.5,4914.6,0,4,0.36,5,34.64,64.16,57.4,0.3862
SUB005400,0.616,11,68,3,209.8,3328.2,2,1,0.189,1,31.12,79.76,51.41,0.2293
SUB005401,0.932,7,109,3,154.3,3727.2,0,3,0.206,3,35.91,43.92,72.28,0.8494
SUB005402,0.959,5,81,2,83.8,6357.0,2,0,0.211,4,29.71,73.76,65.86,0.6681
SUB005403,0.911,14,157,4,88.2,6063.6,0,4,0.346,1,5.61,44.86,70.77,0.8091
SUB005404,0.871,6,106,4,171.1,7749.2,2,1,0.612,4,6.5,92.49,65.87,0.6687
SUB005405,0.527,9,102,3,189.9,540.9,0,3,0.258,5,88.77,60.53,38.2,0.0542
SUB005406,0.699,10,102,4,83.0,5174.3,0,1,0.58,5,23.69,24.79,64.79,0.634
SUB005407,0.581,6,99,3,63.0,781.1,2,2,,4,22.06,91.9,46.93,0.1408
SUB005408,0.537,8,68,4,142.9,4140.6,0,1,0.144,5,4.4,82.86,57.26,0.381
SUB005409,0.977,15,83,5,173.2,3939.8,0,2,0.477,3,1.72,56.86,70.6,0.8047
SUB005410,0.839,5,145,4,191.1,2861.5,0,2,0.029,5,3.56,51.18,69.56,0.7771
SUB005411,0.516,14,77,3,201.7,3332.5,1,1,0.231,3,12.91,51.06,38.76,0.0577
SUB005412,0.541,10,143,4,,4120.1,1,1,0.48,4,35.12,52.93,31.96,0.0255
SUB005413,0.786,7,119,8,203.1,5104.7,0,2,0.147,4,2.39,74.82,54.83,0.3132
SUB005414,0.83,4,166,5,111.0,2963.9,2,1,0.129,1,14.46,79.32,47.45,0.1497
SUB005415,0.936,9,114,3,128.5,3317.0,0,3,0.187,4,19.26,33.45,80.56,0.9704
SUB005416,0.646,7,85,6,191.9,5057.5,0,2,0.237,3,52.23,63.9,59.27,0.4466
SUB005417,0.817,9,84,3,204.5,5351.6,1,0,0.38,2,114.6,71.56,55.96,0.3441
SUB005418,0.855,12,61,2,215.0,8102.4,0,2,0.134,4,45.86,49.56,72.87,0.8645
SUB005419,0.577,4,87,6,121.2,4538.8,0,2,0.181,2,1.19,80.85,60.62,0.4912
SUB005420,0.775,10,105,5,154.3,5326.4,0,0,0.365,4,18.93,35.95,71.64,0.8338
SUB005421,0.69,19,173,8,125.0,4379.9,0,2,0.133,2,11.19,58.43,53.71,0.2829
SUB005422,0.843,7,145,8,195.0,,0,1,0.331,1,29.8,79.73,74.72,0.8991
SUB005423,0.912,11,101,6,117.5,2957.2,0,2,0.694,4,17.97,64.62,71.98,0.8436
SUB005424,0.591,3,79,4,9.2,4145.5,2,1,0.093,1,14.35,51.94,45.87,0.1255
SUB005425,0.929,4,135,7,105.5,4902.6,0,0,0.525,4,28.43,72.97,80.35,0.9678
SUB005426,0.513,7,90,2,89.7,5033.6,0,1,0.487,4,42.05,49.76,42.16,0.0822
SUB005427,0.958,16,79,5,5.6,5650.0,0,1,0.035,2,12.59,81.04,68.39,0.7421
SUB005428,0.655,7,135,7,106.6,4220.5,0,0,0.437,4,32.6,48.38,62.43,0.5496
SUB005429,0.673,11,83,2,199.9,5604.7,0,1,0.105,3,2.33,85.31,51.32,0.2272
SUB005430,0.713,7,154,5,165.8,2498.8,0,1,0.466,6,19.7,82.73,63.71,0.5952
SUB005431,0.9,5,62,2,159.7,4538.5,0,1,,6,6.68,99.1,68.86,0.7551
SUB005432,0.851,8,83,3,229.5,1434.1,0,0,0.326,4,27.77,59.82,62.07,0.535
SUB005433,0.609,12,81,3,121.3,3916.3,0,2,0.134,4,1.09,71.25,62.41,0.5483
SUB005434,0.71,14,149,4,93.3,8346.2,0,0,0.283,1,13.15,48.59,64.98,0.6403
SUB005435,0.851,9,112,3,176.6,4809.5,0,2,0.116,6,22.32,89.24,65.54,0.6567
SUB005436,0.82,11,147,7,174.4,3869.7,0,0,0.639,7,4.24,64.67,79.12,0.9582
SUB005437,0.767,9,75,3,71.0,4997.3,0,1,0.334,2,16.98,89.49,77.93,0.947
SUB005438,0.671,10,145,4,139.4,4504.1,0,2,0.042,3,17.1,84.33,52.39,0.25
SUB005439,0.468,6,140,4,170.3,2862.8,1,3,0.4,2,11.49,65.17,42.92,0.0903
SUB005440,0.734,6,83,5,154.5,1498.1,0,3,0.325,6,5.65,67.94,67.52,0.7158
SUB005441,0.479,5,85,2,178.9,4256.4,0,3,0.408,5,89.51,66.65,53.85,0.2863
SUB005442,0.838,7,86,2,100.7,3988.2,2,1,0.384,2,28.54,67.57,68.95,0.7587
SUB005443,0.592,13,204,7,73.9,4489.3,0,0,0.12,4,11.38,67.99,69.89,0.7849
SUB005444,0.885,18,109,4,119.2,5660.8,0,0,0.775,4,11.4,51.75,78.06,0.9485
SUB005445,0.492,13,72,3,210.9,6298.2,2,1,0.258,4,7.85,70.69,35.1,0.0372
SUB005446,0.947,11,84,2,215.1,5387.1,0,4,0.243,4,35.18,73.38,70.92,0.8135
SUB005447,0.908,9,248,9,136.9,4616.6,0,1,0.147,1,80.09,45.09,69.27,0.7668
SUB005448,0.755,13,119,3,249.8,4676.3,0,0,0.298,4,8.45,90.6,73.29,0.8732
SUB005449,0.435,30,105,3,200.3,6074.5,1,1,0.444,2,46.46,35.4,14.79,0.001
SUB005450,0.799,10,62,2,119.3,5527.2,0,3,0.288,2,6.6,73.47,74.94,0.9027
SUB005451,0.55,12,80,5,71.3,5164.0,0,1,0.467,1,82.67,58.51,53.32,0.2748
SUB005452,0.785,10,168,6,145.5,4013.1,0,5,,6,31.22,52.26,72.53,0.8556
SUB005453,0.631,20,120,6,243.6,6155.5,1,1,0.236,1,17.48,62.8,49.86,0.1956
SUB005454,0.835,8,81,5,220.1,6423.0,0,3,0.169,2,2.56,57.25,66.36,0.6837
SUB005455,0.599,6,241,8,202.2,6435.0,1,1,0.254,5,62.21,83.91,44.58,0.1084
SUB005456,0.446,12,119,4,186.0,9009.8,0,2,0.673,2,16.89,37.4,43.03,0.0915
SUB005457,0.587,6,264,16,233.8,6443.4,1,1,0.077,2,41.37,52.82,52.15,0.2438
SUB005458,0.684,10,75,2,91.9,6096.0,1,3,0.217,5,6.3,68.49,61.4,0.5132
SUB005459,0.697,9,68,3,218.1,5301.0,1,1,0.196,2,24.19,50.36,46.76,0.139
SUB005460,0.741,11,109,3,169.9,4350.6,1,2,,3,0.34,65.15,63.29,0.5812
SUB005461,0.881,9,62,2,159.6,2545.9,0,3,0.091,2,35.21,74.94,72.46,0.8541
SUB005462,0.748,4,96,6,46.6,3326.1,0,3,0.063,2,6.19,50.66,68.95,0.7587
SUB005463,0.779,12,137,4,176.5,3546.6,0,1,0.106,2,0.74,50.79,70.35,0.798
SUB005464,0.801,11,131,8,222.2,2841.6,0,3,0.184,1,38.07,45.92,69.11,0.7628
SUB005465,0.707,15,118,8,37.3,4160.0,0,0,0.269,3,40.47,49.19,63.43,0.5862
SUB005466,0.514,6,82,3,185.7,4414.8,0,2,0.247,2,35.86,78.07,54.77,0.3106
SUB005467,0.39,4,155,8,5.0,6562.1,0,2,0.199,3,20.54,63.92,42.97,0.0909
SUB005468,0.719,12,104,3,71.0,2712.2,1,2,0.328,3,13.6,54.65,53.27,0.2734
SUB005469,0.649,12,48,1,150.3,5577.9,0,1,0.168,5,23.55,44.51,56.92,0.3707
SUB005470,0.845,12,77,2,251.0,4787.2,1,0,0.308,2,23.26,57.53,62.33,0.5452
SUB005471,0.639,3,78,3,121.3,4954.8,0,1,0.363,1,17.12,59.9,57.99,0.406
SUB005472,0.885,21,165,7,211.2,4680.7,1,1,,3,6.33,37.68,62.84,0.5654
SUB005473,0.709,2,77,3,71.4,7522.9,1,1,0.64,5,0.18,70.86,55.6,0.3362
SUB005474,0.968,4,129,8,120.3,3465.6,0,1,0.241,2,22.95,52.85,76.58,0.9315
SUB005475,0.415,5,55,1,131.7,3437.5,2,1,0.108,2,15.73,54.06,17.0,0.0023
SUB005476,0.714,13,136,6,256.8,4856.6,0,0,0.094,1,31.09,64.33,61.18,0.5077
SUB005477,0.661,15,61,3,120.2,4898.4,0,2,0.213,2,2.09,74.33,65.03,0.6417
SUB005478,0.767,9,163,5,107.4,5152.4,0,2,0.135,5,14.37,41.04,62.79,0.5635
SUB005479,0.69,12,104,3,220.6,4445.1,0,1,,2,20.67,54.28,58.61,0.4251
SUB005480,0.962,6,147,4,123.2,5524.6,0,1,0.081,2,0.48,55.39,74.41,0.8928
SUB005481,0.819,6,102,3,144.8,5412.4,0,0,0.385,3,29.94,43.07,69.59,0.7779
SUB005482,0.79,4,87,3,158.1,4377.1,2,3,0.132,5,2.24,80.08,49.43,0.1868
SUB005483,0.536,12,60,2,117.8,7055.1,1,0,0.275,4,64.36,76.19,52.27,0.2472
SUB005484,0.443,15,53,1,41.9,4927.4,2,1,0.187,2,40.66,60.09,22.99,0.0067
SUB005485,0.817,5,86,2,199.5,4016.7,1,2,0.189,2,56.35,61.51,62.39,0.5476
SUB005486,0.967,6,110,3,145.0,6415.2,1,3,0.59,1,0.91,88.23,69.09,0.7622
SUB005487,0.826,7,69,2,64.4,1301.1,0,2,0.203,1,13.41,51.74,72.08,0.845
SUB005488,0.784,5,216,12,181.7,3392.2,0,0,0.247,6,14.59,49.93,77.31,0.9402
SUB005489,0.651,11,177,5,273.6,4579.1,0,0,0.149,3,4.17,74.49,58.61,0.4251
SUB005490,0.724,8,104,5,215.6,2753.1,0,2,0.125,2,36.82,51.09,60.89,0.4989
SUB005491,0.726,16,186,5,292.9,6135.0,1,1,0.135,3,2.79,68.78,55.53,0.3344
SUB005492,0.721,6,105,4,64.3,5678.9,0,1,0.209,2,4.46,54.73,63.73,0.5961
SUB005493,0.737,13,70,3,174.0,6796.7,0,3,0.359,2,6.82,58.66,65.76,0.665
SUB005494,0.692,4,99,3,153.3,3628.6,0,1,0.373,3,50.49,64.36,69.09,0.7622
SUB005495,0.58,7,141,6,134.0,5556.2,0,2,0.241,2,11.71,42.08,45.55,0.1214
SUB005496,0.463,10,82,5,130.3,6329.6,0,4,0.266,8,1.23,88.4,47.87,0.1573
SUB005497,0.697,11,198,6,5.0,5233.8,1,1,0.474,2,15.95,71.41,60.85,0.4975
SUB005498,0.704,17,91,4,272.5,5933.8,0,3,0.157,3,3.69,58.13,64.11,0.6086
SUB005499,0.685,10,148,4,53.0,4589.9,2,1,0.056,2,0.11,49.05,48.12,0.1617
SUB005500,0.918,10,102,3,204.2,6482.1,2,0,0.651,4,17.68,36.96,61.57,0.5187
SUB005501,0.891,6,79,3,138.7,3253.5,0,0,0.523,4,7.45,80.24,86.6,0.995
SUB005502,0.852,6,67,2,136.2,2007.7,0,0,0.514,3,7.87,66.5,83.04,0.9835
SUB005503,0.718,7,154,10,128.7,4201.7,1,1,0.412,3,16.54,32.44,64.76,0.6331
SUB005504,0.836,9,44,1,158.9,4088.2,0,1,0.585,2,64.77,73.27,82.67,0.9818
SUB005505,0.732,8,124,5,,5276.3,0,1,0.391,4,1.08,70.06,61.24,0.509
SUB005506,0.858,11,84,4,210.1,5096.5,0,2,0.429,1,18.04,94.81,68.42,0.7431
SUB005507,0.85,16,155,4,160.4,3710.9,1,1,0.601,3,32.18,100.0,70.14,0.7927
SUB005508,0.695,9,86,3,74.7,2932.2,0,1,0.026,3,2.09,72.4,60.55,0.4892
SUB005509,0.612,13,122,3,84.6,7049.7,1,0,0.487,3,8.02,91.76,49.34,0.1851
SUB005510,0.731,6,129,5,200.3,4438.4,0,2,0.203,2,4.08,75.39,62.82,0.5646
SUB005511,0.803,17,229,6,154.7,4431.4,1,0,0.382,2,14.33,69.63,67.05,0.7027
SUB005512,0.858,9,224,7,85.5,5598.4,1,3,0.206,3,24.07,53.64,48.49,0.1691
SUB005513,0.633,17,86,3,126.5,2975.3,0,5,0.145,2,6.47,78.11,53.34,0.2755
SUB005514,0.585,8,79,4,138.4,3322.7,1,2,0.509,3,20.78,69.52,42.06,0.0816
SUB005515,0.752,7,118,4,64.0,5777.8,0,1,0.29,1,27.19,65.99,65.71,0.6623
SUB005516,0.91,7,162,6,139.1,3288.3,0,3,0.133,5,19.65,76.23,69.84,0.7837
SUB005517,0.755,5,52,2,210.2,2266.2,1,2,0.422,4,10.35,62.89,56.56,0.3602
SUB005518,0.461,14,202,6,154.9,4476.6,1,0,0.183,5,64.13,45.87,33.42,0.0315
SUB005519,0.912,6,93,3,31.9,4853.6,0,0,0.335,4,4.1,52.62,85.58,0.9923
SUB005520,0.683,10,160,6,202.1,6862.1,0,0,0.317,3,5.62,63.49,61.88,0.5281
SUB005521,0.985,5,94,3,201.6,4980.8,0,1,0.218,2,7.5,65.32,79.4,0.9618
SUB005522,0.704,20,194,6,249.8,5744.2,0,1,0.544,4,14.08,73.86,59.4,0.4515
SUB005523,0.484,14,93,3,165.5,2931.0,1,2,0.289,4,61.63,64.51,34.39,0.0348
SUB005524,0.843,14,143,4,301.9,4995.2,0,1,0.32,3,55.53,77.27,68.3,0.7395
SUB005525,0.539,10,111,6,194.2,2876.1,0,0,0.352,3,14.36,75.63,50.34,0.2062
SUB005526,0.646,8,69,3,323.4,5718.1,0,2,0.314,4,36.01,80.91,57.36,0.3842
SUB005527,0.675,7,91,5,222.1,4625.3,0,3,0.068,1,11.15,34.25,66.74,0.6942
SUB005528,0.615,17,48,1,242.9,4162.3,0,4,0.458,2,23.21,73.41,58.27,0.4166
SUB005529,0.693,4,87,3,94.6,5193.5,0,0,0.095,3,12.39,89.8,60.6,0.4909
SUB005530,0.863,12,127,4,99.1,3899.0,1,3,0.273,2,34.01,72.6,73.83,0.8824
SUB005531,0.718,6,191,11,144.9,4227.5,0,0,0.408,8,8.61,59.77,54.66,0.3068
SUB005532,0.892,5,109,4,123.4,3118.6,1,2,0.205,4,25.07,80.52,66.84,0.6968
SUB005533,0.416,8,259,15,111.7,7966.6,1,1,0.38,4,44.39,90.09,25.41,0.0102
SUB005534,0.867,8,169,7,136.2,4503.2,0,3,0.029,3,44.2,79.98,77.25,0.9393
SUB005535,0.591,11,80,3,141.1,3926.0,0,0,0.12,5,20.77,33.82,49.26,0.1829
SUB005536,0.461,15,112,3,126.6,5600.6,0,2,0.127,6,8.75,78.62,49.67,0.1923
SUB005537,0.746,8,137,5,183.4,4702.5,1,3,0.245,3,1.8,72.07,62.98,0.5708
SUB005538,0.73,4,94,3,86.9,987.5,0,0,0.123,4,43.21,57.97,70.14,0.7927
SUB005539,0.643,6,127,7,135.4,7669.1,0,1,0.195,4,20.4,89.57,59.52,0.4551
SUB005540,0.262,8,88,3,71.1,3720.5,0,4,0.088,4,3.87,47.03,18.25,0.003
SUB005541,0.982,7,111,5,147.0,3295.4,0,1,0.455,1,7.58,76.57,82.1,0.978
SUB005542,0.597,12,181,10,168.1,4661.0,0,3,0.592,3,21.7,76.65,56.62,0.3622
SUB005543,0.768,11,91,3,95.3,3680.8,0,1,0.496,4,3.01,63.2,67.53,0.7163
SUB005544,0.788,13,61,2,163.2,3559.6,0,0,0.323,5,1.52,73.79,64.45,0.6208
SUB005545,0.587,3,228,11,123.1,5314.4,2,0,0.165,4,19.58,97.04,40.5,0.0686
SUB005546,0.708,14,155,8,134.4,1984.9,0,3,0.051,4,3.13,67.69,49.29,0.1839
SUB005547,0.896,4,135,4,104.9,5777.2,0,2,0.156,4,2.81,66.05,72.83,0.8636
SUB005548,0.721,11,200,5,179.9,6431.2,0,1,0.304,1,23.64,64.98,62.81,0.564
SUB005549,0.978,16,159,6,169.7,2260.7,0,1,0.285,1,2.98,51.99,68.91,0.757
SUB005550,0.636,3,94,3,186.5,,1,2,0.218,4,0.61,69.41,46.11,0.1301
SUB005551,0.785,3,226,12,66.8,3846.0,0,0,0.356,6,3.15,50.28,63.94,0.6022
SUB005552,0.665,8,127,6,132.7,3978.3,0,0,0.238,3,13.92,63.78,51.36,0.2283
SUB005553,0.838,7,149,8,,5272.6,1,0,0.286,5,45.33,76.59,65.02,0.6412
SUB005554,0.567,5,54,2,138.6,5569.6,0,1,0.305,3,32.92,68.71,54.23,0.2949
SUB005555,0.98,3,73,2,,4861.6,0,4,0.66,5,51.37,46.38,68.39,0.7421
SUB005556,0.524,14,67,2,91.1,2251.2,3,0,0.469,5,11.09,65.04,37.51,0.049
SUB005557,0.664,5,65,3,170.6,4421.2,0,3,0.195,5,10.81,78.24,54.94,0.3167
SUB005558,0.945,27,139,8,330.8,5429.2,0,1,0.029,2,10.82,57.58,63.28,0.5806
SUB005559,0.645,5,79,3,145.2,3236.0,0,6,0.558,4,25.33,76.12,64.35,0.6162
SUB005560,0.672,5,125,4,82.9,3356.3,0,1,0.372,4,10.01,57.29,59.06,0.4397
SUB005561,0.799,2,158,6,108.5,4682.8,0,2,0.378,2,64.06,88.9,77.73,0.9441
SUB005562,0.777,5,86,3,115.5,5290.4,2,0,0.323,4,31.38,66.93,55.67,0.338
SUB005563,0.654,6,79,3,98.0,3544.9,0,1,0.066,4,12.99,82.1,63.52,0.5888
SUB005564,0.498,9,55,2,190.4,4635.6,2,1,0.132,4,0.18,76.49,34.54,0.0357
SUB005565,0.87,11,176,5,43.6,2989.2,1,2,0.245,3,4.93,94.13,59.6,0.4586
SUB005566,0.756,7,87,4,157.3,4840.7,1,1,0.199,3,19.58,84.23,61.29,0.5102
SUB005567,0.715,11,205,5,230.4,,1,0,0.413,3,18.27,72.45,62.73,0.5612
SUB005568,0.766,18,134,5,247.6,5134.7,0,3,0.448,6,7.26,64.8,64.27,0.6132
SUB005569,0.729,8,187,7,205.5,6257.1,0,0,0.5,2,18.03,51.58,67.76,0.7227
SUB005570,0.761,7,63,2,101.4,4064.7,0,2,0.139,4,4.88,49.23,62.89,0.5666
SUB005571,0.827,5,147,4,222.5,5571.1,0,2,0.1,2,47.51,55.99,60.3,0.4828
SUB005572,0.59,9,148,9,,5107.9,0,3,0.207,4,8.47,47.45,54.22,0.2945
SUB005573,0.529,17,172,9,256.4,2794.3,0,2,0.152,3,26.79,58.67,39.47,0.0603
SUB005574,0.856,9,80,2,211.9,2628.4,0,3,0.327,4,8.11,57.52,68.59,0.7478
SUB005575,0.735,12,89,3,174.9,3901.9,0,1,0.434,2,0.06,79.42,68.74,0.752
SUB005576,0.554,9,174,5,132.3,4647.1,0,1,0.341,4,3.37,80.53,65.36,0.6523
SUB005577,0.839,8,58,2,285.8,3116.2,0,3,0.05,1,7.53,49.2,53.88,0.2872
SUB005578,0.445,25,76,2,88.2,2549.6,0,1,0.129,3,18.33,41.87,40.94,0.0718
SUB005579,0.505,10,145,7,139.6,500.0,0,0,0.347,1,33.62,58.53,61.8,0.526
SUB005580,0.842,13,94,2,74.7,6980.4,0,1,0.425,3,5.94,72.45,71.58,0.8312
SUB005581,0.676,11,100,3,160.0,7057.1,1,3,0.237,4,40.41,37.74,54.89,0.3152
SUB005582,0.853,9,41,1,168.4,2937.6,1,1,0.143,2,43.32,99.94,63.54,0.5897
SUB005583,0.28,3,198,10,90.4,2829.3,0,2,0.129,4,13.56,73.48,29.63,0.019
SUB005584,0.864,7,97,4,106.9,6667.5,1,3,0.044,1,12.69,64.41,69.22,0.7657
SUB005585,0.766,17,141,7,91.8,1525.4,1,0,0.122,3,14.22,49.79,55.9,0.3429
SUB005586,0.818,4,176,5,159.1,6421.8,0,2,0.332,4,4.8,80.2,72.37,0.8506
SUB005587,0.876,6,99,5,110.0,5450.2,0,3,0.445,5,26.2,59.49,58.78,0.4318
SUB005588,0.628,6,47,2,163.3,3710.6,1,2,0.155,6,30.84,43.79,49.36,0.1856
SUB005589,0.48,14,142,7,130.6,6799.5,3,1,0.548,6,5.6,60.69,17.33,0.0027
SUB005590,0.736,17,200,6,185.8,4010.4,0,4,,1,5.01,74.54,66.24,0.6802
SUB005591,0.664,4,153,5,176.4,6025.8,0,2,0.411,3,8.84,72.36,64.25,0.6121
SUB005592,0.872,8,131,7,172.7,4280.5,0,3,0.091,3,17.78,86.02,73.19,0.8715
SUB005593,0.725,14,153,5,174.6,2940.0,0,1,0.367,3,23.88,59.7,54.77,0.3106
SUB005594,0.592,6,162,8,131.8,7874.3,1,0,0.53,6,16.0,58.83,59.0,0.4372
SUB005595,0.958,12,109,3,184.6,3482.3,1,2,0.1,2,27.53,64.88,69.17,0.7642
SUB005596,0.436,8,202,5,107.8,4366.1,1,3,0.271,6,12.69,58.54,36.74,0.0447
SUB005597,0.568,22,121,6,174.3,5825.1,0,0,0.088,1,2.26,73.32,51.31,0.227
SUB005598,0.838,7,166,7,161.8,6690.5,0,2,0.351,6,14.25,56.04,78.36,0.951
SUB005599,0.863,12,74,2,248.2,2391.9,0,0,0.564,6,0.46,54.76,73.71,0.8808
SUB005600,0.801,7,111,3,,6716.3,0,1,0.154,4,11.72,68.5,72.78,0.8622
SUB005601,0.696,9,82,2,93.9,,0,2,0.377,2,2.23,72.68,63.24,0.579
SUB005602,0.697,5,136,5,152.1,4548.2,1,0,0.07,5,6.36,52.18,48.13,0.1618
SUB005603,0.755,12,72,3,,4108.8,1,1,0.178,2,19.09,65.81,61.61,0.5201
SUB005604,0.837,15,153,8,213.7,4739.9,0,3,0.473,3,1.34,84.74,61.96,0.5308
SUB005605,0.947,4,140,6,133.3,2361.0,2,4,0.189,4,8.35,100.0,63.25,0.5796
SUB005606,0.77,6,105,3,211.5,5134.9,3,2,0.126,4,4.95,83.74,42.48,0.0857
SUB005607,0.526,14,159,4,53.4,5101.3,0,1,0.51,4,4.06,64.6,52.04,0.2413
SUB005608,0.807,7,74,3,201.7,3819.0,0,0,0.101,5,3.41,63.62,61.42,0.5142
SUB005609,0.631,8,153,7,125.1,5073.5,0,3,0.413,1,9.02,79.2,69.36,0.7693
SUB005610,0.546,5,78,3,172.8,4082.3,0,2,0.263,3,6.18,73.8,49.2,0.1818
SUB005611,0.944,15,87,3,225.5,4323.9,1,5,0.443,2,21.34,67.44,63.57,0.5909
SUB005612,0.936,5,176,5,146.6,5506.4,0,2,0.09,7,6.72,43.38,68.96,0.759
SUB005613,0.569,8,177,6,148.2,4546.1,0,0,0.366,3,3.23,73.02,58.61,0.4251
SUB005614,0.846,7,135,4,117.5,3509.0,0,2,0.311,3,7.46,70.96,64.7,0.631
SUB005615,0.623,13,257,11,260.5,6423.3,2,0,,3,30.31,61.38,46.96,0.1412
SUB005616,0.753,25,210,7,215.7,3437.4,0,2,0.309,3,14.56,78.47,55.17,0.3225
SUB005617,0.682,4,104,3,145.3,6097.3,0,0,0.156,2,9.17,79.7,64.24,0.6117
SUB005618,0.799,6,77,2,228.6,3869.4,0,3,0.119,1,48.74,50.59,72.06,0.8447
SUB005619,0.7,7,153,5,110.8,6078.6,0,2,0.104,3,12.16,75.79,64.6,0.6272
SUB005620,0.722,5,123,3,120.0,6771.8,0,0,0.467,2,15.98,86.75,80.15,0.9665
SUB005621,0.856,9,143,7,203.2,4626.0,0,0,0.242,4,21.16,75.08,73.05,0.8684
SUB005622,0.72,13,148,8,265.5,6048.1,1,0,0.144,4,32.47,78.55,57.29,0.3816
SUB005623,0.956,10,84,5,152.7,5365.5,0,0,0.47,5,4.99,57.89,73.63,0.8789
SUB005624,0.487,12,75,2,179.2,4649.2,0,1,0.258,4,16.31,62.36,47.8,0.1566
SUB005625,0.716,6,144,6,42.7,5624.1,0,3,0.211,5,2.37,72.44,61.72,0.5239
SUB005626,0.938,12,142,5,232.9,4290.2,1,3,0.359,2,13.32,71.9,67.9,0.7272
SUB005627,0.748,10,65,4,85.0,6787.8,1,2,0.44,3,35.68,51.33,68.05,0.7323
SUB005628,0.616,5,87,2,102.6,4561.4,0,0,0.186,2,61.12,72.17,59.12,0.4415
SUB005629,0.724,9,75,3,158.3,3279.5,1,3,0.14,5,17.81,71.11,48.3,0.1645
SUB005630,0.858,7,117,6,102.1,3934.0,1,1,0.25,1,18.41,52.5,58.21,0.4142
SUB005631,0.567,31,111,4,96.6,5886.3,1,0,0.243,4,12.73,76.4,45.61,0.123
SUB005632,0.641,14,53,2,87.9,2884.4,0,0,0.464,3,13.52,56.49,63.59,0.5917
SUB005633,0.649,9,117,3,152.9,7423.0,0,1,0.091,3,6.48,70.91,53.72,0.2833
SUB005634,0.813,16,127,3,257.8,6593.4,1,2,0.245,1,24.52,56.34,68.62,0.7483
SUB005635,0.51,12,130,4,240.9,2803.2,0,3,0.07,6,24.46,63.11,45.13,0.1155
SUB005636,0.74,5,75,3,157.9,5535.0,0,1,0.403,4,5.21,63.95,56.38,0.3556
SUB005637,0.652,19,112,3,186.4,3108.3,0,0,0.036,7,0.4,68.56,46.17,0.1307
SUB005638,0.749,4,190,9,179.9,3699.7,0,0,0.185,2,5.61,41.12,63.96,0.6033
SUB005639,0.787,17,186,6,250.5,4226.6,1,2,0.211,5,9.71,75.52,53.66,0.2819
SUB005640,0.959,10,88,3,157.0,3326.5,0,0,0.695,2,11.31,82.48,85.5,0.9919
SUB005641,0.672,9,182,7,156.1,5998.2,0,2,0.511,2,11.11,45.46,73.98,0.8853
SUB005642,0.592,6,95,5,150.2,4855.4,0,1,0.354,1,8.56,87.74,57.07,0.3745
SUB005643,0.808,10,167,8,210.6,5469.0,0,1,0.228,3,30.88,92.65,70.09,0.7907
SUB005644,0.583,12,141,4,73.9,4709.5,0,0,0.44,4,9.52,29.84,53.51,0.2792
SUB005645,0.681,11,115,4,154.0,3783.2,1,4,0.486,3,10.99,44.96,53.87,0.287
SUB005646,0.733,10,132,3,174.0,3879.0,1,3,0.38,6,1.8,92.35,73.11,0.8697
SUB005647,0.635,8,44,1,30.4,5878.5,0,0,0.472,2,17.24,59.08,54.22,0.2945
SUB005648,0.895,12,160,10,211.0,4276.8,0,2,0.294,4,22.85,51.19,59.1,0.4412
SUB005649,0.533,7,70,4,205.6,6443.5,0,0,0.19,3,14.86,76.39,48.26,0.1639
SUB005650,0.787,9,193,6,30.2,4011.8,1,4,0.198,3,0.95,52.79,49.08,0.18
SUB005651,0.769,11,134,6,128.2,4739.0,1,2,0.221,3,36.09,70.99,60.66,0.4924
SUB005652,0.222,9,75,4,124.2,4839.1,0,1,0.124,2,16.58,92.05,43.6,0.0979
SUB005653,0.683,4,160,6,78.7,6572.9,0,3,0.621,4,0.74,42.74,62.83,0.5651
SUB005654,0.812,10,119,4,104.9,6049.0,0,0,0.061,2,5.12,70.17,72.55,0.856
SUB005655,0.924,10,146,5,118.7,5191.1,0,2,0.199,5,39.7,50.38,72.63,0.8581
SUB005656,0.934,9,110,6,183.6,4662.0,0,2,0.158,4,10.42,84.48,72.05,0.8445
SUB005657,0.557,8,153,4,218.8,3401.9,0,1,0.185,4,8.47,69.06,55.72,0.3392
SUB005658,0.608,8,89,2,177.1,4156.3,0,0,0.055,2,10.83,75.81,49.52,0.1887
SUB005659,0.739,9,99,3,92.2,7889.1,0,1,0.277,4,23.59,62.84,78.93,0.9564
SUB005660,0.725,6,141,7,185.5,3267.3,1,2,0.366,1,4.79,86.86,58.11,0.4107
SUB005661,0.879,17,194,6,207.2,4126.2,0,3,0.341,3,26.7,48.98,62.9,0.5672
SUB005662,0.755,11,115,4,5.0,2501.8,2,0,0.448,2,2.88,81.23,52.98,0.2659
SUB005663,0.625,10,155,10,224.4,3654.1,0,0,0.497,4,32.05,92.07,63.42,0.5858
SUB005664,0.624,3,150,5,137.0,2975.3,0,1,0.253,3,4.91,87.47,62.33,0.5452
SUB005665,0.816,15,189,5,175.2,3106.3,0,2,0.28,5,16.68,88.76,66.9,0.6978
SUB005666,0.962,6,79,3,33.4,4879.3,0,2,0.206,2,8.91,59.63,75.6,0.9143
SUB005667,0.805,7,131,8,237.8,5750.7,2,2,0.252,6,51.38,73.62,51.17,0.224
SUB005668,0.344,7,126,6,161.2,5159.0,1,3,0.305,5,15.61,99.1,28.86,0.0172
SUB005669,0.864,11,131,5,199.5,3122.5,0,2,0.211,4,0.02,87.54,82.55,0.981
SUB005670,0.303,6,94,3,58.6,1943.9,1,3,0.472,4,1.12,83.38,24.85,0.009
SUB005671,0.718,13,116,6,189.7,,0,0,0.54,1,4.41,74.72,74.62,0.8972
SUB005672,0.719,10,167,8,181.9,3006.5,0,1,0.369,2,24.93,45.89,62.03,0.5331
SUB005673,0.815,7,81,2,131.7,2866.0,0,2,0.165,3,18.3,36.52,65.39,0.6528
SUB005674,0.784,5,140,4,57.4,4011.7,1,1,0.194,1,29.17,82.68,68.05,0.7323
SUB005675,0.969,10,106,3,146.3,4923.4,0,1,0.631,4,41.84,61.6,66.39,0.6842
SUB005676,0.652,4,128,7,74.7,4059.8,1,2,0.234,1,43.41,81.44,57.85,0.4027
SUB005677,0.635,6,105,3,96.1,6901.7,1,2,0.244,1,22.41,63.97,46.75,0.1388
SUB005678,0.828,8,167,7,213.6,8295.1,0,1,0.404,2,13.27,63.9,71.21,0.8227
SUB005679,0.639,8,76,3,149.2,4220.4,2,3,0.491,4,5.73,52.36,47.96,0.1586
SUB005680,0.492,7,129,5,136.1,1773.9,1,2,0.178,2,30.05,46.6,42.25,0.083
SUB005681,0.849,12,172,4,85.5,4054.7,0,1,0.562,3,25.96,100.0,76.97,0.9365
SUB005682,0.791,6,132,6,135.3,4259.8,0,0,0.051,3,7.62,64.18,69.17,0.7642
SUB005683,0.549,7,86,2,132.0,5459.0,0,2,0.084,5,18.76,71.04,44.9,0.1127
SUB005684,0.818,9,85,2,88.1,2420.8,0,3,0.572,3,17.29,90.19,64.71,0.6312
SUB005685,0.662,9,128,3,212.1,2205.4,1,1,0.628,1,4.47,88.81,61.12,0.5059
SUB005686,0.648,5,59,2,197.2,4688.1,0,3,0.246,1,86.38,61.4,60.71,0.4936
SUB005687,0.908,9,143,6,100.5,3894.8,1,1,0.2,3,48.16,65.4,74.69,0.8982
SUB005688,0.7,7,66,3,164.7,3486.1,0,0,0.281,3,15.07,61.54,66.83,0.6964
SUB005689,0.626,7,76,3,,3060.4,0,0,0.257,3,0.47,64.71,56.33,0.3545
SUB005690,0.465,10,207,10,169.1,4429.3,0,3,0.175,4,27.78,71.33,47.18,0.1452
SUB005691,0.707,6,192,6,184.9,5258.6,0,0,0.406,3,12.78,71.84,63.38,0.5845
SUB005692,0.741,8,100,3,76.6,895.3,2,1,0.221,5,3.08,82.93,47.54,0.1512
SUB005693,0.89,9,177,5,147.9,4909.5,2,1,0.274,4,3.07,58.56,56.64,0.3632
SUB005694,0.622,10,86,3,157.7,5461.4,1,1,0.452,4,0.27,57.49,45.47,0.1202
SUB005695,0.707,6,143,6,311.3,5385.7,1,0,0.24,2,12.22,57.84,52.09,0.2422
SUB005696,0.869,11,182,7,307.8,8070.8,0,0,0.328,7,13.13,84.31,64.63,0.6287
SUB005697,0.61,13,91,2,178.3,3798.7,0,1,0.435,3,15.21,69.18,63.75,0.597
SUB005698,0.571,12,66,4,116.2,4190.6,0,3,0.393,3,20.0,92.56,47.97,0.1588
SUB005699,0.57,5,122,5,149.7,6520.3,0,2,0.173,1,5.69,71.69,49.69,0.1929
SUB005700,0.591,12,90,5,223.6,4531.1,1,1,,2,46.78,83.6,48.65,0.1723
SUB005701,0.795,13,92,3,58.6,6718.2,0,1,0.534,2,18.7,84.64,74.16,0.8888
SUB005702,0.53,18,76,3,48.5,5605.3,0,3,0.275,3,18.49,66.1,47.35,0.1483
SUB005703,0.572,5,40,1,66.2,4415.8,0,2,0.407,3,8.68,70.57,57.68,0.3972
SUB005704,0.683,16,95,2,213.7,4457.8,0,0,0.129,5,11.56,58.36,47.26,0.1462
SUB005705,0.698,4,99,3,181.2,4142.9,0,2,0.186,3,0.09,58.38,61.54,0.5178
SUB005706,0.838,13,86,3,185.5,4377.9,1,5,0.139,4,2.74,66.0,54.2,0.2941
SUB005707,0.674,14,75,2,228.6,3106.7,0,1,0.261,7,0.93,75.12,52.87,0.2632
SUB005708,0.959,13,161,7,148.1,5821.1,1,0,0.11,3,26.09,62.4,68.11,0.7345
SUB005709,0.837,4,132,5,115.7,7531.5,1,0,0.13,5,35.51,67.32,59.8,0.4654
SUB005710,0.846,15,68,3,188.1,1622.3,1,0,0.2,3,30.69,54.56,49.42,0.1866
SUB005711,0.513,24,125,4,294.7,6393.3,2,0,0.503,3,1.59,80.42,37.2,0.0467
SUB005712,0.501,5,82,5,159.7,4773.0,0,1,0.592,3,9.99,54.31,45.49,0.1208
SUB005713,0.655,8,156,5,138.3,6346.6,0,1,0.402,6,27.76,87.05,71.37,0.8266
SUB005714,0.71,6,87,2,162.2,3554.4,1,2,0.362,7,2.8,58.14,44.2,0.1048
SUB005715,0.842,12,167,10,241.4,4563.0,1,0,0.263,5,1.76,76.28,70.68,0.8062
SUB005716,0.794,7,163,10,119.4,6713.3,0,3,0.366,1,58.27,65.85,65.83,0.6672
SUB005717,0.599,12,138,4,129.1,4616.1,0,4,0.546,2,6.15,62.39,66.65,0.6916
SUB005718,0.86,8,86,2,115.6,5667.5,0,1,0.224,4,19.46,64.74,61.58,0.519
SUB005719,0.849,9,105,7,195.9,3642.3,0,0,0.191,3,8.89,77.2,79.36,0.9609
SUB005720,0.729,9,109,4,100.2,4247.5,0,1,0.592,3,6.39,53.98,73.21,0.8719
SUB005721,0.946,4,120,5,170.4,5364.0,0,0,0.427,2,32.84,61.51,78.65,0.9542
SUB005722,0.301,9,173,9,58.7,5472.0,0,0,0.065,3,3.34,100.0,48.99,0.1779
SUB005723,0.68,4,100,6,116.4,5740.3,0,2,0.729,3,13.62,98.62,61.14,0.5064
SUB005724,0.476,5,155,7,131.5,4263.6,1,0,0.058,4,25.42,76.38,38.84,0.058
SUB005725,0.925,15,72,2,272.3,4360.0,0,3,0.471,2,12.25,66.15,68.2,0.7372
SUB005726,0.697,11,89,4,211.2,5898.7,0,2,0.322,2,32.9,82.17,62.49,0.552
SUB005727,0.962,11,83,4,131.6,6578.9,0,2,0.133,3,34.72,58.18,79.04,0.9576
SUB005728,0.439,9,156,7,115.9,3521.5,1,4,0.03,2,55.68,93.22,28.11,0.0153
SUB005729,0.539,22,185,11,145.5,6707.0,0,3,0.346,6,51.8,97.12,40.34,0.0662
SUB005730,0.876,9,94,3,79.7,3317.0,0,1,0.292,2,7.7,83.33,71.82,0.8392
SUB005731,0.659,8,85,3,240.9,4736.7,0,1,0.233,1,5.87,67.94,58.96,0.4361
SUB005732,0.705,8,106,3,98.6,4953.3,1,0,0.489,3,26.15,54.26,59.95,0.4688
SUB005733,0.889,14,81,4,265.3,3674.0,0,2,0.582,4,13.38,50.58,75.67,0.9152
SUB005734,0.79,9,95,5,153.0,4208.7,0,1,0.436,1,20.55,80.25,71.33,0.8257
SUB005735,0.44,10,106,3,145.1,1876.2,4,1,0.197,2,13.56,73.5,21.11,0.0048
SUB005736,0.813,15,106,5,170.9,5617.2,0,0,0.365,3,27.04,83.25,69.93,0.7864
SUB005737,0.708,11,62,2,225.6,3893.6,0,1,0.053,5,27.66,76.03,49.78,0.1942
SUB005738,0.52,13,93,3,107.7,4402.2,0,1,0.057,1,9.92,98.58,51.11,0.2223
SUB005739,0.707,6,203,8,168.5,4156.5,0,1,0.114,4,41.38,78.2,66.97,0.7002
SUB005740,0.907,5,66,3,132.7,5422.1,0,1,0.329,2,44.46,55.3,86.36,0.9947
SUB005741,0.858,17,120,5,195.2,4877.9,1,3,0.298,5,4.9,60.18,44.51,0.1077
SUB005742,0.723,13,115,4,146.7,2851.3,3,1,0.137,5,10.91,91.35,43.37,0.0948
SUB005743,0.85,12,226,15,134.3,4961.3,1,1,0.701,2,92.64,71.87,74.35,0.8914
SUB005744,0.568,10,118,6,181.5,,0,1,0.354,4,7.84,72.82,54.62,0.3059
SUB005745,0.501,9,196,6,64.2,5010.5,1,1,0.109,6,48.08,48.77,34.04,0.0338
SUB005746,0.895,6,116,8,221.6,5604.2,2,0,0.227,2,25.59,59.2,60.71,0.4936
SUB005747,0.378,6,92,4,144.5,,0,2,0.524,5,5.79,98.8,48.65,0.1723
SUB005748,0.759,5,119,5,,5246.5,1,1,0.124,3,6.02,79.44,62.43,0.5496
SUB005749,0.95,4,71,3,154.1,5940.7,0,2,0.189,3,7.9,80.74,62.68,0.5588
SUB005750,0.601,6,123,8,96.3,3387.0,0,0,0.293,2,20.99,57.89,62.78,0.5631
SUB005751,0.549,7,95,3,145.7,3817.0,0,2,0.296,3,7.17,54.34,57.37,0.3848
SUB005752,0.81,17,92,5,176.1,1760.3,2,3,0.049,3,15.97,65.0,48.02,0.1603
SUB005753,0.83,4,161,4,207.5,4235.8,0,0,0.206,6,32.94,73.99,65.42,0.6536
SUB005754,0.521,9,102,3,163.7,3590.0,0,2,0.311,3,5.12,57.73,61.36,0.5122
SUB005755,0.467,18,55,3,106.8,5256.0,0,4,0.125,1,38.16,65.92,37.53,0.0493
SUB005756,0.834,14,134,8,196.9,5362.0,0,1,0.228,3,24.56,71.21,69.54,0.7764
SUB005757,0.845,9,145,8,190.3,6976.3,2,1,0.133,5,31.2,42.36,57.64,0.3952
SUB005758,0.469,7,238,7,44.3,4437.9,1,1,0.086,1,0.55,77.9,39.62,0.0615
SUB005759,0.915,3,122,3,57.7,5204.9,0,2,0.224,2,8.21,52.33,72.59,0.8571
SUB005760,0.522,10,99,3,270.6,5605.5,0,2,0.365,3,53.42,83.95,54.59,0.305
SUB005761,0.793,12,135,3,136.1,8112.0,0,2,0.193,7,23.55,58.69,64.12,0.6089
SUB005762,0.552,7,73,2,122.5,5018.3,1,2,0.135,4,2.76,47.42,36.98,0.0461
SUB005763,0.69,15,92,3,162.9,4387.9,0,0,0.236,3,15.82,47.48,50.79,0.2147
SUB005764,0.628,9,140,4,108.6,4888.5,1,0,0.042,5,18.16,44.99,55.02,0.3178
SUB005765,0.851,10,105,4,43.6,5223.0,0,0,0.241,3,2.27,49.92,71.87,0.8407
SUB005766,0.534,9,59,2,79.7,6355.1,0,4,0.475,3,2.84,59.86,52.28,0.2478
SUB005767,0.602,15,102,3,126.7,3871.8,0,2,0.124,4,3.13,82.15,58.74,0.4302
SUB005768,0.775,15,118,3,134.8,3523.6,0,0,0.348,3,2.53,29.68,63.82,0.5991
SUB005769,0.644,11,103,4,106.8,8447.9,0,1,0.252,5,17.73,52.72,63.91,0.6008
SUB005770,0.814,8,62,2,54.5,2619.8,0,0,0.085,3,1.44,100.0,65.02,0.6412
SUB005771,0.737,9,44,2,113.8,5503.5,0,1,0.327,4,43.92,60.66,76.67,0.9326
SUB005772,0.493,22,150,8,252.9,5374.4,0,0,0.215,4,8.13,75.9,57.58,0.3927
SUB005773,0.713,18,144,6,133.7,5203.0,0,1,0.047,4,84.75,75.68,62.51,0.5531
SUB005774,0.825,9,89,3,136.1,2603.6,0,2,0.238,4,1.12,57.4,75.2,0.9063
SUB005775,0.945,5,87,5,221.6,8498.6,2,1,0.455,1,35.32,60.78,66.4,0.6848
SUB005776,0.723,14,99,5,120.8,4759.7,0,1,0.107,3,19.3,83.6,68.67,0.7487
SUB005777,0.646,7,153,8,324.4,3992.3,3,2,0.466,3,35.05,90.56,42.04,0.0813
SUB005778,0.778,17,119,3,224.5,2600.5,0,1,0.279,7,44.88,44.29,68.6,0.7481
SUB005779,0.587,7,59,2,145.6,1278.7,1,2,0.313,2,12.54,85.4,42.17,0.0825
SUB005780,0.956,7,179,10,,5951.2,0,2,0.599,3,0.65,40.21,71.94,0.8423
SUB005781,0.749,5,118,4,215.5,3333.6,0,0,0.414,3,28.57,82.6,77.72,0.9438
SUB005782,0.538,20,82,3,138.4,4007.8,0,3,0.175,3,5.74,84.62,41.09,0.0732
SUB005783,0.731,6,90,3,112.0,3546.4,0,1,,4,2.66,72.77,66.17,0.6774
SUB005784,0.713,13,136,4,255.4,5486.7,0,3,0.175,1,0.57,66.33,48.63,0.1717
SUB005785,0.451,8,196,7,121.5,5564.3,0,3,0.208,1,6.78,90.84,49.66,0.1918
SUB005786,0.869,7,121,5,,5733.1,0,3,0.041,3,18.48,60.99,61.7,0.5231
SUB005787,0.751,7,162,5,,5995.3,1,0,0.461,1,8.82,72.58,58.04,0.4079
SUB005788,0.779,16,130,7,52.1,3576.0,0,3,,5,35.68,58.09,61.11,0.5056
SUB005789,0.975,28,126,3,264.9,2610.0,0,2,0.279,7,26.3,89.34,58.33,0.4181
SUB005790,0.839,16,204,5,165.4,4797.3,0,0,0.112,3,30.94,68.2,66.68,0.6922
SUB005791,0.864,4,76,3,196.2,5156.0,0,0,0.443,3,6.56,78.16,74.71,0.8988
SUB005792,0.623,13,100,3,148.9,4662.4,1,1,0.323,3,2.35,33.95,42.94,0.0905
SUB005793,0.745,8,94,2,118.7,1666.0,0,0,0.178,1,24.79,60.99,69.93,0.7864
SUB005794,0.662,9,112,3,107.2,4646.2,1,2,0.283,4,27.54,55.4,48.83,0.176
SUB005795,0.893,6,65,4,179.0,2824.1,0,1,0.143,3,31.58,54.41,72.49,0.8544
SUB005796,0.85,10,110,6,,4583.2,0,1,0.389,4,24.75,79.44,80.67,0.9708
SUB005797,0.285,9,88,3,170.1,5886.8,0,3,0.203,2,21.9,52.74,31.7,0.0248
SUB005798,0.868,11,90,3,155.3,710.0,0,2,0.097,3,6.12,68.11,74.91,0.9018
SUB005799,0.72,8,168,7,81.4,7100.7,0,2,0.384,4,12.61,100.0,61.18,0.5077
SUB005800,0.653,14,84,5,135.1,2850.9,0,1,0.226,4,13.23,66.53,62.31,0.544
SUB005801,0.523,9,227,9,147.6,6628.9,0,3,0.504,1,19.9,46.89,44.69,0.1101
SUB005802,0.494,9,119,5,128.4,5856.6,0,2,0.149,2,19.65,84.83,52.18,0.2446
SUB005803,0.914,9,49,2,260.7,3793.2,2,1,0.33,1,5.77,60.91,54.0,0.2901
SUB005804,0.693,13,162,7,173.1,5491.7,0,3,0.304,5,19.29,65.39,56.07,0.3465
SUB005805,0.684,8,44,2,132.2,3167.8,0,1,0.134,2,4.76,47.16,55.16,0.3222
SUB005806,0.695,11,71,2,131.2,1766.1,0,2,0.207,3,5.64,89.28,64.19,0.6105
SUB005807,0.931,10,129,5,136.2,6351.6,1,1,0.225,4,2.88,85.91,70.62,0.8052
SUB005808,0.931,16,103,5,131.5,3490.2,0,0,0.247,2,12.17,79.81,75.34,0.9083
SUB005809,0.734,8,143,6,,7416.2,1,2,0.215,4,26.61,89.9,61.09,0.5049
SUB005810,0.476,14,90,4,197.9,5774.5,0,0,0.251,1,30.13,75.4,49.52,0.1887
SUB005811,0.384,10,90,5,242.4,3183.1,0,1,0.403,1,53.1,53.68,56.05,0.3461
SUB005812,0.76,16,95,3,141.0,5357.8,0,1,0.649,2,70.28,52.84,59.24,0.4454
SUB005813,0.649,9,132,4,172.8,5451.8,0,2,,4,1.1,67.64,56.37,0.3553
SUB005814,0.649,7,145,6,101.1,7308.8,0,1,0.278,2,8.53,69.21,61.4,0.5132
SUB005815,0.511,7,72,2,147.2,3626.6,0,3,0.456,3,38.01,66.87,55.34,0.3287
SUB005816,0.658,10,171,5,71.5,4506.6,0,3,0.401,4,0.52,37.41,59.71,0.4626
SUB005817,0.525,9,222,6,95.8,5759.9,1,0,0.133,3,20.09,72.62,47.34,0.1481
SUB005818,0.581,8,111,4,90.6,4582.2,1,0,0.084,2,39.62,46.71,49.59,0.1902
SUB005819,0.496,10,123,4,141.3,2529.6,0,1,0.243,4,21.27,80.96,52.96,0.2654
SUB005820,0.668,3,88,3,58.8,5962.3,1,1,0.178,3,69.15,48.98,55.78,0.3402
SUB005821,0.378,8,160,5,9.6,7197.3,0,2,0.329,4,30.31,82.89,45.39,0.1192
SUB005822,0.507,9,45,1,64.8,4455.0,1,1,0.242,2,28.57,71.03,46.47,0.1347
SUB005823,0.428,4,190,7,,3041.0,1,2,0.248,4,4.28,54.71,29.24,0.018
SUB005824,0.961,6,182,10,90.4,4740.3,0,3,0.232,5,27.19,75.08,76.88,0.9352
SUB005825,0.817,6,70,2,103.3,2986.0,1,4,0.207,3,20.12,89.03,65.09,0.6429
SUB005826,0.309,9,83,3,162.9,4026.3,0,0,0.485,4,6.49,72.81,35.75,0.0401
SUB005827,0.88,8,104,3,94.7,4798.2,0,2,0.335,4,1.67,52.12,77.53,0.942
SUB005828,0.945,8,153,6,139.2,5749.1,0,3,0.097,3,27.34,61.19,72.69,0.8598
SUB005829,0.674,4,62,2,260.2,6417.7,1,0,0.176,5,38.16,62.14,55.04,0.3184
SUB005830,0.665,14,91,3,139.1,5395.7,1,1,0.327,3,20.56,56.37,59.13,0.4418
SUB005831,0.848,16,137,5,155.7,3098.0,0,2,0.161,2,15.35,41.99,70.66,0.8057
SUB005832,0.587,5,68,4,157.8,5362.8,1,1,0.238,2,70.01,96.43,49.07,0.1797
SUB005833,0.943,8,107,5,94.9,4106.4,0,2,0.186,2,42.78,56.92,80.76,0.9718
SUB005834,0.954,8,115,6,,4315.6,1,1,0.181,2,37.46,42.12,70.12,0.7917
SUB005835,0.81,11,76,3,147.3,4359.0,0,1,,4,0.45,48.61,62.3,0.5434
SUB005836,0.883,7,113,5,152.6,4767.6,1,2,0.144,4,20.42,55.62,59.73,0.4634
SUB005837,0.537,14,116,5,106.2,6098.9,0,1,0.276,4,17.9,19.4,54.54,0.3036
SUB005838,0.814,5,87,5,168.5,5180.2,3,1,0.05,3,60.83,79.49,50.23,0.2035
SUB005839,0.814,12,60,2,248.8,2521.7,0,1,0.069,5,28.11,76.48,57.37,0.3848
SUB005840,0.645,11,58,4,38.2,2036.8,2,3,0.468,2,39.87,70.99,56.28,0.3528
SUB005841,0.614,5,134,5,158.5,5645.3,0,0,0.334,1,6.76,49.12,65.62,0.6592
SUB005842,0.449,8,133,5,138.5,5473.0,1,1,0.273,2,53.8,79.92,40.39,0.0669
SUB005843,0.881,5,97,4,117.2,6376.7,0,1,0.208,2,21.67,63.25,70.96,0.8143
SUB005844,0.639,20,104,6,199.6,4372.3,0,1,0.421,2,22.12,88.38,60.64,0.4916
SUB005845,0.888,8,92,3,226.8,4880.0,1,0,0.279,4,7.87,35.73,58.52,0.422
SUB005846,0.568,7,174,8,156.4,5586.1,1,0,0.307,3,16.73,53.93,43.0,0.0913
SUB005847,0.743,4,93,3,189.6,2133.4,0,1,0.482,2,10.41,51.55,66.2,0.6791
SUB005848,0.782,10,207,8,147.7,2616.6,1,1,0.647,3,0.6,48.96,64.03,0.6069
SUB005849,0.281,8,81,3,165.9,5508.8,0,2,0.075,3,2.56,75.66,37.9,0.052
SUB005850,0.891,12,160,6,123.4,5353.8,1,0,0.089,3,36.23,85.83,54.52,0.303
SUB005851,0.54,17,68,2,173.3,6360.1,0,1,0.25,3,2.42,79.29,50.94,0.2188
SUB005852,0.83,13,126,5,142.7,7395.6,0,0,0.282,2,49.43,68.09,58.17,0.4132
SUB005853,0.558,6,65,3,144.4,3874.4,1,3,0.45,2,10.84,71.89,51.43,0.2297
SUB005854,0.762,7,88,4,41.7,3911.3,0,2,0.147,3,24.24,76.18,51.86,0.2374
SUB005855,0.967,5,159,6,68.1,2760.1,0,4,0.362,1,30.0,54.42,81.09,0.9747
SUB005856,0.854,6,66,4,209.3,5107.1,0,2,0.225,4,12.8,70.88,72.37,0.8506
SUB005857,0.856,14,186,5,245.6,1842.6,0,0,0.347,3,25.7,65.76,74.86,0.9014
SUB005858,0.374,7,149,7,37.1,3289.5,1,3,0.177,1,11.61,41.9,26.82,0.013
SUB005859,0.718,12,148,4,122.0,5203.0,0,0,0.212,4,0.19,100.0,71.0,0.8159
SUB005860,0.747,7,148,6,96.1,,0,1,0.062,3,43.59,73.59,70.67,0.8059
SUB005861,0.672,13,192,7,174.2,4889.1,0,1,0.482,3,81.87,52.66,53.18,0.2709
SUB005862,0.534,6,126,4,133.0,4319.5,0,1,0.412,5,33.05,61.01,43.6,0.0979
SUB005863,0.5,5,87,5,175.8,2767.0,0,1,0.087,5,11.86,75.64,55.68,0.3382
SUB005864,0.771,20,137,5,98.9,1586.2,0,0,0.51,7,1.37,71.84,58.98,0.4366
SUB005865,0.593,6,108,5,159.0,5590.1,0,2,,7,19.45,65.42,52.69,0.258
SUB005866,0.296,14,177,9,142.0,4618.2,0,1,0.185,4,19.34,90.34,42.54,0.0859
SUB005867,0.822,11,110,3,108.8,5059.4,1,0,0.13,4,59.14,63.13,71.54,0.8303
SUB005868,0.893,6,259,14,164.5,5207.2,2,1,0.329,2,0.22,79.7,66.93,0.6988
SUB005869,0.837,6,152,5,123.2,4645.5,0,0,0.238,2,41.7,83.51,79.65,0.9632
SUB005870,0.961,8,76,3,138.0,4625.2,1,1,0.117,2,3.99,81.67,73.02,0.8678
SUB005871,0.81,14,106,3,242.2,4241.5,0,2,0.073,2,22.54,63.17,59.42,0.4522
SUB005872,0.32,7,108,3,145.3,4032.2,0,2,0.259,3,41.02,48.45,45.1,0.1153
SUB005873,0.769,12,178,12,272.7,3382.5,0,1,0.256,2,6.91,34.66,53.67,0.2822
SUB005874,0.688,11,147,4,13.2,8458.8,2,1,0.097,3,18.73,68.29,56.45,0.3568
SUB005875,0.792,11,77,4,152.4,5895.5,1,1,0.306,1,8.04,71.56,60.02,0.4714
SUB005876,0.752,21,112,4,116.3,6796.5,1,4,0.271,5,19.93,56.68,51.8,0.2362
SUB005877,0.767,12,97,3,100.3,6388.6,2,3,0.471,2,9.59,69.58,52.67,0.2572
SUB005878,0.532,11,149,7,113.7,4326.2,0,0,0.335,4,40.55,82.65,47.66,0.1542
SUB005879,0.511,4,155,5,187.4,4502.4,0,1,0.073,3,24.14,52.04,52.97,0.2657
SUB005880,0.51,16,171,8,143.6,4859.3,0,1,0.364,8,42.06,56.78,50.71,0.2135
SUB005881,0.842,13,154,4,90.5,4223.7,2,1,0.066,3,20.7,43.36,50.35,0.2066
SUB005882,0.576,11,81,3,192.6,5721.9,0,1,0.072,2,4.61,60.68,58.83,0.4332
SUB005883,0.745,8,108,5,73.1,3319.8,0,3,0.171,6,4.69,76.98,63.2,0.5778
SUB005884,0.855,4,160,10,232.3,3199.7,1,0,0.248,3,11.17,61.01,63.79,0.5978
SUB005885,0.911,12,182,6,78.5,2965.4,1,0,0.233,2,2.58,65.95,72.4,0.8522
SUB005886,0.699,9,67,2,,3849.0,1,2,0.477,2,17.99,49.82,57.45,0.3882
SUB005887,0.636,20,136,4,295.5,3972.2,0,0,0.497,3,15.53,88.39,54.77,0.3106
SUB005888,0.756,12,109,4,136.5,3616.8,0,1,0.611,3,23.88,80.9,71.92,0.8419
SUB005889,0.989,10,123,5,175.4,4740.6,0,0,0.166,3,8.06,52.39,76.84,0.9349
SUB005890,0.661,23,147,5,182.4,,1,0,0.094,4,13.37,69.94,41.04,0.0728
SUB005891,0.867,9,113,7,146.9,5678.4,0,2,0.324,1,46.32,75.11,64.38,0.618
SUB005892,0.649,19,118,6,127.9,2944.4,1,1,0.258,2,22.79,97.7,51.6,0.2321
SUB005893,0.635,4,74,3,159.2,2611.0,0,1,0.425,2,11.42,80.81,58.14,0.4117
SUB005894,0.771,25,108,3,274.6,3574.5,0,0,0.091,3,1.82,85.27,58.65,0.427
SUB005895,0.803,14,105,4,45.5,4317.9,0,1,0.21,5,4.08,66.79,66.17,0.6774
SUB005896,0.961,6,103,6,82.5,5805.8,0,2,0.172,2,11.0,68.36,76.13,0.9235
SUB005897,0.781,22,103,3,152.8,4403.0,0,1,0.57,3,41.68,72.42,67.66,0.721
SUB005898,0.927,3,201,8,75.8,2598.0,0,1,0.293,1,2.73,61.81,75.51,0.9115
SUB005899,0.705,5,146,9,173.6,5461.3,0,3,0.218,1,35.1,84.33,57.89,0.4036
SUB005900,0.578,11,70,3,116.6,,0,1,0.807,1,5.12,63.65,62.55,0.5548
SUB005901,0.737,16,54,1,172.9,3399.5,1,0,0.14,1,11.29,74.45,59.41,0.452
SUB005902,0.773,11,106,3,242.5,4786.3,0,2,0.244,4,12.28,48.48,68.43,0.7435
SUB005903,0.801,4,166,6,24.3,6981.9,0,2,0.285,5,1.57,53.72,63.98,0.6041
SUB005904,0.675,6,77,2,157.0,3088.7,0,3,0.193,3,32.39,58.42,72.9,0.865
SUB005905,0.34,7,156,6,133.6,6220.7,0,1,0.225,4,3.71,74.0,36.68,0.0443
SUB005906,0.635,11,28,1,,6038.3,0,4,0.042,3,18.5,85.23,52.65,0.2565
SUB005907,0.847,9,82,2,92.7,4673.7,1,3,0.482,5,23.98,49.29,62.99,0.5713
SUB005908,0.908,17,97,4,148.2,2641.5,0,2,0.075,5,13.98,59.25,70.31,0.797
SUB005909,0.529,16,104,4,167.5,6480.4,0,1,0.23,4,3.75,72.44,53.36,0.2758
SUB005910,0.817,4,113,5,121.0,5939.0,0,2,0.435,3,14.85,72.82,80.88,0.9732
SUB005911,0.8,12,64,2,197.8,5142.6,0,0,0.041,3,0.4,90.2,74.57,0.8957
SUB005912,0.62,5,69,4,69.4,4266.4,0,0,0.49,3,16.81,76.8,62.93,0.5688
SUB005913,0.599,18,96,4,90.2,6216.1,1,1,0.457,5,24.09,69.94,54.56,0.3042
SUB005914,0.626,12,58,1,35.6,3014.9,0,3,0.382,3,10.62,69.25,57.58,0.3927
SUB005915,0.514,9,93,3,155.5,5750.7,0,1,0.113,1,16.55,79.4,45.52,0.1212
SUB005916,0.432,8,123,7,189.4,4132.5,0,0,0.335,2,29.68,100.0,62.16,0.5382
SUB005917,0.655,11,75,5,82.6,1860.3,1,0,0.391,2,21.16,80.25,58.0,0.4064
SUB005918,0.786,15,92,2,89.2,2953.1,2,1,0.501,4,1.81,88.33,50.56,0.2104
SUB005919,0.783,11,117,4,266.3,5190.9,2,4,0.072,2,14.34,83.88,62.25,0.5413
SUB005920,0.682,9,66,2,223.6,4663.3,1,1,0.104,2,19.45,69.16,58.25,0.4158
SUB005921,0.791,6,123,5,218.0,5279.9,0,2,0.13,4,31.71,40.35,67.73,0.7219
SUB005922,0.841,8,108,4,165.0,3989.4,0,3,0.098,1,12.12,61.98,57.67,0.3968
SUB005923,0.671,15,81,3,207.3,4721.5,1,1,0.149,2,1.74,69.34,60.51,0.4878
SUB005924,0.81,13,173,5,141.8,5803.2,0,1,0.271,4,5.53,76.47,60.08,0.4736
SUB005925,0.691,16,73,3,82.6,7904.9,0,1,0.517,5,1.99,79.57,71.99,0.8439
SUB005926,0.741,6,127,6,55.6,4046.8,1,0,0.172,2,3.62,78.67,56.56,0.3602
SUB005927,0.725,4,128,5,132.2,6177.1,0,0,0.472,2,5.64,31.1,58.77,0.4314
SUB005928,0.866,13,74,2,214.5,5339.9,1,3,0.241,2,4.34,67.07,71.77,0.8377
SUB005929,0.912,5,82,5,125.0,4594.0,1,6,0.229,1,33.3,64.11,50.35,0.2066
SUB005930,0.903,16,135,5,204.5,2723.0,0,1,0.23,3,1.18,51.57,72.77,0.8616
SUB005931,0.858,13,151,6,153.6,6839.8,0,2,0.279,4,66.07,72.24,65.71,0.6623
SUB005932,0.645,11,124,3,171.3,4993.3,0,3,0.574,6,47.03,74.98,69.36,0.7693
SUB005933,0.888,5,135,5,181.3,3788.7,0,5,0.085,4,9.76,55.62,62.81,0.564
SUB005934,0.69,9,93,3,226.9,3138.4,0,1,0.233,7,4.29,81.37,63.11,0.5748
SUB005935,0.96,8,164,6,161.1,5211.5,1,0,0.479,3,33.74,44.31,63.12,0.5754
SUB005936,0.744,11,60,2,269.4,2893.2,0,1,0.138,4,0.15,55.03,64.44,0.6204
SUB005937,0.849,19,120,3,163.0,3746.9,1,1,,3,22.62,81.15,70.8,0.8103
SUB005938,0.478,6,161,9,217.4,3917.9,0,0,0.39,2,32.69,78.61,66.47,0.6856
SUB005939,0.861,8,154,10,179.0,4839.3,0,1,0.153,4,58.34,80.71,80.22,0.9668
SUB005940,0.718,9,40,1,37.2,5100.7,0,2,0.251,2,21.19,74.9,74.05,0.8865
SUB005941,0.891,17,148,5,255.8,4263.5,0,0,0.338,4,29.17,67.0,72.12,0.8457
SUB005942,0.616,10,92,3,94.9,4141.1,1,4,0.071,7,19.96,57.02,44.47,0.1072
SUB005943,0.709,12,91,4,141.1,4617.4,0,0,0.392,4,0.79,64.45,62.92,0.5682
SUB005944,0.835,18,122,4,226.4,3487.2,0,1,0.481,2,13.3,95.2,62.06,0.5345
SUB005945,0.717,11,73,2,108.3,3484.1,2,2,0.439,6,10.35,96.51,56.46,0.3571
SUB005946,0.546,8,128,5,139.7,3939.0,1,3,0.278,2,26.6,63.43,49.3,0.1842
SUB005947,0.7,16,158,7,207.4,5222.0,0,2,0.303,4,3.52,94.96,61.42,0.5142
SUB005948,0.8,18,182,5,124.7,7323.2,0,0,0.155,2,1.89,100.0,70.12,0.7917
SUB005949,0.842,12,213,8,141.8,3196.5,1,3,0.356,2,42.94,48.1,55.63,0.3371
SUB005950,0.858,7,123,6,119.8,4973.7,0,0,0.518,2,1.08,67.04,74.75,0.8999
SUB005951,0.573,8,87,2,201.8,4090.7,0,2,0.323,2,24.31,53.37,60.78,0.495
SUB005952,0.909,18,78,2,268.1,,0,2,0.248,3,74.36,95.17,61.05,0.5041
SUB005953,0.712,13,229,8,93.0,4413.0,1,0,0.225,3,23.08,53.16,53.09,0.2688
SUB005954,0.485,8,99,3,148.7,6206.9,1,2,0.433,3,13.79,63.79,42.89,0.0901
SUB005955,0.851,4,45,2,100.6,586.2,0,0,0.09,2,1.23,73.02,65.99,0.6719
SUB005956,0.622,13,81,3,160.9,2701.5,0,4,0.087,4,14.01,67.19,51.61,0.2325
SUB005957,0.889,12,89,4,262.0,6080.0,1,0,0.472,2,35.07,51.79,61.88,0.5281
SUB005958,0.815,13,149,4,181.8,6492.3,0,1,0.132,3,2.09,56.37,62.16,0.5382
SUB005959,0.907,6,187,10,104.2,7574.9,0,0,0.446,4,19.47,57.99,92.14,0.9997
SUB005960,0.811,8,155,8,61.9,5235.0,0,1,0.294,5,3.71,50.3,62.9,0.5672
SUB005961,0.899,15,137,6,224.9,5408.3,1,2,0.207,4,33.37,77.88,66.74,0.6942
SUB005962,0.557,3,189,7,101.4,2150.4,1,0,0.64,2,6.27,76.47,57.22,0.3792
SUB005963,0.81,8,153,8,97.4,4769.4,0,3,0.215,1,53.91,62.01,62.42,0.5489
SUB005964,0.904,4,172,6,150.2,5699.3,0,0,0.358,2,28.28,63.72,79.54,0.9625
SUB005965,0.558,6,89,3,172.7,3713.1,0,2,0.175,4,5.89,61.01,38.25,0.0543
SUB005966,0.886,14,70,5,139.9,4211.7,0,0,0.207,4,22.89,47.35,82.24,0.9793
SUB005967,0.56,9,77,2,90.2,6233.3,0,4,0.346,3,47.43,68.2,48.76,0.174
SUB005968,0.556,5,105,3,217.1,6710.1,0,3,,2,80.38,75.24,45.55,0.1214
SUB005969,0.887,11,216,13,194.0,5455.5,0,3,0.11,3,10.3,46.9,62.85,0.5658
SUB005970,0.857,7,92,6,200.2,4383.7,0,3,0.236,4,6.0,56.04,59.68,0.4616
SUB005971,0.803,8,78,3,122.6,5483.4,1,4,,4,12.15,89.97,57.39,0.3858
SUB005972,0.23,10,258,11,100.2,4735.9,1,1,0.228,3,45.34,78.33,26.35,0.0122
SUB005973,0.914,16,126,5,136.0,6196.1,1,0,0.364,3,3.54,67.94,63.92,0.6012
SUB005974,0.967,10,95,3,,3687.7,0,3,0.326,4,30.17,69.32,73.45,0.8751
SUB005975,0.588,8,67,2,123.9,5460.0,0,2,0.299,5,2.01,65.32,63.97,0.6037
SUB005976,0.592,11,64,2,112.5,4290.5,2,1,0.54,7,32.72,83.15,45.01,0.1147
SUB005977,0.825,11,160,4,148.3,3871.3,0,5,0.595,6,7.25,58.45,70.38,0.7992
SUB005978,0.862,7,51,2,143.9,4793.8,1,0,0.219,2,2.96,59.84,55.26,0.3256
SUB005979,0.66,9,110,6,152.4,3961.6,0,0,0.167,1,0.63,63.51,64.01,0.6061
SUB005980,0.86,9,185,10,111.9,,0,4,0.172,3,13.79,72.83,66.93,0.6988
SUB005981,0.826,15,91,3,93.7,2963.5,0,1,0.079,5,1.61,90.56,65.81,0.6667
SUB005982,0.785,3,126,4,42.5,4967.0,0,1,0.085,4,14.57,41.25,54.74,0.3093
SUB005983,0.919,11,85,3,164.7,3326.9,1,1,0.104,3,30.29,66.98,69.4,0.7713
SUB005984,0.867,13,219,8,167.1,6896.7,0,3,0.166,3,1.12,52.78,68.37,0.7413
SUB005985,0.528,15,131,4,81.5,5727.0,0,2,0.236,3,2.95,81.83,53.77,0.2846
SUB005986,0.84,4,182,5,217.6,4842.8,0,0,0.1,2,88.13,52.42,78.03,0.9478
SUB005987,0.721,4,115,5,182.1,4552.1,1,1,0.444,2,0.79,90.51,52.67,0.2572
SUB005988,0.537,7,125,6,79.7,7151.6,0,3,0.816,4,60.03,75.66,57.96,0.4051
SUB005989,0.717,12,138,4,171.9,5828.7,0,2,0.145,2,4.14,90.72,58.64,0.4265
SUB005990,0.409,14,105,3,153.8,3391.3,0,2,,3,4.79,67.43,56.41,0.3565
SUB005991,0.766,4,153,10,147.8,6167.1,1,3,0.318,3,8.04,60.38,57.22,0.3792
SUB005992,0.805,10,111,4,160.3,3710.9,0,0,0.414,6,2.59,74.93,78.37,0.9512
SUB005993,0.573,14,144,4,202.3,4949.5,0,4,0.655,3,25.1,66.84,49.87,0.196
SUB005994,0.692,7,186,10,229.8,1782.6,1,3,0.163,3,26.22,67.49,51.53,0.2308
SUB005995,0.62,10,120,8,168.0,5822.4,1,2,0.392,3,5.81,88.47,43.6,0.0979
SUB005996,0.72,5,89,6,167.0,3440.5,1,2,0.253,3,5.49,53.42,61.0,0.5022
SUB005997,0.654,12,180,6,243.9,4588.6,0,2,0.191,2,11.35,75.86,48.71,0.1731
SUB005998,0.559,8,138,7,111.7,2600.3,1,1,0.575,3,61.9,85.13,53.45,0.2775
SUB005999,0.777,8,97,5,88.0,4755.6,1,1,0.486,4,4.51,62.68,68.09,0.7334
