doubt_id,text,topic,urgency
DBT000000,"form submission is not updating the database, need to fix this soon",WebDev,Medium
DBT000001,loop runs forever and I don't know why,Loops_Recursion,Low
DBT000002,my sorting algorithm is too slow for large inputs,Algorithms,High
DBT000003,"trying to understand tail recursion vs normal recursion, would like this before the next class",Loops_Recursion,Medium
DBT000004,"hi, getting an abstract method error in my subclass please help",OOP_Design,Low
DBT000005,not sure which time complexity my solution actually has,Algorithms,Critical
DBT000006,"hi, git merge conflict i don't know how to resolve, need help asap",Env_Setup,High
DBT000007,getting a null pointer exception i cannot trace,Debugging_Errors,Low
DBT000008,"form submission is not updating the database, deadline is tomorrow",WebDev,High
DBT000009,"hi, confused about when to use inheritance vs composition",OOP_Design,High
DBT000010,"hi, getting an abstract method error in my subclass, would like this before the next class",OOP_Design,Medium
DBT000011,"dynamic programming table is giving wrong values, would like this before the next class",Algorithms,Medium
DBT000012,"not sure which time complexity my solution actually has, need to fix this soon",Algorithms,Low
DBT000013,git merge conflict i don't know how to resolve please help,Env_Setup,Medium
DBT000014,"grade for the last assignment has not appeared yet, just curious",Deadline_Admin,Low
DBT000015,"hi, cannot install the required package on my laptop, autograder is down and deadline is in minutes",Env_Setup,Critical
DBT000016,"hi, my sql join is returning duplicate rows",Databases,Medium
DBT000017,"stack trace points to a line that looks fine to me, need to fix this soon",Debugging_Errors,Medium
DBT000018,segmentation fault when i run the test suite,Debugging_Errors,Medium
DBT000019,cors error when calling the backend from the frontend,WebDev,Low
DBT000020,my code throws an error only on the grading server not locally please help,Debugging_Errors,Low
DBT000021,"index out of bounds error only on the last test case, would like this before the next class",Debugging_Errors,Medium
DBT000022,"not sure how to normalize this schema for the project, whenever you get a chance",Databases,Low
DBT000023,"not sure how polymorphism applies to this assignment, need help asap",OOP_Design,High
DBT000024,dynamic programming table is giving wrong values,Algorithms,Medium
DBT000025,"react component re-renders infinitely, for future reference",WebDev,Low
DBT000026,"submission portal is not accepting my file before the deadline, exam is happening right now",Deadline_Admin,Critical
DBT000027,query is extremely slow on the test dataset,Databases,Low
DBT000028,my sorting algorithm is too slow for large inputs please help,Algorithms,Low
DBT000029,"greedy approach fails on this specific test case, would like this before the next class",Algorithms,Medium
DBT000030,"form submission is not updating the database, this is blocking my progress",WebDev,High
DBT000031,"hi, loop runs forever and I don't know why, just curious",Loops_Recursion,Low
DBT000032,"hi, not sure which time complexity my solution actually has, would like this before the next class",Algorithms,Medium
DBT000033,"git merge conflict i don't know how to resolve, whenever you get a chance",Env_Setup,Low
DBT000034,"form submission is not updating the database, would like this before the next class",WebDev,Medium
DBT000035,"foreign key constraint fails on insert, this is blocking my progress",Databases,High
DBT000036,"getting an abstract method error in my subclass, would like this before the next class",OOP_Design,Medium
DBT000037,"hi, confused about when to use inheritance vs composition, would like this before the next class",OOP_Design,Medium
DBT000038,"virtual environment not activating on windows, would like this before the next class please help",Env_Setup,Medium
DBT000039,"hi, my class diagram doesn't match the actual code structure, need to fix this soon",OOP_Design,Medium
DBT000040,"exam is in two hours and autograder is down, submission is due in one hour",Deadline_Admin,Critical
DBT000041,"index out of bounds error only on the last test case, this is blocking my progress",Debugging_Errors,High
DBT000042,"trying to understand tail recursion vs normal recursion, would like this before the next class",Loops_Recursion,Medium
DBT000043,"my class diagram doesn't match the actual code structure, deadline is tomorrow",OOP_Design,High
DBT000044,"cannot install the required package on my laptop, no rush",Env_Setup,Low
DBT000045,"hi, submission portal is not accepting my file before the deadline, system crashed during the final demo",Deadline_Admin,Critical
DBT000046,"constructor is not initializing the parent class fields, need to fix this soon please help",OOP_Design,Medium
DBT000047,"loop runs forever and I don't know why, would like this before the next class",Loops_Recursion,High
DBT000048,"my sql join is returning duplicate rows, would like this before the next class",Databases,Medium
DBT000049,"hi, cors error when calling the backend from the frontend, need to fix this soon",WebDev,Medium
DBT000050,"stack trace points to a line that looks fine to me, whenever you get a chance",Debugging_Errors,Low
DBT000051,"hi, grade for the last assignment has not appeared yet, would like this before the next class",Deadline_Admin,Medium
DBT000052,"not sure how polymorphism applies to this assignment, need to fix this soon",OOP_Design,Medium
DBT000053,"api call returns 404 only in production, system crashed during the final demo",WebDev,Critical
DBT000054,"getting a null pointer exception i cannot trace, just curious",Debugging_Errors,Low
DBT000055,"virtual environment not activating on windows, no rush",Env_Setup,Low
DBT000056,not sure which time complexity my solution actually has,Algorithms,Medium
DBT000057,"my class diagram doesn't match the actual code structure, need to fix this soon please help",OOP_Design,Medium
DBT000058,"getting a null pointer exception i cannot trace, system crashed during the final demo",Debugging_Errors,Critical
DBT000059,"python version mismatch is breaking the autograder, deadline is tomorrow",Env_Setup,High
DBT000060,"my recursive function never hits the base case, need to fix this soon",Loops_Recursion,Medium
DBT000061,"git merge conflict i don't know how to resolve, for future reference",Env_Setup,Low
DBT000062,"grade for the last assignment has not appeared yet, would like this before the next class",Deadline_Admin,Medium
DBT000063,"git merge conflict i don't know how to resolve, whenever you get a chance",Env_Setup,Low
DBT000064,"my class diagram doesn't match the actual code structure, just curious",OOP_Design,Low
DBT000065,my recursive function never hits the base case,Loops_Recursion,Low
DBT000066,"hi, not sure which time complexity my solution actually has, need to fix this soon",Algorithms,Medium
DBT000067,"hi, my sql join is returning duplicate rows, for future reference",Databases,Low
DBT000068,getting a null pointer exception i cannot trace,Debugging_Errors,High
DBT000069,not sure how polymorphism applies to this assignment,OOP_Design,Low
DBT000070,cors error when calling the backend from the frontend,WebDev,High
DBT000071,"greedy approach fails on this specific test case, need to fix this soon",Algorithms,Medium
DBT000072,cors error when calling the backend from the frontend please help,WebDev,Medium
DBT000073,"hi, python version mismatch is breaking the autograder",Env_Setup,High
DBT000074,confused about when to use inheritance vs composition,OOP_Design,Low
DBT000075,"hi, virtual environment not activating on windows, need to fix this soon",Env_Setup,Medium
DBT000076,"submission portal is not accepting my file before the deadline, this is blocking my progress",Deadline_Admin,High
DBT000077,"my sql join is returning duplicate rows, need to fix this soon please help",Databases,Medium
DBT000078,api call returns 404 only in production,WebDev,Low
DBT000079,"database connection keeps timing out during the demo, for future reference",Databases,Low
DBT000080,"exam is in two hours and autograder is down, just curious",Deadline_Admin,Low
DBT000081,"my sorting algorithm is too slow for large inputs, this is blocking my progress",Algorithms,High
DBT000082,"query is extremely slow on the test dataset, this is blocking my progress",Databases,High
DBT000083,"not sure which time complexity my solution actually has, need help asap please help",Algorithms,High
DBT000084,virtual environment not activating on windows,Env_Setup,High
DBT000085,"getting a null pointer exception i cannot trace, deadline is tomorrow",Debugging_Errors,High
DBT000086,"foreign key constraint fails on insert, need to fix this soon",Databases,Medium
DBT000087,"constructor is not initializing the parent class fields, just curious",OOP_Design,Low
DBT000088,"query is extremely slow on the test dataset, this is blocking my progress",Databases,High
DBT000089,react component re-renders infinitely,WebDev,Low
DBT000090,"index out of bounds error only on the last test case, would like this before the next class",Debugging_Errors,Medium
DBT000091,"extension request for the assignment due tonight, would like this before the next class",Deadline_Admin,Medium
DBT000092,"hi, graph traversal is missing some nodes, need help asap",Algorithms,High
DBT000093,constructor is not initializing the parent class fields,OOP_Design,Low
DBT000094,"my sql join is returning duplicate rows, for future reference",Databases,Low
DBT000095,"not sure which time complexity my solution actually has, for future reference",Algorithms,Low
DBT000096,"hi, virtual environment not activating on windows, need to fix this soon",Env_Setup,Medium
DBT000097,foreign key constraint fails on insert please help,Databases,Low
DBT000098,segmentation fault when i run the test suite please help,Debugging_Errors,High
DBT000099,"git merge conflict i don't know how to resolve, need help asap",Env_Setup,High
DBT000100,"graph traversal is missing some nodes, would like this before the next class",Algorithms,Medium
DBT000101,"confused about when to use inheritance vs composition, would like this before the next class",OOP_Design,Medium
DBT000102,"grade for the last assignment has not appeared yet, this is blocking my progress",Deadline_Admin,High
DBT000103,"grade for the last assignment has not appeared yet, would like this before the next class",Deadline_Admin,Medium
DBT000104,getting a null pointer exception i cannot trace,Debugging_Errors,Low
DBT000105,"grade for the last assignment has not appeared yet, need to fix this soon",Deadline_Admin,Medium
DBT000106,not sure how polymorphism applies to this assignment,OOP_Design,Low
DBT000107,"hi, dynamic programming table is giving wrong values, need to fix this soon please help",Algorithms,Medium
DBT000108,trying to understand tail recursion vs normal recursion,Loops_Recursion,Low
DBT000109,"grade for the last assignment has not appeared yet, whenever you get a chance",Deadline_Admin,Low
DBT000110,"index out of bounds error only on the last test case, whenever you get a chance",Debugging_Errors,Low
DBT000111,"dynamic programming table is giving wrong values, would like this before the next class",Algorithms,Medium
DBT000112,"my sorting algorithm is too slow for large inputs, for future reference please help",Algorithms,Low
DBT000113,foreign key constraint fails on insert,Databases,Low
DBT000114,"submission portal is not accepting my file before the deadline, deadline is tomorrow",Deadline_Admin,High
DBT000115,"hi, loop runs forever and I don't know why, would like this before the next class",Loops_Recursion,Medium
DBT000116,"hi, cors error when calling the backend from the frontend, no rush",WebDev,Low
DBT000117,"query is extremely slow on the test dataset, would like this before the next class",Databases,Medium
DBT000118,"git merge conflict i don't know how to resolve, for future reference",Env_Setup,Low
DBT000119,"confused about when to use inheritance vs composition, need to fix this soon",OOP_Design,Medium
DBT000120,"my code throws an error only on the grading server not locally, no rush",Debugging_Errors,Low
DBT000121,"stack trace points to a line that looks fine to me, need to fix this soon",Debugging_Errors,Medium
DBT000122,segmentation fault when i run the test suite,Debugging_Errors,Low
DBT000123,"virtual environment not activating on windows, system crashed during the final demo",Env_Setup,Critical
DBT000124,not sure how polymorphism applies to this assignment,OOP_Design,Medium
DBT000125,submission portal is not accepting my file before the deadline,Deadline_Admin,Critical
DBT000126,"not sure which time complexity my solution actually has, for future reference",Algorithms,Low
DBT000127,"submission portal is not accepting my file before the deadline, need to fix this soon",Deadline_Admin,Medium
DBT000128,for loop skips the last element,Loops_Recursion,Medium
DBT000129,"hi, loop runs forever and I don't know why, this is blocking my progress",Loops_Recursion,High
DBT000130,"trying to understand tail recursion vs normal recursion, for future reference",Loops_Recursion,Low
DBT000131,"index out of bounds error only on the last test case, for future reference",Debugging_Errors,Low
DBT000132,"query is extremely slow on the test dataset, this is blocking my progress",Databases,High
DBT000133,"database connection keeps timing out during the demo, system crashed during the final demo",Databases,Critical
DBT000134,"while loop condition never becomes false, whenever you get a chance",Loops_Recursion,Low
DBT000135,"not sure how polymorphism applies to this assignment, would like this before the next class",OOP_Design,Medium
DBT000136,"index out of bounds error only on the last test case, need help asap",Debugging_Errors,High
DBT000137,"hi, getting an abstract method error in my subclass, no rush",OOP_Design,Low
DBT000138,"react component re-renders infinitely, would like this before the next class",WebDev,Medium
DBT000139,"my sorting algorithm is too slow for large inputs, deadline is tomorrow",Algorithms,High
DBT000140,"hi, my code throws an error only on the grading server not locally, just curious",Debugging_Errors,Low
DBT000141,"hi, python version mismatch is breaking the autograder, whenever you get a chance",Env_Setup,Low
DBT000142,api call returns 404 only in production,WebDev,Medium
DBT000143,"python version mismatch is breaking the autograder, for future reference",Env_Setup,Low
DBT000144,"hi, my recursive function never hits the base case, need help asap",Loops_Recursion,High
DBT000145,"hi, cors error when calling the backend from the frontend, submission is due in one hour",WebDev,Critical
DBT000146,"grade for the last assignment has not appeared yet, need to fix this soon please help",Deadline_Admin,Medium
DBT000147,"cors error when calling the backend from the frontend, need to fix this soon",WebDev,Medium
DBT000148,database connection keeps timing out during the demo,Databases,Low
DBT000149,confused about when to use inheritance vs composition,OOP_Design,Low
DBT000150,virtual environment not activating on windows please help,Env_Setup,High
DBT000151,python version mismatch is breaking the autograder please help,Env_Setup,Low
DBT000152,"for loop skips the last element, would like this before the next class",Loops_Recursion,Medium
DBT000153,"segmentation fault when i run the test suite, exam is happening right now",Debugging_Errors,Critical
DBT000154,"trying to understand tail recursion vs normal recursion, no rush",Loops_Recursion,Low
DBT000155,"hi, my sorting algorithm is too slow for large inputs, deadline is tomorrow",Algorithms,High
DBT000156,"cannot install the required package on my laptop, for future reference",Env_Setup,Low
DBT000157,loop runs forever and I don't know why,Loops_Recursion,Medium
DBT000158,"loop runs forever and I don't know why, whenever you get a chance",Loops_Recursion,Low
DBT000159,"virtual environment not activating on windows, no rush",Env_Setup,Low
DBT000160,"exam is in two hours and autograder is down, system crashed during the final demo",Deadline_Admin,Critical
DBT000161,getting a null pointer exception i cannot trace,Debugging_Errors,Medium
DBT000162,"cors error when calling the backend from the frontend, no rush",WebDev,Low
DBT000163,"hi, not sure how polymorphism applies to this assignment, just curious",OOP_Design,Low
DBT000164,extension request for the assignment due tonight,Deadline_Admin,High
DBT000165,"hi, segmentation fault when i run the test suite",Debugging_Errors,Medium
DBT000166,"cannot install the required package on my laptop, whenever you get a chance",Env_Setup,Low
DBT000167,"segmentation fault when i run the test suite, for future reference",Debugging_Errors,Low
DBT000168,"hi, recursion depth exceeded error keeps showing up",Loops_Recursion,Low
DBT000169,"git merge conflict i don't know how to resolve, need help asap",Env_Setup,High
DBT000170,"react component re-renders infinitely, for future reference",WebDev,Low
DBT000171,"virtual environment not activating on windows, would like this before the next class",Env_Setup,Medium
DBT000172,"hi, while loop condition never becomes false, need to fix this soon please help",Loops_Recursion,Medium
DBT000173,"segmentation fault when i run the test suite, would like this before the next class",Debugging_Errors,Medium
DBT000174,"hi, index out of bounds error only on the last test case, need to fix this soon",Debugging_Errors,Medium
DBT000175,"not sure which time complexity my solution actually has, for future reference",Algorithms,Low
DBT000176,"loop runs forever and I don't know why, for future reference",Loops_Recursion,Low
DBT000177,"database connection keeps timing out during the demo, would like this before the next class",Databases,Medium
DBT000178,"getting a null pointer exception i cannot trace, this is blocking my progress",Debugging_Errors,High
DBT000179,"my recursive function never hits the base case, submission is due in one hour",Loops_Recursion,Critical
DBT000180,"confused about when to use inheritance vs composition, need help asap",OOP_Design,High
DBT000181,"constructor is not initializing the parent class fields, deadline is tomorrow",OOP_Design,High
DBT000182,"hi, virtual environment not activating on windows",Env_Setup,Critical
DBT000183,"api call returns 404 only in production, whenever you get a chance",WebDev,Low
DBT000184,"grade for the last assignment has not appeared yet, would like this before the next class please help",Deadline_Admin,Medium
DBT000185,"greedy approach fails on this specific test case, deadline is tomorrow",Algorithms,High
DBT000186,"getting an abstract method error in my subclass, need to fix this soon",OOP_Design,Medium
DBT000187,not sure how polymorphism applies to this assignment please help,OOP_Design,Medium
DBT000188,"react component re-renders infinitely, deadline is tomorrow",WebDev,High
DBT000189,"react component re-renders infinitely, would like this before the next class",WebDev,Medium
DBT000190,"my sorting algorithm is too slow for large inputs, no rush",Algorithms,Low
DBT000191,"not sure which time complexity my solution actually has, need to fix this soon",Algorithms,Medium
DBT000192,"dynamic programming table is giving wrong values, need to fix this soon please help",Algorithms,Medium
DBT000193,"hi, segmentation fault when i run the test suite, just curious",Debugging_Errors,Low
DBT000194,"my sorting algorithm is too slow for large inputs, would like this before the next class",Algorithms,Medium
DBT000195,react component re-renders infinitely,WebDev,Low
DBT000196,foreign key constraint fails on insert,Databases,Low
DBT000197,"constructor is not initializing the parent class fields, this is blocking my progress please help",OOP_Design,High
DBT000198,extension request for the assignment due tonight,Deadline_Admin,High
DBT000199,"hi, my sql join is returning duplicate rows, need to fix this soon please help",Databases,Medium
DBT000200,"getting an abstract method error in my subclass, need help asap",OOP_Design,High
DBT000201,submission portal is not accepting my file before the deadline,Deadline_Admin,High
DBT000202,"react component re-renders infinitely, for future reference",WebDev,Low
DBT000203,constructor is not initializing the parent class fields,OOP_Design,High
DBT000204,"hi, stack trace points to a line that looks fine to me, for future reference",Debugging_Errors,Low
DBT000205,"hi, react component re-renders infinitely",WebDev,Low
DBT000206,my recursive function never hits the base case,Loops_Recursion,Critical
DBT000207,"dynamic programming table is giving wrong values, whenever you get a chance please help",Algorithms,Low
DBT000208,submission portal is not accepting my file before the deadline,Deadline_Admin,Medium
DBT000209,"loop runs forever and I don't know why, need to fix this soon",Loops_Recursion,Medium
DBT000210,"for loop skips the last element, no rush please help",Loops_Recursion,Low
DBT000211,"hi, git merge conflict i don't know how to resolve",Env_Setup,Low
DBT000212,"hi, not sure how polymorphism applies to this assignment, deadline is tomorrow",OOP_Design,High
DBT000213,"python version mismatch is breaking the autograder, this is blocking my progress",Env_Setup,High
DBT000214,api call returns 404 only in production,WebDev,Medium
DBT000215,"getting an abstract method error in my subclass, this is blocking my progress",OOP_Design,High
DBT000216,"confused about when to use inheritance vs composition, would like this before the next class",OOP_Design,Medium
DBT000217,"hi, while loop condition never becomes false please help",Loops_Recursion,Low
DBT000218,"hi, my sql join is returning duplicate rows, system crashed during the final demo",Databases,Critical
DBT000219,"dynamic programming table is giving wrong values, would like this before the next class",Algorithms,Medium
DBT000220,"hi, cannot install the required package on my laptop, need to fix this soon",Env_Setup,Medium
DBT000221,"hi, extension request for the assignment due tonight, exam is happening right now",Deadline_Admin,Critical
DBT000222,"hi, react component re-renders infinitely, would like this before the next class please help",WebDev,Medium
DBT000223,"grade for the last assignment has not appeared yet, need to fix this soon",Deadline_Admin,Medium
DBT000224,"confused about when to use inheritance vs composition, just curious",OOP_Design,Low
DBT000225,"hi, greedy approach fails on this specific test case, no rush",Algorithms,Low
DBT000226,"confused about when to use inheritance vs composition, for future reference",OOP_Design,Low
DBT000227,virtual environment not activating on windows,Env_Setup,Medium
DBT000228,"constructor is not initializing the parent class fields, would like this before the next class",OOP_Design,Medium
DBT000229,getting a null pointer exception i cannot trace,Debugging_Errors,Low
DBT000230,"stack trace points to a line that looks fine to me, whenever you get a chance please help",Debugging_Errors,Low
DBT000231,"my class diagram doesn't match the actual code structure, deadline is tomorrow",OOP_Design,High
DBT000232,"hi, constructor is not initializing the parent class fields, would like this before the next class please help",OOP_Design,Medium
DBT000233,"virtual environment not activating on windows, need to fix this soon",Env_Setup,Medium
DBT000234,"hi, recursion depth exceeded error keeps showing up, would like this before the next class",Loops_Recursion,Medium
DBT000235,"my sql join is returning duplicate rows, just curious",Databases,Low
DBT000236,"hi, form submission is not updating the database, this is blocking my progress please help",WebDev,High
DBT000237,react component re-renders infinitely please help,WebDev,Medium
DBT000238,"my sorting algorithm is too slow for large inputs, deadline is tomorrow",Algorithms,High
DBT000239,"database connection keeps timing out during the demo, need to fix this soon",Databases,Medium
DBT000240,"hi, not sure which time complexity my solution actually has, just curious please help",Algorithms,Low
DBT000241,"virtual environment not activating on windows, for future reference",Env_Setup,Low
DBT000242,"extension request for the assignment due tonight, would like this before the next class please help",Deadline_Admin,Medium
DBT000243,"not sure which time complexity my solution actually has, just curious",Algorithms,Low
DBT000244,"my class diagram doesn't match the actual code structure, this is blocking my progress",OOP_Design,High
DBT000245,python version mismatch is breaking the autograder please help,Env_Setup,Low
DBT000246,"hi, not sure how to normalize this schema for the project",Databases,Medium
DBT000247,greedy approach fails on this specific test case,Algorithms,Medium
DBT000248,trying to understand tail recursion vs normal recursion,Loops_Recursion,Low
DBT000249,exam is in two hours and autograder is down please help,Deadline_Admin,High
DBT000250,"getting an abstract method error in my subclass, need to fix this soon",OOP_Design,Medium
DBT000251,foreign key constraint fails on insert,Databases,Low
DBT000252,"not sure how polymorphism applies to this assignment, would like this before the next class please help",OOP_Design,Medium
DBT000253,"hi, getting a null pointer exception i cannot trace please help",Debugging_Errors,Medium
DBT000254,cannot install the required package on my laptop,Env_Setup,Medium
DBT000255,"not sure how polymorphism applies to this assignment, no rush please help",OOP_Design,Low
DBT000256,my class diagram doesn't match the actual code structure please help,OOP_Design,Low
DBT000257,"hi, not sure how polymorphism applies to this assignment, would like this before the next class please help",OOP_Design,Medium
DBT000258,"hi, git merge conflict i don't know how to resolve",Env_Setup,Critical
DBT000259,"cannot install the required package on my laptop, system crashed during the final demo",Env_Setup,Critical
DBT000260,stack trace points to a line that looks fine to me please help,Debugging_Errors,Medium
DBT000261,"hi, database connection keeps timing out during the demo, need to fix this soon",Databases,Medium
DBT000262,"virtual environment not activating on windows, for future reference please help",Env_Setup,Low
DBT000263,"hi, trying to understand tail recursion vs normal recursion",Loops_Recursion,Medium
DBT000264,"cors error when calling the backend from the frontend, no rush",WebDev,Low
DBT000265,"constructor is not initializing the parent class fields, need help asap",OOP_Design,High
DBT000266,"my sql join is returning duplicate rows, for future reference",Databases,Low
DBT000267,git merge conflict i don't know how to resolve,Env_Setup,Medium
DBT000268,"react component re-renders infinitely, just curious",WebDev,Low
DBT000269,trying to understand tail recursion vs normal recursion please help,Loops_Recursion,Medium
DBT000270,"hi, foreign key constraint fails on insert, exam is happening right now please help",Databases,Medium
DBT000271,"my code throws an error only on the grading server not locally, for future reference",Debugging_Errors,Low
DBT000272,"extension request for the assignment due tonight, this is blocking my progress",Deadline_Admin,High
DBT000273,while loop condition never becomes false,Loops_Recursion,Low
DBT000274,"git merge conflict i don't know how to resolve, this is blocking my progress",Env_Setup,High
DBT000275,"query is extremely slow on the test dataset, would like this before the next class please help",Databases,Medium
DBT000276,"hi, extension request for the assignment due tonight, exam is happening right now please help",Deadline_Admin,Critical
DBT000277,"hi, confused about when to use inheritance vs composition",OOP_Design,Low
DBT000278,"grade for the last assignment has not appeared yet, whenever you get a chance",Deadline_Admin,Low
DBT000279,"trying to understand tail recursion vs normal recursion, need to fix this soon",Loops_Recursion,Medium
DBT000280,"my code throws an error only on the grading server not locally, for future reference please help",Debugging_Errors,Low
DBT000281,"not sure which time complexity my solution actually has, this is blocking my progress",Algorithms,High
DBT000282,"submission portal is not accepting my file before the deadline, deadline is tomorrow",Deadline_Admin,High
DBT000283,"graph traversal is missing some nodes, for future reference",Algorithms,Low
DBT000284,"api call returns 404 only in production, for future reference",WebDev,Low
DBT000285,"index out of bounds error only on the last test case, whenever you get a chance",Debugging_Errors,Low
DBT000286,"hi, react component re-renders infinitely",WebDev,Medium
DBT000287,"getting a null pointer exception i cannot trace, no rush",Debugging_Errors,Low
DBT000288,"hi, not sure which time complexity my solution actually has, would like this before the next class",Algorithms,Medium
DBT000289,"graph traversal is missing some nodes, need to fix this soon",Algorithms,Critical
DBT000290,"grade for the last assignment has not appeared yet, whenever you get a chance",Deadline_Admin,Low
DBT000291,"hi, not sure how to normalize this schema for the project please help",Databases,High
DBT000292,"cors error when calling the backend from the frontend, no rush",WebDev,Low
DBT000293,"extension request for the assignment due tonight, exam is happening right now please help",Deadline_Admin,Critical
DBT000294,"dynamic programming table is giving wrong values, would like this before the next class",Algorithms,Medium
DBT000295,"cors error when calling the backend from the frontend, exam is happening right now",WebDev,Critical
DBT000296,my sql join is returning duplicate rows please help,Databases,Critical
DBT000297,my sql join is returning duplicate rows,Databases,Low
DBT000298,"exam is in two hours and autograder is down, need help asap",Deadline_Admin,High
DBT000299,"query is extremely slow on the test dataset, no rush",Databases,Low
DBT000300,"react component re-renders infinitely, need to fix this soon",WebDev,Medium
DBT000301,"grade for the last assignment has not appeared yet, whenever you get a chance",Deadline_Admin,Low
DBT000302,"hi, grade for the last assignment has not appeared yet, this is blocking my progress",Deadline_Admin,High
DBT000303,"submission portal is not accepting my file before the deadline, deadline is tomorrow",Deadline_Admin,High
DBT000304,"hi, stack trace points to a line that looks fine to me, need to fix this soon",Debugging_Errors,Medium
DBT000305,while loop condition never becomes false,Loops_Recursion,Low
DBT000306,constructor is not initializing the parent class fields,OOP_Design,Low
DBT000307,query is extremely slow on the test dataset,Databases,Low
DBT000308,"hi, dynamic programming table is giving wrong values",Algorithms,Low
DBT000309,"python version mismatch is breaking the autograder, just curious please help",Env_Setup,High
DBT000310,form submission is not updating the database,WebDev,Low
DBT000311,greedy approach fails on this specific test case,Algorithms,Medium
DBT000312,extension request for the assignment due tonight,Deadline_Admin,High
DBT000313,"graph traversal is missing some nodes, would like this before the next class",Algorithms,Medium
DBT000314,"confused about when to use inheritance vs composition, this is blocking my progress",OOP_Design,High
DBT000315,query is extremely slow on the test dataset,Databases,Critical
DBT000316,"stack trace points to a line that looks fine to me, this is blocking my progress",Debugging_Errors,High
DBT000317,"hi, form submission is not updating the database, for future reference",WebDev,Low
DBT000318,"extension request for the assignment due tonight, just curious please help",Deadline_Admin,Low
DBT000319,"virtual environment not activating on windows, need to fix this soon",Env_Setup,Medium
DBT000320,"hi, submission portal is not accepting my file before the deadline, exam is happening right now",Deadline_Admin,Critical
DBT000321,"cors error when calling the backend from the frontend, deadline is tomorrow",WebDev,High
DBT000322,confused about when to use inheritance vs composition,OOP_Design,Medium
DBT000323,git merge conflict i don't know how to resolve,Env_Setup,Low
DBT000324,"getting a null pointer exception i cannot trace, need to fix this soon",Debugging_Errors,Medium
DBT000325,"my recursive function never hits the base case, no rush",Loops_Recursion,Low
DBT000326,dynamic programming table is giving wrong values,Algorithms,Low
DBT000327,"segmentation fault when i run the test suite, autograder is down and deadline is in minutes",Debugging_Errors,Critical
DBT000328,my code throws an error only on the grading server not locally,Debugging_Errors,Low
DBT000329,my class diagram doesn't match the actual code structure please help,OOP_Design,Low
DBT000330,"hi, my recursive function never hits the base case, would like this before the next class",Loops_Recursion,Medium
DBT000331,"constructor is not initializing the parent class fields, would like this before the next class",OOP_Design,Medium
DBT000332,"database connection keeps timing out during the demo, need to fix this soon",Databases,Medium
DBT000333,"constructor is not initializing the parent class fields, whenever you get a chance",OOP_Design,Low
DBT000334,my sql join is returning duplicate rows,Databases,Low
DBT000335,"cors error when calling the backend from the frontend, need to fix this soon",WebDev,Medium
DBT000336,"react component re-renders infinitely, deadline is tomorrow",WebDev,High
DBT000337,for loop skips the last element,Loops_Recursion,High
DBT000338,my code throws an error only on the grading server not locally,Debugging_Errors,High
DBT000339,"hi, python version mismatch is breaking the autograder, whenever you get a chance",Env_Setup,Low
DBT000340,loop runs forever and I don't know why,Loops_Recursion,Low
DBT000341,"hi, form submission is not updating the database",WebDev,Low
DBT000342,grade for the last assignment has not appeared yet,Deadline_Admin,Medium
DBT000343,"submission portal is not accepting my file before the deadline, submission is due in one hour",Deadline_Admin,Critical
DBT000344,"hi, not sure how polymorphism applies to this assignment, need to fix this soon",OOP_Design,Medium
DBT000345,"my recursive function never hits the base case, whenever you get a chance",Loops_Recursion,Low
DBT000346,"not sure how to normalize this schema for the project, whenever you get a chance please help",Databases,Low
DBT000347,"my sql join is returning duplicate rows, need to fix this soon",Databases,Medium
DBT000348,not sure which time complexity my solution actually has,Algorithms,Low
DBT000349,"virtual environment not activating on windows, need to fix this soon",Env_Setup,Medium
DBT000350,"my sql join is returning duplicate rows, just curious",Databases,Low
DBT000351,"hi, grade for the last assignment has not appeared yet, would like this before the next class",Deadline_Admin,Medium
DBT000352,"for loop skips the last element, just curious",Loops_Recursion,Low
DBT000353,"api call returns 404 only in production, this is blocking my progress",WebDev,High
DBT000354,"react component re-renders infinitely, deadline is tomorrow",WebDev,High
DBT000355,"virtual environment not activating on windows, for future reference",Env_Setup,Low
DBT000356,"hi, dynamic programming table is giving wrong values, deadline is tomorrow",Algorithms,High
DBT000357,"extension request for the assignment due tonight, whenever you get a chance",Deadline_Admin,Low
DBT000358,"exam is in two hours and autograder is down, just curious",Deadline_Admin,Low
DBT000359,database connection keeps timing out during the demo,Databases,Low
DBT000360,cannot install the required package on my laptop,Env_Setup,Medium
DBT000361,"getting an abstract method error in my subclass, this is blocking my progress",OOP_Design,High
DBT000362,for loop skips the last element,Loops_Recursion,Critical
DBT000363,"react component re-renders infinitely, deadline is tomorrow",WebDev,High
DBT000364,"hi, grade for the last assignment has not appeared yet, need to fix this soon",Deadline_Admin,Medium
DBT000365,git merge conflict i don't know how to resolve,Env_Setup,Low
DBT000366,python version mismatch is breaking the autograder,Env_Setup,High
DBT000367,"hi, form submission is not updating the database",WebDev,Low
DBT000368,"hi, index out of bounds error only on the last test case, need to fix this soon",Debugging_Errors,Medium
DBT000369,index out of bounds error only on the last test case,Debugging_Errors,Critical
DBT000370,"foreign key constraint fails on insert, autograder is down and deadline is in minutes",Databases,Critical
DBT000371,"cors error when calling the backend from the frontend, deadline is tomorrow",WebDev,High
DBT000372,"hi, not sure which time complexity my solution actually has, no rush",Algorithms,Low
DBT000373,"hi, git merge conflict i don't know how to resolve, no rush",Env_Setup,Low
DBT000374,confused about when to use inheritance vs composition,OOP_Design,Low
DBT000375,"foreign key constraint fails on insert, need help asap",Databases,High
DBT000376,"hi, not sure how polymorphism applies to this assignment, would like this before the next class please help",OOP_Design,Medium
DBT000377,python version mismatch is breaking the autograder,Env_Setup,Low
DBT000378,"hi, form submission is not updating the database, need help asap",WebDev,High
DBT000379,"virtual environment not activating on windows, need to fix this soon",Env_Setup,Medium
DBT000380,"getting a null pointer exception i cannot trace, no rush",Debugging_Errors,Low
DBT000381,"constructor is not initializing the parent class fields, for future reference",OOP_Design,Low
DBT000382,"git merge conflict i don't know how to resolve, need to fix this soon",Env_Setup,Medium
DBT000383,"getting a null pointer exception i cannot trace, whenever you get a chance please help",Debugging_Errors,Low
DBT000384,"database connection keeps timing out during the demo, for future reference",Databases,Low
DBT000385,dynamic programming table is giving wrong values,Algorithms,High
DBT000386,"not sure which time complexity my solution actually has, for future reference",Algorithms,Low
DBT000387,"greedy approach fails on this specific test case, for future reference",Algorithms,Low
DBT000388,cannot install the required package on my laptop,Env_Setup,Medium
DBT000389,"confused about when to use inheritance vs composition, whenever you get a chance",OOP_Design,Low
DBT000390,"hi, extension request for the assignment due tonight, would like this before the next class",Deadline_Admin,Medium
DBT000391,"query is extremely slow on the test dataset, for future reference",Databases,Low
DBT000392,"while loop condition never becomes false, need to fix this soon",Loops_Recursion,Medium
DBT000393,"hi, react component re-renders infinitely, no rush",WebDev,Low
DBT000394,"query is extremely slow on the test dataset, for future reference",Databases,Low
DBT000395,"not sure how polymorphism applies to this assignment, would like this before the next class",OOP_Design,Medium
DBT000396,"exam is in two hours and autograder is down, need to fix this soon",Deadline_Admin,Medium
DBT000397,"graph traversal is missing some nodes, no rush please help",Algorithms,Low
DBT000398,"trying to understand tail recursion vs normal recursion, would like this before the next class",Loops_Recursion,Medium
DBT000399,"virtual environment not activating on windows, would like this before the next class",Env_Setup,Medium
DBT000400,exam is in two hours and autograder is down,Deadline_Admin,Critical
DBT000401,"hi, greedy approach fails on this specific test case, system crashed during the final demo",Algorithms,High
DBT000402,loop runs forever and I don't know why,Loops_Recursion,Medium
DBT000403,"hi, submission portal is not accepting my file before the deadline, this is blocking my progress",Deadline_Admin,High
DBT000404,"form submission is not updating the database, need to fix this soon",WebDev,Medium
DBT000405,"query is extremely slow on the test dataset, for future reference",Databases,Low
DBT000406,"loop runs forever and I don't know why, autograder is down and deadline is in minutes",Loops_Recursion,Critical
DBT000407,"python version mismatch is breaking the autograder, whenever you get a chance",Env_Setup,Low
DBT000408,"hi, loop runs forever and I don't know why",Loops_Recursion,Low
DBT000409,api call returns 404 only in production,WebDev,Low
DBT000410,"hi, virtual environment not activating on windows, need to fix this soon",Env_Setup,Medium
DBT000411,"my class diagram doesn't match the actual code structure, just curious",OOP_Design,Low
DBT000412,"submission portal is not accepting my file before the deadline, deadline is tomorrow please help",Deadline_Admin,High
DBT000413,"hi, form submission is not updating the database, no rush",WebDev,Low
DBT000414,"extension request for the assignment due tonight, for future reference",Deadline_Admin,Low
DBT000415,"not sure which time complexity my solution actually has, whenever you get a chance",Algorithms,Low
DBT000416,"hi, my code throws an error only on the grading server not locally, need to fix this soon",Debugging_Errors,Medium
DBT000417,"hi, my code throws an error only on the grading server not locally, need to fix this soon",Debugging_Errors,Medium
DBT000418,"exam is in two hours and autograder is down, for future reference",Deadline_Admin,Low
DBT000419,"query is extremely slow on the test dataset, whenever you get a chance",Databases,Low
DBT000420,"my sql join is returning duplicate rows, would like this before the next class",Databases,Medium
DBT000421,"greedy approach fails on this specific test case, need help asap",Algorithms,High
DBT000422,"git merge conflict i don't know how to resolve, for future reference",Env_Setup,Low
DBT000423,"trying to understand tail recursion vs normal recursion, would like this before the next class",Loops_Recursion,Medium
DBT000424,"not sure which time complexity my solution actually has, for future reference",Algorithms,Low
DBT000425,"my sql join is returning duplicate rows, for future reference",Databases,Low
DBT000426,"api call returns 404 only in production, would like this before the next class please help",WebDev,Medium
DBT000427,"python version mismatch is breaking the autograder, this is blocking my progress",Env_Setup,High
DBT000428,query is extremely slow on the test dataset,Databases,Low
DBT000429,"react component re-renders infinitely, need to fix this soon",WebDev,Medium
DBT000430,cannot install the required package on my laptop please help,Env_Setup,High
DBT000431,"foreign key constraint fails on insert, deadline is tomorrow",Databases,High
DBT000432,"for loop skips the last element, just curious",Loops_Recursion,Low
DBT000433,extension request for the assignment due tonight,Deadline_Admin,Medium
DBT000434,"not sure how to normalize this schema for the project, need to fix this soon",Databases,Medium
DBT000435,python version mismatch is breaking the autograder,Env_Setup,Medium
DBT000436,"react component re-renders infinitely, need help asap",WebDev,High
DBT000437,"index out of bounds error only on the last test case, this is blocking my progress",Debugging_Errors,High
DBT000438,"virtual environment not activating on windows, just curious",Env_Setup,Low
DBT000439,"cors error when calling the backend from the frontend, this is blocking my progress",WebDev,High
DBT000440,segmentation fault when i run the test suite,Debugging_Errors,Low
DBT000441,"cors error when calling the backend from the frontend, would like this before the next class",WebDev,Medium
DBT000442,"dynamic programming table is giving wrong values, no rush",Algorithms,Low
DBT000443,"python version mismatch is breaking the autograder, would like this before the next class",Env_Setup,Medium
DBT000444,"git merge conflict i don't know how to resolve, would like this before the next class",Env_Setup,Medium
DBT000445,"for loop skips the last element, no rush",Loops_Recursion,Low
DBT000446,getting a null pointer exception i cannot trace,Debugging_Errors,Medium
DBT000447,"hi, stack trace points to a line that looks fine to me, need to fix this soon",Debugging_Errors,Medium
DBT000448,"segmentation fault when i run the test suite, this is blocking my progress",Debugging_Errors,High
DBT000449,"trying to understand tail recursion vs normal recursion, for future reference",Loops_Recursion,Low
DBT000450,"hi, graph traversal is missing some nodes",Algorithms,Medium
DBT000451,"hi, cors error when calling the backend from the frontend",WebDev,Medium
DBT000452,not sure which time complexity my solution actually has please help,Algorithms,High
DBT000453,git merge conflict i don't know how to resolve,Env_Setup,High
DBT000454,not sure how polymorphism applies to this assignment,OOP_Design,Low
DBT000455,"my recursive function never hits the base case, would like this before the next class",Loops_Recursion,Medium
DBT000456,"trying to understand tail recursion vs normal recursion, this is blocking my progress",Loops_Recursion,High
DBT000457,"dynamic programming table is giving wrong values, for future reference",Algorithms,Low
DBT000458,"index out of bounds error only on the last test case, whenever you get a chance",Debugging_Errors,Low
DBT000459,"hi, segmentation fault when i run the test suite, no rush",Debugging_Errors,Low
DBT000460,python version mismatch is breaking the autograder,Env_Setup,Low
DBT000461,constructor is not initializing the parent class fields,OOP_Design,Medium
DBT000462,not sure how polymorphism applies to this assignment please help,OOP_Design,Low
DBT000463,"not sure which time complexity my solution actually has, this is blocking my progress",Algorithms,High
DBT000464,"greedy approach fails on this specific test case, no rush",Algorithms,Low
DBT000465,"hi, exam is in two hours and autograder is down, for future reference",Deadline_Admin,Low
DBT000466,"dynamic programming table is giving wrong values, autograder is down and deadline is in minutes",Algorithms,Critical
DBT000467,"my class diagram doesn't match the actual code structure, need to fix this soon",OOP_Design,Medium
DBT000468,"hi, git merge conflict i don't know how to resolve, for future reference please help",Env_Setup,Low
DBT000469,"python version mismatch is breaking the autograder, would like this before the next class please help",Env_Setup,Medium
DBT000470,"python version mismatch is breaking the autograder, whenever you get a chance",Env_Setup,Low
DBT000471,"hi, graph traversal is missing some nodes, would like this before the next class please help",Algorithms,Medium
DBT000472,"hi, while loop condition never becomes false, need to fix this soon",Loops_Recursion,Medium
DBT000473,"graph traversal is missing some nodes, just curious",Algorithms,Low
DBT000474,"hi, for loop skips the last element, no rush",Loops_Recursion,Low
DBT000475,"database connection keeps timing out during the demo, deadline is tomorrow",Databases,High
DBT000476,react component re-renders infinitely,WebDev,Critical
DBT000477,"hi, database connection keeps timing out during the demo please help",Databases,Medium
DBT000478,query is extremely slow on the test dataset,Databases,Medium
DBT000479,"index out of bounds error only on the last test case, for future reference",Debugging_Errors,Low
DBT000480,"hi, database connection keeps timing out during the demo please help",Databases,Medium
DBT000481,"loop runs forever and I don't know why, need to fix this soon please help",Loops_Recursion,Medium
DBT000482,"stack trace points to a line that looks fine to me, need help asap",Debugging_Errors,High
DBT000483,cannot install the required package on my laptop please help,Env_Setup,Medium
DBT000484,"my code throws an error only on the grading server not locally, need to fix this soon",Debugging_Errors,Medium
DBT000485,grade for the last assignment has not appeared yet,Deadline_Admin,Critical
DBT000486,"recursion depth exceeded error keeps showing up, just curious",Loops_Recursion,Low
DBT000487,"index out of bounds error only on the last test case, no rush please help",Debugging_Errors,Low
DBT000488,"hi, cannot install the required package on my laptop, would like this before the next class",Env_Setup,Medium
DBT000489,"constructor is not initializing the parent class fields, would like this before the next class",OOP_Design,Medium
DBT000490,"loop runs forever and I don't know why, whenever you get a chance",Loops_Recursion,Low
DBT000491,"form submission is not updating the database, just curious please help",WebDev,Low
DBT000492,"extension request for the assignment due tonight, submission is due in one hour",Deadline_Admin,Critical
DBT000493,"hi, getting an abstract method error in my subclass, no rush please help",OOP_Design,Low
DBT000494,not sure which time complexity my solution actually has,Algorithms,Medium
DBT000495,"git merge conflict i don't know how to resolve, would like this before the next class please help",Env_Setup,Medium
DBT000496,"while loop condition never becomes false, need to fix this soon",Loops_Recursion,Medium
DBT000497,"extension request for the assignment due tonight, no rush",Deadline_Admin,Low
DBT000498,"my code throws an error only on the grading server not locally, would like this before the next class",Debugging_Errors,Medium
DBT000499,dynamic programming table is giving wrong values,Algorithms,Critical
DBT000500,foreign key constraint fails on insert,Databases,Low
DBT000501,"hi, greedy approach fails on this specific test case, would like this before the next class",Algorithms,Medium
DBT000502,"hi, not sure how polymorphism applies to this assignment",OOP_Design,High
DBT000503,"foreign key constraint fails on insert, this is blocking my progress",Databases,High
DBT000504,"graph traversal is missing some nodes, no rush",Algorithms,Low
DBT000505,submission portal is not accepting my file before the deadline,Deadline_Admin,High
DBT000506,"segmentation fault when i run the test suite, deadline is tomorrow",Debugging_Errors,High
DBT000507,"extension request for the assignment due tonight, just curious",Deadline_Admin,Low
DBT000508,"cannot install the required package on my laptop, would like this before the next class",Env_Setup,Medium
DBT000509,"grade for the last assignment has not appeared yet, this is blocking my progress please help",Deadline_Admin,High
DBT000510,"cannot install the required package on my laptop, would like this before the next class",Env_Setup,Medium
DBT000511,git merge conflict i don't know how to resolve,Env_Setup,Low
DBT000512,git merge conflict i don't know how to resolve please help,Env_Setup,Low
DBT000513,"hi, form submission is not updating the database, just curious",WebDev,Low
DBT000514,"hi, api call returns 404 only in production, need to fix this soon",WebDev,Medium
DBT000515,"react component re-renders infinitely, deadline is tomorrow",WebDev,High
DBT000516,"my sorting algorithm is too slow for large inputs, whenever you get a chance",Algorithms,Low
DBT000517,"hi, submission portal is not accepting my file before the deadline, need to fix this soon",Deadline_Admin,Medium
DBT000518,"hi, not sure which time complexity my solution actually has, whenever you get a chance",Algorithms,Low
DBT000519,"hi, confused about when to use inheritance vs composition, for future reference",OOP_Design,Low
DBT000520,"my class diagram doesn't match the actual code structure, just curious",OOP_Design,Low
DBT000521,react component re-renders infinitely,WebDev,High
DBT000522,foreign key constraint fails on insert,Databases,Medium
DBT000523,"extension request for the assignment due tonight, would like this before the next class",Deadline_Admin,Medium
DBT000524,"python version mismatch is breaking the autograder, would like this before the next class",Env_Setup,Medium
DBT000525,"hi, getting a null pointer exception i cannot trace, just curious please help",Debugging_Errors,Low
DBT000526,"getting an abstract method error in my subclass, would like this before the next class",OOP_Design,Medium
DBT000527,cannot install the required package on my laptop,Env_Setup,Medium
DBT000528,"my sorting algorithm is too slow for large inputs, just curious",Algorithms,Low
DBT000529,"my sql join is returning duplicate rows, for future reference",Databases,Low
DBT000530,"submission portal is not accepting my file before the deadline, just curious",Deadline_Admin,Low
DBT000531,dynamic programming table is giving wrong values,Algorithms,Medium
DBT000532,"hi, getting an abstract method error in my subclass",OOP_Design,Low
DBT000533,confused about when to use inheritance vs composition,OOP_Design,Low
DBT000534,"exam is in two hours and autograder is down, no rush",Deadline_Admin,Low
DBT000535,"extension request for the assignment due tonight, system crashed during the final demo",Deadline_Admin,Critical
DBT000536,"virtual environment not activating on windows, whenever you get a chance",Env_Setup,Low
DBT000537,"hi, form submission is not updating the database, system crashed during the final demo",WebDev,Critical
DBT000538,not sure which time complexity my solution actually has,Algorithms,Low
DBT000539,"api call returns 404 only in production, need help asap",WebDev,High
DBT000540,"grade for the last assignment has not appeared yet, this is blocking my progress",Deadline_Admin,High
DBT000541,"hi, my recursive function never hits the base case, would like this before the next class",Loops_Recursion,Medium
DBT000542,"database connection keeps timing out during the demo, just curious",Databases,Low
DBT000543,"dynamic programming table is giving wrong values, for future reference please help",Algorithms,Low
DBT000544,"my class diagram doesn't match the actual code structure, for future reference",OOP_Design,Low
DBT000545,greedy approach fails on this specific test case,Algorithms,Critical
DBT000546,"hi, for loop skips the last element",Loops_Recursion,Low
DBT000547,"hi, getting an abstract method error in my subclass",OOP_Design,Low
DBT000548,"index out of bounds error only on the last test case, no rush",Debugging_Errors,Low
DBT000549,"hi, dynamic programming table is giving wrong values, need to fix this soon",Algorithms,Medium
DBT000550,"hi, for loop skips the last element",Loops_Recursion,Medium
DBT000551,"react component re-renders infinitely, just curious",WebDev,Low
DBT000552,"not sure which time complexity my solution actually has, need help asap",Algorithms,High
DBT000553,"foreign key constraint fails on insert, just curious",Databases,Low
DBT000554,"constructor is not initializing the parent class fields, for future reference",OOP_Design,Low
DBT000555,my class diagram doesn't match the actual code structure,OOP_Design,Low
DBT000556,"python version mismatch is breaking the autograder, just curious",Env_Setup,Low
DBT000557,"hi, greedy approach fails on this specific test case, would like this before the next class",Algorithms,Medium
DBT000558,"my recursive function never hits the base case, would like this before the next class",Loops_Recursion,Medium
DBT000559,confused about when to use inheritance vs composition,OOP_Design,Low
DBT000560,extension request for the assignment due tonight please help,Deadline_Admin,Medium
DBT000561,not sure how to normalize this schema for the project,Databases,Medium
DBT000562,"hi, extension request for the assignment due tonight",Deadline_Admin,Medium
DBT000563,"getting a null pointer exception i cannot trace, would like this before the next class",Debugging_Errors,Medium
DBT000564,"my sorting algorithm is too slow for large inputs, this is blocking my progress",Algorithms,High
DBT000565,"trying to understand tail recursion vs normal recursion, just curious",Loops_Recursion,Low
DBT000566,"hi, while loop condition never becomes false",Loops_Recursion,Low
DBT000567,form submission is not updating the database please help,WebDev,High
DBT000568,"git merge conflict i don't know how to resolve, would like this before the next class please help",Env_Setup,Medium
DBT000569,getting a null pointer exception i cannot trace,Debugging_Errors,High
DBT000570,"hi, extension request for the assignment due tonight, for future reference",Deadline_Admin,Low
DBT000571,"graph traversal is missing some nodes, whenever you get a chance please help",Algorithms,Low
DBT000572,"for loop skips the last element, no rush",Loops_Recursion,Low
DBT000573,"recursion depth exceeded error keeps showing up, autograder is down and deadline is in minutes",Loops_Recursion,Critical
DBT000574,"hi, form submission is not updating the database, need to fix this soon",WebDev,Medium
DBT000575,"for loop skips the last element, whenever you get a chance",Loops_Recursion,Low
DBT000576,"api call returns 404 only in production, need to fix this soon",WebDev,Medium
DBT000577,"my sorting algorithm is too slow for large inputs, just curious",Algorithms,Low
DBT000578,"react component re-renders infinitely, this is blocking my progress please help",WebDev,High
DBT000579,"hi, not sure how to normalize this schema for the project, need to fix this soon",Databases,Medium
DBT000580,"segmentation fault when i run the test suite, this is blocking my progress please help",Debugging_Errors,High
DBT000581,"greedy approach fails on this specific test case, would like this before the next class",Algorithms,Medium
DBT000582,"confused about when to use inheritance vs composition, for future reference",OOP_Design,Low
DBT000583,"hi, foreign key constraint fails on insert, for future reference",Databases,Low
DBT000584,"not sure which time complexity my solution actually has, for future reference",Algorithms,Low
DBT000585,"extension request for the assignment due tonight, would like this before the next class please help",Deadline_Admin,Medium
DBT000586,"cannot install the required package on my laptop, deadline is tomorrow",Env_Setup,High
DBT000587,"hi, for loop skips the last element, would like this before the next class please help",Loops_Recursion,Low
DBT000588,"index out of bounds error only on the last test case, whenever you get a chance",Debugging_Errors,Low
DBT000589,"dynamic programming table is giving wrong values, whenever you get a chance",Algorithms,Low
DBT000590,"not sure how to normalize this schema for the project, would like this before the next class",Databases,Medium
DBT000591,graph traversal is missing some nodes,Algorithms,High
DBT000592,"hi, getting an abstract method error in my subclass",OOP_Design,Medium
DBT000593,"hi, getting a null pointer exception i cannot trace, need to fix this soon please help",Debugging_Errors,Medium
DBT000594,python version mismatch is breaking the autograder,Env_Setup,Low
DBT000595,index out of bounds error only on the last test case,Debugging_Errors,High
DBT000596,"hi, confused about when to use inheritance vs composition, need help asap",OOP_Design,High
DBT000597,"my sql join is returning duplicate rows, would like this before the next class",Databases,Medium
DBT000598,"not sure how polymorphism applies to this assignment, no rush",OOP_Design,Low
DBT000599,"form submission is not updating the database, whenever you get a chance",WebDev,Low
DBT000600,"hi, my sql join is returning duplicate rows please help",Databases,Low
DBT000601,"cors error when calling the backend from the frontend, need help asap",WebDev,High
DBT000602,"cannot install the required package on my laptop, deadline is tomorrow",Env_Setup,High
DBT000603,"my class diagram doesn't match the actual code structure, whenever you get a chance",OOP_Design,Low
DBT000604,"while loop condition never becomes false, whenever you get a chance",Loops_Recursion,Low
DBT000605,"extension request for the assignment due tonight, this is blocking my progress",Deadline_Admin,High
DBT000606,dynamic programming table is giving wrong values,Algorithms,High
DBT000607,"index out of bounds error only on the last test case, for future reference",Debugging_Errors,Low
DBT000608,while loop condition never becomes false,Loops_Recursion,Low
DBT000609,"greedy approach fails on this specific test case, need to fix this soon",Algorithms,Medium
DBT000610,"hi, python version mismatch is breaking the autograder, would like this before the next class",Env_Setup,Medium
DBT000611,"query is extremely slow on the test dataset, deadline is tomorrow",Databases,High
DBT000612,"api call returns 404 only in production, would like this before the next class",WebDev,Medium
DBT000613,"index out of bounds error only on the last test case, deadline is tomorrow",Debugging_Errors,High
DBT000614,"hi, index out of bounds error only on the last test case, need to fix this soon",Debugging_Errors,Medium
DBT000615,git merge conflict i don't know how to resolve,Env_Setup,Medium
DBT000616,my sorting algorithm is too slow for large inputs,Algorithms,Low
DBT000617,"cors error when calling the backend from the frontend, this is blocking my progress",WebDev,High
DBT000618,"hi, getting an abstract method error in my subclass, would like this before the next class",OOP_Design,Medium
DBT000619,"hi, form submission is not updating the database, need to fix this soon",WebDev,Medium
DBT000620,"git merge conflict i don't know how to resolve, whenever you get a chance",Env_Setup,Low
DBT000621,"hi, database connection keeps timing out during the demo, deadline is tomorrow",Databases,High
DBT000622,"cors error when calling the backend from the frontend, just curious",WebDev,Low
DBT000623,"loop runs forever and I don't know why, for future reference",Loops_Recursion,Low
DBT000624,"for loop skips the last element, just curious",Loops_Recursion,Low
DBT000625,form submission is not updating the database,WebDev,Medium
DBT000626,"foreign key constraint fails on insert, would like this before the next class",Databases,Medium
DBT000627,loop runs forever and I don't know why,Loops_Recursion,Low
DBT000628,"recursion depth exceeded error keeps showing up, would like this before the next class",Loops_Recursion,Medium
DBT000629,"greedy approach fails on this specific test case, need help asap please help",Algorithms,High
DBT000630,"my recursive function never hits the base case, would like this before the next class",Loops_Recursion,Medium
DBT000631,"form submission is not updating the database, whenever you get a chance",WebDev,Low
DBT000632,"foreign key constraint fails on insert, would like this before the next class",Databases,Medium
DBT000633,not sure which time complexity my solution actually has please help,Algorithms,High
DBT000634,"trying to understand tail recursion vs normal recursion, deadline is tomorrow",Loops_Recursion,High
DBT000635,"hi, database connection keeps timing out during the demo, need help asap please help",Databases,High
DBT000636,"grade for the last assignment has not appeared yet, no rush",Deadline_Admin,Low
DBT000637,"query is extremely slow on the test dataset, need to fix this soon please help",Databases,Medium
DBT000638,"virtual environment not activating on windows, just curious",Env_Setup,Low
DBT000639,"hi, not sure which time complexity my solution actually has",Algorithms,Low
DBT000640,"getting a null pointer exception i cannot trace, need to fix this soon",Debugging_Errors,Medium
DBT000641,"my class diagram doesn't match the actual code structure, no rush",OOP_Design,Low
DBT000642,extension request for the assignment due tonight,Deadline_Admin,High
DBT000643,"not sure which time complexity my solution actually has, need help asap",Algorithms,High
DBT000644,"hi, confused about when to use inheritance vs composition",OOP_Design,Low
DBT000645,"cors error when calling the backend from the frontend, need to fix this soon",WebDev,Medium
DBT000646,"hi, database connection keeps timing out during the demo, whenever you get a chance",Databases,Low
DBT000647,"my sql join is returning duplicate rows, just curious",Databases,Low
DBT000648,react component re-renders infinitely,WebDev,Medium
DBT000649,"form submission is not updating the database, need to fix this soon",WebDev,Medium
DBT000650,"recursion depth exceeded error keeps showing up, would like this before the next class",Loops_Recursion,Medium
DBT000651,"segmentation fault when i run the test suite, need to fix this soon",Debugging_Errors,Medium
DBT000652,"exam is in two hours and autograder is down, this is blocking my progress",Deadline_Admin,High
DBT000653,"foreign key constraint fails on insert, whenever you get a chance",Databases,Low
DBT000654,"cannot install the required package on my laptop, need to fix this soon",Env_Setup,Low
DBT000655,"submission portal is not accepting my file before the deadline, whenever you get a chance please help",Deadline_Admin,Low
DBT000656,"graph traversal is missing some nodes, need to fix this soon",Algorithms,Medium
DBT000657,"hi, stack trace points to a line that looks fine to me, need to fix this soon",Debugging_Errors,Medium
DBT000658,"getting an abstract method error in my subclass, need to fix this soon",OOP_Design,Medium
DBT000659,"query is extremely slow on the test dataset, for future reference",Databases,Low
DBT000660,greedy approach fails on this specific test case,Algorithms,Low
DBT000661,"for loop skips the last element, exam is happening right now",Loops_Recursion,Critical
DBT000662,my class diagram doesn't match the actual code structure,OOP_Design,Low
DBT000663,"query is extremely slow on the test dataset, just curious",Databases,Low
DBT000664,"hi, recursion depth exceeded error keeps showing up, need help asap",Loops_Recursion,High
DBT000665,"my sql join is returning duplicate rows, no rush",Databases,Low
DBT000666,"hi, loop runs forever and I don't know why please help",Loops_Recursion,Low
DBT000667,"cors error when calling the backend from the frontend, whenever you get a chance",WebDev,Low
DBT000668,"api call returns 404 only in production, need to fix this soon",WebDev,Critical
DBT000669,"api call returns 404 only in production, for future reference",WebDev,Low
DBT000670,"hi, dynamic programming table is giving wrong values, need help asap",Algorithms,Critical
DBT000671,index out of bounds error only on the last test case,Debugging_Errors,High
DBT000672,"hi, stack trace points to a line that looks fine to me, this is blocking my progress",Debugging_Errors,High
DBT000673,"confused about when to use inheritance vs composition, just curious please help",OOP_Design,Low
DBT000674,"getting an abstract method error in my subclass, would like this before the next class",OOP_Design,Medium
DBT000675,"hi, cors error when calling the backend from the frontend, for future reference",WebDev,Low
DBT000676,"hi, trying to understand tail recursion vs normal recursion, for future reference please help",Loops_Recursion,Low
DBT000677,"exam is in two hours and autograder is down, deadline is tomorrow",Deadline_Admin,High
DBT000678,"not sure how polymorphism applies to this assignment, need to fix this soon",OOP_Design,Medium
DBT000679,"hi, not sure which time complexity my solution actually has",Algorithms,Low
DBT000680,"stack trace points to a line that looks fine to me, need help asap",Debugging_Errors,High
DBT000681,stack trace points to a line that looks fine to me,Debugging_Errors,Low
DBT000682,"trying to understand tail recursion vs normal recursion, need to fix this soon",Loops_Recursion,Medium
DBT000683,react component re-renders infinitely,WebDev,Medium
DBT000684,database connection keeps timing out during the demo,Databases,High
DBT000685,"git merge conflict i don't know how to resolve, just curious",Env_Setup,Low
DBT000686,"form submission is not updating the database, need to fix this soon",WebDev,Medium
DBT000687,"my sql join is returning duplicate rows, need to fix this soon please help",Databases,Medium
DBT000688,"not sure how to normalize this schema for the project, would like this before the next class",Databases,Medium
DBT000689,"hi, my sorting algorithm is too slow for large inputs, need to fix this soon",Algorithms,Medium
DBT000690,"graph traversal is missing some nodes, need to fix this soon please help",Algorithms,Medium
DBT000691,"cors error when calling the backend from the frontend, would like this before the next class please help",WebDev,Medium
DBT000692,"hi, not sure how to normalize this schema for the project, just curious",Databases,Low
DBT000693,for loop skips the last element please help,Loops_Recursion,Low
DBT000694,"database connection keeps timing out during the demo, need to fix this soon",Databases,Medium
DBT000695,not sure which time complexity my solution actually has,Algorithms,Low
DBT000696,"query is extremely slow on the test dataset, need help asap",Databases,High
DBT000697,"greedy approach fails on this specific test case, just curious please help",Algorithms,Low
DBT000698,"cors error when calling the backend from the frontend, just curious",WebDev,Low
DBT000699,graph traversal is missing some nodes,Algorithms,Low
DBT000700,"api call returns 404 only in production, for future reference please help",WebDev,Low
DBT000701,"form submission is not updating the database, no rush",WebDev,Low
DBT000702,"my class diagram doesn't match the actual code structure, need to fix this soon",OOP_Design,Medium
DBT000703,"hi, python version mismatch is breaking the autograder, need help asap",Env_Setup,High
DBT000704,react component re-renders infinitely,WebDev,Medium
DBT000705,"hi, getting an abstract method error in my subclass please help",OOP_Design,Medium
DBT000706,"cannot install the required package on my laptop, just curious",Env_Setup,Low
DBT000707,"my sql join is returning duplicate rows, would like this before the next class",Databases,Medium
DBT000708,getting an abstract method error in my subclass,OOP_Design,Low
DBT000709,"while loop condition never becomes false, would like this before the next class",Loops_Recursion,Medium
DBT000710,"getting an abstract method error in my subclass, no rush please help",OOP_Design,Low
DBT000711,"greedy approach fails on this specific test case, need to fix this soon",Algorithms,Medium
DBT000712,"segmentation fault when i run the test suite, whenever you get a chance",Debugging_Errors,Low
DBT000713,"git merge conflict i don't know how to resolve, would like this before the next class",Env_Setup,Critical
DBT000714,"my class diagram doesn't match the actual code structure, no rush",OOP_Design,Low
DBT000715,git merge conflict i don't know how to resolve,Env_Setup,Low
DBT000716,my class diagram doesn't match the actual code structure,OOP_Design,Critical
DBT000717,confused about when to use inheritance vs composition,OOP_Design,Medium
DBT000718,"hi, my sql join is returning duplicate rows",Databases,Medium
DBT000719,dynamic programming table is giving wrong values,Algorithms,Low
DBT000720,not sure which time complexity my solution actually has,Algorithms,Low
DBT000721,"query is extremely slow on the test dataset, just curious",Databases,Low
DBT000722,"hi, not sure how polymorphism applies to this assignment, just curious",OOP_Design,Low
DBT000723,"foreign key constraint fails on insert, need to fix this soon",Databases,Medium
DBT000724,constructor is not initializing the parent class fields please help,OOP_Design,Medium
DBT000725,extension request for the assignment due tonight,Deadline_Admin,Low
DBT000726,"not sure how polymorphism applies to this assignment, no rush",OOP_Design,Low
DBT000727,"react component re-renders infinitely, just curious",WebDev,Low
DBT000728,"not sure how polymorphism applies to this assignment, deadline is tomorrow",OOP_Design,High
DBT000729,"form submission is not updating the database, would like this before the next class",WebDev,Medium
DBT000730,while loop condition never becomes false please help,Loops_Recursion,Medium
DBT000731,"hi, loop runs forever and I don't know why, no rush",Loops_Recursion,Low
DBT000732,"constructor is not initializing the parent class fields, would like this before the next class",OOP_Design,Medium
DBT000733,"not sure which time complexity my solution actually has, this is blocking my progress",Algorithms,High
DBT000734,"my class diagram doesn't match the actual code structure, no rush",OOP_Design,Low
DBT000735,"trying to understand tail recursion vs normal recursion, need to fix this soon",Loops_Recursion,Medium
DBT000736,"cors error when calling the backend from the frontend, need to fix this soon",WebDev,Medium
DBT000737,"cors error when calling the backend from the frontend, no rush",WebDev,Low
DBT000738,"recursion depth exceeded error keeps showing up, no rush",Loops_Recursion,Low
DBT000739,"hi, for loop skips the last element, need to fix this soon",Loops_Recursion,Medium
DBT000740,"hi, my class diagram doesn't match the actual code structure, just curious",OOP_Design,Low
DBT000741,"hi, cannot install the required package on my laptop",Env_Setup,Low
DBT000742,"index out of bounds error only on the last test case, just curious",Debugging_Errors,Low
DBT000743,"hi, not sure how polymorphism applies to this assignment, would like this before the next class",OOP_Design,Medium
DBT000744,"database connection keeps timing out during the demo, would like this before the next class",Databases,Medium
DBT000745,"dynamic programming table is giving wrong values, need to fix this soon",Algorithms,Medium
DBT000746,"hi, my class diagram doesn't match the actual code structure",OOP_Design,Low
DBT000747,"extension request for the assignment due tonight, deadline is tomorrow",Deadline_Admin,High
DBT000748,"query is extremely slow on the test dataset, this is blocking my progress",Databases,High
DBT000749,getting an abstract method error in my subclass,OOP_Design,Low
DBT000750,"hi, constructor is not initializing the parent class fields, need to fix this soon",OOP_Design,Medium
DBT000751,"hi, my sql join is returning duplicate rows, need to fix this soon",Databases,Medium
DBT000752,"python version mismatch is breaking the autograder, just curious",Env_Setup,Low
DBT000753,"graph traversal is missing some nodes, no rush",Algorithms,Low
DBT000754,"grade for the last assignment has not appeared yet, for future reference please help",Deadline_Admin,Low
DBT000755,"while loop condition never becomes false, would like this before the next class",Loops_Recursion,Medium
DBT000756,"getting a null pointer exception i cannot trace, deadline is tomorrow",Debugging_Errors,High
DBT000757,recursion depth exceeded error keeps showing up,Loops_Recursion,Low
DBT000758,exam is in two hours and autograder is down,Deadline_Admin,High
DBT000759,"extension request for the assignment due tonight, submission is due in one hour please help",Deadline_Admin,Critical
DBT000760,"database connection keeps timing out during the demo, for future reference",Databases,Low
DBT000761,"trying to understand tail recursion vs normal recursion, need help asap",Loops_Recursion,High
DBT000762,"foreign key constraint fails on insert, would like this before the next class",Databases,Medium
DBT000763,"hi, git merge conflict i don't know how to resolve",Env_Setup,Low
DBT000764,"not sure how to normalize this schema for the project, this is blocking my progress",Databases,High
DBT000765,"grade for the last assignment has not appeared yet, for future reference",Deadline_Admin,Low
DBT000766,"graph traversal is missing some nodes, just curious",Algorithms,Low
DBT000767,foreign key constraint fails on insert,Databases,Low
DBT000768,cannot install the required package on my laptop,Env_Setup,Medium
DBT000769,"my sorting algorithm is too slow for large inputs, for future reference",Algorithms,Low
DBT000770,"database connection keeps timing out during the demo, deadline is tomorrow",Databases,High
DBT000771,"foreign key constraint fails on insert, just curious",Databases,Low
DBT000772,for loop skips the last element,Loops_Recursion,Critical
DBT000773,while loop condition never becomes false please help,Loops_Recursion,Medium
DBT000774,"react component re-renders infinitely, would like this before the next class please help",WebDev,Medium
DBT000775,"cannot install the required package on my laptop, system crashed during the final demo",Env_Setup,Critical
DBT000776,submission portal is not accepting my file before the deadline,Deadline_Admin,Low
DBT000777,"hi, my class diagram doesn't match the actual code structure, for future reference",OOP_Design,Low
DBT000778,"api call returns 404 only in production, would like this before the next class",WebDev,Medium
DBT000779,"hi, virtual environment not activating on windows, just curious",Env_Setup,Low
DBT000780,"cannot install the required package on my laptop, would like this before the next class",Env_Setup,Medium
DBT000781,"while loop condition never becomes false, need help asap",Loops_Recursion,High
DBT000782,trying to understand tail recursion vs normal recursion please help,Loops_Recursion,Low
DBT000783,"greedy approach fails on this specific test case, whenever you get a chance",Algorithms,Low
DBT000784,"while loop condition never becomes false, deadline is tomorrow please help",Loops_Recursion,High
DBT000785,"database connection keeps timing out during the demo, deadline is tomorrow",Databases,High
DBT000786,"query is extremely slow on the test dataset, for future reference",Databases,Low
DBT000787,"hi, not sure how to normalize this schema for the project please help",Databases,Medium
DBT000788,dynamic programming table is giving wrong values,Algorithms,Low
DBT000789,"cannot install the required package on my laptop, would like this before the next class",Env_Setup,Medium
DBT000790,"hi, my sql join is returning duplicate rows, would like this before the next class please help",Databases,Medium
DBT000791,"hi, for loop skips the last element, would like this before the next class",Loops_Recursion,Critical
DBT000792,form submission is not updating the database,WebDev,Medium
DBT000793,"exam is in two hours and autograder is down, would like this before the next class",Deadline_Admin,Medium
DBT000794,"hi, graph traversal is missing some nodes, whenever you get a chance",Algorithms,Low
DBT000795,"trying to understand tail recursion vs normal recursion, this is blocking my progress",Loops_Recursion,High
DBT000796,"exam is in two hours and autograder is down, this is blocking my progress",Deadline_Admin,High
DBT000797,"hi, cors error when calling the backend from the frontend, just curious",WebDev,Low
DBT000798,"index out of bounds error only on the last test case, need to fix this soon",Debugging_Errors,Medium
DBT000799,"extension request for the assignment due tonight, this is blocking my progress",Deadline_Admin,High
DBT000800,segmentation fault when i run the test suite,Debugging_Errors,Medium
DBT000801,loop runs forever and I don't know why,Loops_Recursion,Low
DBT000802,"submission portal is not accepting my file before the deadline, for future reference",Deadline_Admin,Low
DBT000803,"constructor is not initializing the parent class fields, whenever you get a chance",OOP_Design,Low
DBT000804,"not sure which time complexity my solution actually has, this is blocking my progress please help",Algorithms,High
DBT000805,my code throws an error only on the grading server not locally,Debugging_Errors,Medium
DBT000806,cors error when calling the backend from the frontend,WebDev,Medium
DBT000807,"stack trace points to a line that looks fine to me, for future reference",Debugging_Errors,Low
DBT000808,"cors error when calling the backend from the frontend, would like this before the next class",WebDev,Medium
DBT000809,"hi, my sql join is returning duplicate rows, just curious",Databases,Low
DBT000810,my recursive function never hits the base case,Loops_Recursion,Medium
DBT000811,"hi, loop runs forever and I don't know why, for future reference",Loops_Recursion,Low
DBT000812,"segmentation fault when i run the test suite, this is blocking my progress",Debugging_Errors,High
DBT000813,"my sql join is returning duplicate rows, for future reference",Databases,Low
DBT000814,stack trace points to a line that looks fine to me,Debugging_Errors,Low
DBT000815,"hi, for loop skips the last element",Loops_Recursion,Medium
DBT000816,"foreign key constraint fails on insert, would like this before the next class",Databases,Medium
DBT000817,"my class diagram doesn't match the actual code structure, no rush",OOP_Design,Low
DBT000818,"hi, my sql join is returning duplicate rows, would like this before the next class",Databases,Medium
DBT000819,"hi, python version mismatch is breaking the autograder, deadline is tomorrow",Env_Setup,High
DBT000820,database connection keeps timing out during the demo,Databases,Medium
DBT000821,"not sure which time complexity my solution actually has, need to fix this soon",Algorithms,Medium
DBT000822,"extension request for the assignment due tonight, deadline is tomorrow",Deadline_Admin,High
DBT000823,"hi, cannot install the required package on my laptop",Env_Setup,High
DBT000824,"hi, constructor is not initializing the parent class fields",OOP_Design,Low
DBT000825,"my sql join is returning duplicate rows, just curious",Databases,Low
DBT000826,database connection keeps timing out during the demo,Databases,Medium
DBT000827,"index out of bounds error only on the last test case, deadline is tomorrow please help",Debugging_Errors,High
DBT000828,not sure how polymorphism applies to this assignment,OOP_Design,Low
DBT000829,"constructor is not initializing the parent class fields, no rush",OOP_Design,Low
DBT000830,"confused about when to use inheritance vs composition, deadline is tomorrow",OOP_Design,High
DBT000831,"hi, python version mismatch is breaking the autograder, just curious",Env_Setup,Low
DBT000832,"query is extremely slow on the test dataset, whenever you get a chance",Databases,Low
DBT000833,constructor is not initializing the parent class fields,OOP_Design,High
DBT000834,virtual environment not activating on windows,Env_Setup,Low
DBT000835,"react component re-renders infinitely, would like this before the next class",WebDev,Medium
DBT000836,getting a null pointer exception i cannot trace,Debugging_Errors,Medium
DBT000837,"hi, virtual environment not activating on windows",Env_Setup,Medium
DBT000838,getting an abstract method error in my subclass,OOP_Design,Medium
DBT000839,"my class diagram doesn't match the actual code structure, just curious",OOP_Design,Low
DBT000840,"greedy approach fails on this specific test case, no rush",Algorithms,Low
DBT000841,"my sql join is returning duplicate rows, for future reference",Databases,Low
DBT000842,"virtual environment not activating on windows, no rush",Env_Setup,Low
DBT000843,"my sql join is returning duplicate rows, whenever you get a chance",Databases,Low
DBT000844,"react component re-renders infinitely, whenever you get a chance",WebDev,Low
DBT000845,"grade for the last assignment has not appeared yet, whenever you get a chance",Deadline_Admin,Low
DBT000846,"database connection keeps timing out during the demo, system crashed during the final demo",Databases,Critical
DBT000847,segmentation fault when i run the test suite,Debugging_Errors,Low
DBT000848,"graph traversal is missing some nodes, for future reference please help",Algorithms,Low
DBT000849,"extension request for the assignment due tonight, deadline is tomorrow",Deadline_Admin,High
DBT000850,"segmentation fault when i run the test suite, need help asap",Debugging_Errors,High
DBT000851,"cannot install the required package on my laptop, exam is happening right now please help",Env_Setup,Critical
DBT000852,"hi, my code throws an error only on the grading server not locally, this is blocking my progress please help",Debugging_Errors,High
DBT000853,"hi, recursion depth exceeded error keeps showing up, no rush",Loops_Recursion,Low
DBT000854,"hi, constructor is not initializing the parent class fields",OOP_Design,Low
DBT000855,confused about when to use inheritance vs composition,OOP_Design,Medium
DBT000856,form submission is not updating the database,WebDev,Low
DBT000857,"hi, for loop skips the last element",Loops_Recursion,Low
DBT000858,my sql join is returning duplicate rows please help,Databases,Low
DBT000859,"hi, loop runs forever and I don't know why, no rush",Loops_Recursion,Low
DBT000860,"confused about when to use inheritance vs composition, no rush",OOP_Design,Low
DBT000861,"stack trace points to a line that looks fine to me, need to fix this soon",Debugging_Errors,Medium
DBT000862,"submission portal is not accepting my file before the deadline, need help asap",Deadline_Admin,High
DBT000863,"confused about when to use inheritance vs composition, just curious",OOP_Design,Low
DBT000864,"confused about when to use inheritance vs composition, no rush",OOP_Design,Low
DBT000865,"my recursive function never hits the base case, system crashed during the final demo",Loops_Recursion,Critical
DBT000866,"python version mismatch is breaking the autograder, this is blocking my progress",Env_Setup,High
DBT000867,"hi, grade for the last assignment has not appeared yet, just curious please help",Deadline_Admin,Low
DBT000868,"hi, segmentation fault when i run the test suite, need help asap",Debugging_Errors,High
DBT000869,"foreign key constraint fails on insert, whenever you get a chance",Databases,Low
DBT000870,"hi, exam is in two hours and autograder is down, no rush",Deadline_Admin,Low
DBT000871,"confused about when to use inheritance vs composition, whenever you get a chance",OOP_Design,Low
DBT000872,"hi, my class diagram doesn't match the actual code structure, would like this before the next class",OOP_Design,Medium
DBT000873,"hi, getting an abstract method error in my subclass, for future reference",OOP_Design,Low
DBT000874,for loop skips the last element,Loops_Recursion,Medium
DBT000875,not sure how to normalize this schema for the project,Databases,High
DBT000876,"constructor is not initializing the parent class fields, just curious",OOP_Design,Low
DBT000877,"exam is in two hours and autograder is down, need to fix this soon",Deadline_Admin,Low
DBT000878,"while loop condition never becomes false, no rush",Loops_Recursion,Low
DBT000879,"not sure which time complexity my solution actually has, no rush",Algorithms,Low
DBT000880,"constructor is not initializing the parent class fields, just curious",OOP_Design,Low
DBT000881,"hi, not sure how to normalize this schema for the project, this is blocking my progress",Databases,High
DBT000882,"segmentation fault when i run the test suite, need to fix this soon",Debugging_Errors,Medium
DBT000883,"python version mismatch is breaking the autograder, need to fix this soon",Env_Setup,Medium
DBT000884,"hi, recursion depth exceeded error keeps showing up",Loops_Recursion,Low
DBT000885,"hi, constructor is not initializing the parent class fields",OOP_Design,Low
DBT000886,"react component re-renders infinitely, no rush",WebDev,Low
DBT000887,"my sql join is returning duplicate rows, would like this before the next class",Databases,Medium
DBT000888,for loop skips the last element,Loops_Recursion,Low
DBT000889,virtual environment not activating on windows please help,Env_Setup,Low
DBT000890,"virtual environment not activating on windows, would like this before the next class",Env_Setup,Medium
DBT000891,"index out of bounds error only on the last test case, need to fix this soon",Debugging_Errors,Medium
DBT000892,"hi, my class diagram doesn't match the actual code structure, just curious",OOP_Design,Low
DBT000893,"hi, cors error when calling the backend from the frontend, submission is due in one hour",WebDev,Critical
DBT000894,"exam is in two hours and autograder is down, need help asap please help",Deadline_Admin,High
DBT000895,"cors error when calling the backend from the frontend, no rush please help",WebDev,Low
DBT000896,"segmentation fault when i run the test suite, need to fix this soon please help",Debugging_Errors,Medium
DBT000897,"confused about when to use inheritance vs composition, would like this before the next class",OOP_Design,Medium
DBT000898,grade for the last assignment has not appeared yet,Deadline_Admin,High
DBT000899,"getting an abstract method error in my subclass, would like this before the next class",OOP_Design,Medium
DBT000900,"my class diagram doesn't match the actual code structure, no rush",OOP_Design,Low
DBT000901,confused about when to use inheritance vs composition,OOP_Design,Medium
DBT000902,while loop condition never becomes false,Loops_Recursion,High
DBT000903,"git merge conflict i don't know how to resolve, need to fix this soon please help",Env_Setup,Medium
DBT000904,"extension request for the assignment due tonight, need to fix this soon",Deadline_Admin,Medium
DBT000905,"trying to understand tail recursion vs normal recursion, need help asap",Loops_Recursion,High
DBT000906,cannot install the required package on my laptop please help,Env_Setup,Low
DBT000907,"api call returns 404 only in production, just curious",WebDev,Low
DBT000908,"cannot install the required package on my laptop, whenever you get a chance please help",Env_Setup,Low
DBT000909,graph traversal is missing some nodes,Algorithms,Medium
DBT000910,"submission portal is not accepting my file before the deadline, would like this before the next class please help",Deadline_Admin,Medium
DBT000911,"getting an abstract method error in my subclass, would like this before the next class please help",OOP_Design,Medium
DBT000912,"for loop skips the last element, no rush please help",Loops_Recursion,Low
DBT000913,graph traversal is missing some nodes please help,Algorithms,Low
DBT000914,"extension request for the assignment due tonight, need to fix this soon",Deadline_Admin,Medium
DBT000915,"hi, my recursive function never hits the base case",Loops_Recursion,Low
DBT000916,"greedy approach fails on this specific test case, whenever you get a chance",Algorithms,Low
DBT000917,"segmentation fault when i run the test suite, whenever you get a chance",Debugging_Errors,Low
DBT000918,"constructor is not initializing the parent class fields, just curious",OOP_Design,Low
DBT000919,"hi, not sure how polymorphism applies to this assignment, would like this before the next class",OOP_Design,Medium
DBT000920,"hi, my code throws an error only on the grading server not locally, for future reference please help",Debugging_Errors,Low
DBT000921,"hi, greedy approach fails on this specific test case, would like this before the next class please help",Algorithms,Medium
DBT000922,"hi, segmentation fault when i run the test suite",Debugging_Errors,Medium
DBT000923,"constructor is not initializing the parent class fields, whenever you get a chance",OOP_Design,Low
DBT000924,"form submission is not updating the database, whenever you get a chance",WebDev,Low
DBT000925,"my sql join is returning duplicate rows, just curious",Databases,Low
DBT000926,"loop runs forever and I don't know why, deadline is tomorrow",Loops_Recursion,High
DBT000927,"hi, form submission is not updating the database, for future reference",WebDev,Low
DBT000928,"git merge conflict i don't know how to resolve, whenever you get a chance",Env_Setup,Low
DBT000929,"recursion depth exceeded error keeps showing up, no rush",Loops_Recursion,Low
DBT000930,"hi, react component re-renders infinitely, no rush please help",WebDev,Low
DBT000931,"hi, trying to understand tail recursion vs normal recursion",Loops_Recursion,High
DBT000932,"my code throws an error only on the grading server not locally, no rush",Debugging_Errors,Low
DBT000933,"recursion depth exceeded error keeps showing up, need to fix this soon",Loops_Recursion,Medium
DBT000934,"greedy approach fails on this specific test case, need to fix this soon please help",Algorithms,Medium
DBT000935,my recursive function never hits the base case,Loops_Recursion,Medium
DBT000936,"not sure how polymorphism applies to this assignment, just curious please help",OOP_Design,Low
DBT000937,not sure which time complexity my solution actually has please help,Algorithms,Medium
DBT000938,form submission is not updating the database,WebDev,Low
DBT000939,"my code throws an error only on the grading server not locally, just curious please help",Debugging_Errors,Low
DBT000940,"form submission is not updating the database, need to fix this soon please help",WebDev,Medium
DBT000941,"exam is in two hours and autograder is down, submission is due in one hour",Deadline_Admin,Critical
DBT000942,"virtual environment not activating on windows, for future reference",Env_Setup,Low
DBT000943,"confused about when to use inheritance vs composition, need to fix this soon",OOP_Design,Medium
DBT000944,"while loop condition never becomes false, would like this before the next class",Loops_Recursion,Medium
DBT000945,"stack trace points to a line that looks fine to me, this is blocking my progress",Debugging_Errors,High
DBT000946,"hi, cors error when calling the backend from the frontend",WebDev,Low
DBT000947,"hi, cannot install the required package on my laptop, for future reference",Env_Setup,Low
DBT000948,"hi, my sql join is returning duplicate rows",Databases,Low
DBT000949,my recursive function never hits the base case,Loops_Recursion,Medium
DBT000950,my class diagram doesn't match the actual code structure,OOP_Design,High
DBT000951,confused about when to use inheritance vs composition,OOP_Design,Low
DBT000952,"hi, api call returns 404 only in production, for future reference",WebDev,Low
DBT000953,"database connection keeps timing out during the demo, whenever you get a chance please help",Databases,Low
DBT000954,trying to understand tail recursion vs normal recursion please help,Loops_Recursion,Low
DBT000955,"hi, api call returns 404 only in production",WebDev,Critical
DBT000956,"dynamic programming table is giving wrong values, need help asap",Algorithms,High
DBT000957,virtual environment not activating on windows please help,Env_Setup,Medium
DBT000958,"hi, getting a null pointer exception i cannot trace, for future reference",Debugging_Errors,Low
DBT000959,"graph traversal is missing some nodes, autograder is down and deadline is in minutes",Algorithms,Critical
DBT000960,"cors error when calling the backend from the frontend, would like this before the next class",WebDev,Medium
DBT000961,"hi, exam is in two hours and autograder is down, this is blocking my progress",Deadline_Admin,High
DBT000962,"for loop skips the last element, for future reference",Loops_Recursion,Low
DBT000963,"trying to understand tail recursion vs normal recursion, would like this before the next class",Loops_Recursion,Medium
DBT000964,"hi, exam is in two hours and autograder is down please help",Deadline_Admin,High
DBT000965,trying to understand tail recursion vs normal recursion,Loops_Recursion,Medium
DBT000966,"hi, getting a null pointer exception i cannot trace, whenever you get a chance please help",Debugging_Errors,Low
DBT000967,"hi, virtual environment not activating on windows, need help asap",Env_Setup,High
DBT000968,"hi, submission portal is not accepting my file before the deadline, whenever you get a chance",Deadline_Admin,Low
DBT000969,"grade for the last assignment has not appeared yet, need to fix this soon",Deadline_Admin,Medium
DBT000970,"hi, my sql join is returning duplicate rows, would like this before the next class please help",Databases,Medium
DBT000971,"for loop skips the last element, deadline is tomorrow",Loops_Recursion,High
DBT000972,"stack trace points to a line that looks fine to me, would like this before the next class",Debugging_Errors,Medium
DBT000973,"virtual environment not activating on windows, would like this before the next class please help",Env_Setup,Medium
DBT000974,"python version mismatch is breaking the autograder, no rush",Env_Setup,Low
DBT000975,"hi, cannot install the required package on my laptop, would like this before the next class please help",Env_Setup,Medium
DBT000976,"while loop condition never becomes false, need to fix this soon",Loops_Recursion,Medium
DBT000977,"hi, for loop skips the last element, this is blocking my progress please help",Loops_Recursion,High
DBT000978,api call returns 404 only in production,WebDev,Low
DBT000979,"hi, trying to understand tail recursion vs normal recursion, need to fix this soon",Loops_Recursion,Medium
DBT000980,"segmentation fault when i run the test suite, for future reference",Debugging_Errors,Low
DBT000981,"hi, submission portal is not accepting my file before the deadline, need to fix this soon",Deadline_Admin,Medium
DBT000982,"index out of bounds error only on the last test case, would like this before the next class",Debugging_Errors,Medium
DBT000983,"for loop skips the last element, whenever you get a chance",Loops_Recursion,Low
DBT000984,"api call returns 404 only in production, need to fix this soon",WebDev,Medium
DBT000985,"hi, cors error when calling the backend from the frontend",WebDev,High
DBT000986,"form submission is not updating the database, deadline is tomorrow please help",WebDev,High
DBT000987,"my sorting algorithm is too slow for large inputs, need to fix this soon please help",Algorithms,Medium
DBT000988,my sorting algorithm is too slow for large inputs,Algorithms,Medium
DBT000989,"index out of bounds error only on the last test case, need help asap",Debugging_Errors,High
DBT000990,"hi, query is extremely slow on the test dataset, for future reference",Databases,Low
DBT000991,"python version mismatch is breaking the autograder, just curious",Env_Setup,Low
DBT000992,"for loop skips the last element, would like this before the next class",Loops_Recursion,Medium
DBT000993,"exam is in two hours and autograder is down, whenever you get a chance",Deadline_Admin,Low
DBT000994,index out of bounds error only on the last test case,Debugging_Errors,Low
DBT000995,constructor is not initializing the parent class fields,OOP_Design,Low
DBT000996,"query is extremely slow on the test dataset, would like this before the next class",Databases,Medium
DBT000997,"segmentation fault when i run the test suite, need to fix this soon",Debugging_Errors,Medium
DBT000998,"greedy approach fails on this specific test case, would like this before the next class",Algorithms,Medium
DBT000999,trying to understand tail recursion vs normal recursion,Loops_Recursion,Low
DBT001000,"getting a null pointer exception i cannot trace, need to fix this soon",Debugging_Errors,Medium
DBT001001,"my code throws an error only on the grading server not locally, for future reference",Debugging_Errors,Low
DBT001002,"hi, graph traversal is missing some nodes, exam is happening right now please help",Algorithms,Critical
DBT001003,segmentation fault when i run the test suite,Debugging_Errors,Medium
DBT001004,"hi, loop runs forever and I don't know why, whenever you get a chance",Loops_Recursion,Low
DBT001005,"hi, git merge conflict i don't know how to resolve, whenever you get a chance",Env_Setup,Low
DBT001006,"foreign key constraint fails on insert, for future reference please help",Databases,Low
DBT001007,recursion depth exceeded error keeps showing up,Loops_Recursion,Medium
DBT001008,"while loop condition never becomes false, would like this before the next class please help",Loops_Recursion,Medium
DBT001009,"grade for the last assignment has not appeared yet, this is blocking my progress",Deadline_Admin,High
DBT001010,getting an abstract method error in my subclass,OOP_Design,High
DBT001011,"hi, index out of bounds error only on the last test case, would like this before the next class",Debugging_Errors,Medium
DBT001012,extension request for the assignment due tonight,Deadline_Admin,Medium
DBT001013,foreign key constraint fails on insert,Databases,Low
DBT001014,"grade for the last assignment has not appeared yet, for future reference please help",Deadline_Admin,Low
DBT001015,"index out of bounds error only on the last test case, would like this before the next class",Debugging_Errors,Medium
DBT001016,"submission portal is not accepting my file before the deadline, would like this before the next class",Deadline_Admin,Medium
DBT001017,extension request for the assignment due tonight,Deadline_Admin,Critical
DBT001018,"grade for the last assignment has not appeared yet, would like this before the next class",Deadline_Admin,Medium
DBT001019,"hi, form submission is not updating the database",WebDev,Medium
DBT001020,"extension request for the assignment due tonight, need to fix this soon please help",Deadline_Admin,Medium
DBT001021,trying to understand tail recursion vs normal recursion,Loops_Recursion,Low
DBT001022,not sure how polymorphism applies to this assignment please help,OOP_Design,Medium
DBT001023,"constructor is not initializing the parent class fields, whenever you get a chance",OOP_Design,Low
DBT001024,"not sure how polymorphism applies to this assignment, just curious",OOP_Design,Low
DBT001025,"git merge conflict i don't know how to resolve, for future reference",Env_Setup,Low
DBT001026,"virtual environment not activating on windows, for future reference please help",Env_Setup,Low
DBT001027,"hi, virtual environment not activating on windows, no rush",Env_Setup,Low
DBT001028,"not sure which time complexity my solution actually has, need help asap",Algorithms,High
DBT001029,"dynamic programming table is giving wrong values, just curious",Algorithms,Low
DBT001030,foreign key constraint fails on insert,Databases,Low
DBT001031,"hi, greedy approach fails on this specific test case, need help asap",Algorithms,High
DBT001032,"exam is in two hours and autograder is down, no rush",Deadline_Admin,Low
DBT001033,"python version mismatch is breaking the autograder, whenever you get a chance",Env_Setup,Low
DBT001034,"exam is in two hours and autograder is down, need help asap",Deadline_Admin,High
DBT001035,segmentation fault when i run the test suite,Debugging_Errors,Low
DBT001036,"my code throws an error only on the grading server not locally, would like this before the next class please help",Debugging_Errors,Medium
DBT001037,"not sure how polymorphism applies to this assignment, for future reference",OOP_Design,Low
DBT001038,"getting an abstract method error in my subclass, would like this before the next class please help",OOP_Design,Medium
DBT001039,trying to understand tail recursion vs normal recursion,Loops_Recursion,High
DBT001040,"my sorting algorithm is too slow for large inputs, no rush",Algorithms,Low
DBT001041,"hi, query is extremely slow on the test dataset please help",Databases,Low
DBT001042,"submission portal is not accepting my file before the deadline, whenever you get a chance",Deadline_Admin,Low
DBT001043,"hi, foreign key constraint fails on insert, need to fix this soon",Databases,Medium
DBT001044,recursion depth exceeded error keeps showing up,Loops_Recursion,Low
DBT001045,"my code throws an error only on the grading server not locally, exam is happening right now please help",Debugging_Errors,Critical
DBT001046,confused about when to use inheritance vs composition,OOP_Design,Medium
DBT001047,form submission is not updating the database,WebDev,Low
DBT001048,"extension request for the assignment due tonight, system crashed during the final demo",Deadline_Admin,Critical
DBT001049,"loop runs forever and I don't know why, would like this before the next class",Loops_Recursion,Low
DBT001050,"hi, not sure how to normalize this schema for the project, deadline is tomorrow please help",Databases,High
DBT001051,"hi, extension request for the assignment due tonight, deadline is tomorrow please help",Deadline_Admin,High
DBT001052,query is extremely slow on the test dataset,Databases,Medium
DBT001053,"getting an abstract method error in my subclass, need to fix this soon",OOP_Design,Medium
DBT001054,"react component re-renders infinitely, need to fix this soon",WebDev,Medium
DBT001055,"api call returns 404 only in production, this is blocking my progress",WebDev,High
DBT001056,"graph traversal is missing some nodes, no rush",Algorithms,Low
DBT001057,grade for the last assignment has not appeared yet,Deadline_Admin,Medium
DBT001058,"my recursive function never hits the base case, would like this before the next class",Loops_Recursion,Medium
DBT001059,form submission is not updating the database,WebDev,Medium
DBT001060,"hi, extension request for the assignment due tonight, exam is happening right now",Deadline_Admin,Critical
DBT001061,"virtual environment not activating on windows, whenever you get a chance",Env_Setup,Low
DBT001062,"grade for the last assignment has not appeared yet, deadline is tomorrow",Deadline_Admin,High
DBT001063,"exam is in two hours and autograder is down, deadline is tomorrow",Deadline_Admin,Medium
DBT001064,my recursive function never hits the base case,Loops_Recursion,Low
DBT001065,"api call returns 404 only in production, for future reference",WebDev,Low
DBT001066,"hi, virtual environment not activating on windows, need help asap",Env_Setup,High
DBT001067,python version mismatch is breaking the autograder,Env_Setup,Low
DBT001068,"api call returns 404 only in production, just curious",WebDev,Low
DBT001069,"graph traversal is missing some nodes, need to fix this soon",Algorithms,Medium
DBT001070,"cannot install the required package on my laptop, no rush",Env_Setup,Low
DBT001071,"my class diagram doesn't match the actual code structure, for future reference",OOP_Design,Low
DBT001072,"python version mismatch is breaking the autograder, no rush",Env_Setup,Low
DBT001073,"my class diagram doesn't match the actual code structure, for future reference please help",OOP_Design,Low
DBT001074,"hi, my class diagram doesn't match the actual code structure",OOP_Design,Low
DBT001075,"submission portal is not accepting my file before the deadline, need help asap",Deadline_Admin,High
DBT001076,"confused about when to use inheritance vs composition, need help asap",OOP_Design,High
DBT001077,"python version mismatch is breaking the autograder, whenever you get a chance",Env_Setup,Low
DBT001078,"git merge conflict i don't know how to resolve, deadline is tomorrow please help",Env_Setup,High
DBT001079,cannot install the required package on my laptop,Env_Setup,Medium
DBT001080,"segmentation fault when i run the test suite, need to fix this soon",Debugging_Errors,Medium
DBT001081,"hi, trying to understand tail recursion vs normal recursion, need to fix this soon",Loops_Recursion,Medium
DBT001082,stack trace points to a line that looks fine to me please help,Debugging_Errors,High
DBT001083,submission portal is not accepting my file before the deadline,Deadline_Admin,High
DBT001084,database connection keeps timing out during the demo,Databases,High
DBT001085,"extension request for the assignment due tonight, exam is happening right now",Deadline_Admin,Critical
DBT001086,"form submission is not updating the database, need to fix this soon",WebDev,Medium
DBT001087,"hi, constructor is not initializing the parent class fields",OOP_Design,Medium
DBT001088,greedy approach fails on this specific test case,Algorithms,Medium
DBT001089,"exam is in two hours and autograder is down, need to fix this soon",Deadline_Admin,Medium
DBT001090,"index out of bounds error only on the last test case, deadline is tomorrow",Debugging_Errors,High
DBT001091,"cors error when calling the backend from the frontend, need to fix this soon",WebDev,Medium
DBT001092,"not sure how to normalize this schema for the project, would like this before the next class",Databases,Medium
DBT001093,"python version mismatch is breaking the autograder, for future reference",Env_Setup,Low
DBT001094,"api call returns 404 only in production, this is blocking my progress please help",WebDev,High
DBT001095,"hi, while loop condition never becomes false",Loops_Recursion,Low
DBT001096,"index out of bounds error only on the last test case, need to fix this soon",Debugging_Errors,Medium
DBT001097,my code throws an error only on the grading server not locally,Debugging_Errors,Low
DBT001098,"git merge conflict i don't know how to resolve, no rush",Env_Setup,Low
DBT001099,"graph traversal is missing some nodes, no rush",Algorithms,Low
DBT001100,"hi, python version mismatch is breaking the autograder, for future reference please help",Env_Setup,Low
DBT001101,"form submission is not updating the database, this is blocking my progress",WebDev,High
DBT001102,"hi, trying to understand tail recursion vs normal recursion, whenever you get a chance please help",Loops_Recursion,Low
DBT001103,"graph traversal is missing some nodes, no rush please help",Algorithms,Low
DBT001104,"segmentation fault when i run the test suite, just curious",Debugging_Errors,Low
DBT001105,"graph traversal is missing some nodes, whenever you get a chance please help",Algorithms,Low
DBT001106,"segmentation fault when i run the test suite, need to fix this soon",Debugging_Errors,Medium
DBT001107,"cors error when calling the backend from the frontend, no rush",WebDev,Low
DBT001108,"git merge conflict i don't know how to resolve, for future reference please help",Env_Setup,Low
DBT001109,"virtual environment not activating on windows, for future reference",Env_Setup,Low
DBT001110,cors error when calling the backend from the frontend,WebDev,High
DBT001111,graph traversal is missing some nodes please help,Algorithms,Medium
DBT001112,extension request for the assignment due tonight,Deadline_Admin,Low
DBT001113,"confused about when to use inheritance vs composition, whenever you get a chance",OOP_Design,Low
DBT001114,"hi, not sure how polymorphism applies to this assignment, no rush",OOP_Design,Low
DBT001115,"hi, stack trace points to a line that looks fine to me",Debugging_Errors,Medium
DBT001116,"confused about when to use inheritance vs composition, need to fix this soon",OOP_Design,Medium
DBT001117,"hi, query is extremely slow on the test dataset, system crashed during the final demo",Databases,Critical
DBT001118,"loop runs forever and I don't know why, for future reference",Loops_Recursion,Low
DBT001119,"react component re-renders infinitely, deadline is tomorrow",WebDev,High
DBT001120,"hi, getting a null pointer exception i cannot trace, just curious",Debugging_Errors,Low
DBT001121,"query is extremely slow on the test dataset, deadline is tomorrow",Databases,High
DBT001122,"constructor is not initializing the parent class fields, need to fix this soon",OOP_Design,Medium
DBT001123,"while loop condition never becomes false, would like this before the next class",Loops_Recursion,Medium
DBT001124,cannot install the required package on my laptop please help,Env_Setup,Low
DBT001125,"stack trace points to a line that looks fine to me, this is blocking my progress",Debugging_Errors,High
DBT001126,"hi, exam is in two hours and autograder is down, need to fix this soon",Deadline_Admin,Medium
DBT001127,"hi, recursion depth exceeded error keeps showing up, for future reference",Loops_Recursion,Low
DBT001128,"trying to understand tail recursion vs normal recursion, deadline is tomorrow",Loops_Recursion,High
DBT001129,"segmentation fault when i run the test suite, need to fix this soon",Debugging_Errors,Medium
DBT001130,"hi, extension request for the assignment due tonight, need to fix this soon",Deadline_Admin,Medium
DBT001131,"not sure how polymorphism applies to this assignment, for future reference",OOP_Design,Low
DBT001132,"database connection keeps timing out during the demo, need to fix this soon please help",Databases,High
DBT001133,"react component re-renders infinitely, need help asap",WebDev,High
DBT001134,"virtual environment not activating on windows, would like this before the next class please help",Env_Setup,Medium
DBT001135,graph traversal is missing some nodes,Algorithms,Low
DBT001136,not sure which time complexity my solution actually has please help,Algorithms,Low
DBT001137,"hi, not sure which time complexity my solution actually has, need to fix this soon",Algorithms,Medium
DBT001138,"loop runs forever and I don't know why, autograder is down and deadline is in minutes",Loops_Recursion,Critical
DBT001139,"index out of bounds error only on the last test case, this is blocking my progress please help",Debugging_Errors,High
DBT001140,"greedy approach fails on this specific test case, would like this before the next class",Algorithms,Medium
DBT001141,"virtual environment not activating on windows, for future reference",Env_Setup,Low
DBT001142,"constructor is not initializing the parent class fields, would like this before the next class",OOP_Design,Medium
DBT001143,"greedy approach fails on this specific test case, submission is due in one hour",Algorithms,Critical
DBT001144,"hi, api call returns 404 only in production, would like this before the next class",WebDev,Medium
DBT001145,api call returns 404 only in production please help,WebDev,Medium
DBT001146,"git merge conflict i don't know how to resolve, no rush",Env_Setup,Low
DBT001147,"greedy approach fails on this specific test case, whenever you get a chance",Algorithms,Low
DBT001148,"not sure which time complexity my solution actually has, this is blocking my progress",Algorithms,High
DBT001149,"hi, my sorting algorithm is too slow for large inputs, would like this before the next class",Algorithms,Medium
DBT001150,cannot install the required package on my laptop,Env_Setup,Medium
DBT001151,"hi, recursion depth exceeded error keeps showing up, autograder is down and deadline is in minutes",Loops_Recursion,Critical
DBT001152,"form submission is not updating the database, this is blocking my progress",WebDev,High
DBT001153,"not sure how polymorphism applies to this assignment, need to fix this soon please help",OOP_Design,Medium
DBT001154,"hi, stack trace points to a line that looks fine to me, would like this before the next class",Debugging_Errors,Medium
DBT001155,"graph traversal is missing some nodes, for future reference please help",Algorithms,Low
DBT001156,"hi, not sure how to normalize this schema for the project, would like this before the next class",Databases,Medium
DBT001157,"for loop skips the last element, no rush",Loops_Recursion,Low
DBT001158,my recursive function never hits the base case,Loops_Recursion,High
DBT001159,"not sure how to normalize this schema for the project, this is blocking my progress",Databases,High
DBT001160,"grade for the last assignment has not appeared yet, need help asap",Deadline_Admin,High
DBT001161,"graph traversal is missing some nodes, system crashed during the final demo please help",Algorithms,Critical
DBT001162,"getting a null pointer exception i cannot trace, no rush please help",Debugging_Errors,Low
DBT001163,"while loop condition never becomes false, just curious please help",Loops_Recursion,Low
DBT001164,"hi, query is extremely slow on the test dataset, no rush",Databases,Low
DBT001165,"trying to understand tail recursion vs normal recursion, no rush",Loops_Recursion,Low
DBT001166,"cannot install the required package on my laptop, this is blocking my progress",Env_Setup,High
DBT001167,"my code throws an error only on the grading server not locally, deadline is tomorrow please help",Debugging_Errors,High
DBT001168,"cannot install the required package on my laptop, would like this before the next class",Env_Setup,Medium
DBT001169,"hi, trying to understand tail recursion vs normal recursion, need to fix this soon",Loops_Recursion,Medium
DBT001170,"my code throws an error only on the grading server not locally, deadline is tomorrow",Debugging_Errors,High
DBT001171,"segmentation fault when i run the test suite, just curious",Debugging_Errors,Low
DBT001172,"my sql join is returning duplicate rows, just curious",Databases,Low
DBT001173,segmentation fault when i run the test suite,Debugging_Errors,High
DBT001174,"hi, exam is in two hours and autograder is down",Deadline_Admin,Low
DBT001175,"constructor is not initializing the parent class fields, for future reference",OOP_Design,Low
DBT001176,"hi, cors error when calling the backend from the frontend, system crashed during the final demo please help",WebDev,Critical
DBT001177,"my sql join is returning duplicate rows, need to fix this soon",Databases,Medium
DBT001178,"git merge conflict i don't know how to resolve, no rush",Env_Setup,Low
DBT001179,"exam is in two hours and autograder is down, need to fix this soon",Deadline_Admin,Medium
DBT001180,"my recursive function never hits the base case, no rush",Loops_Recursion,Low
DBT001181,"python version mismatch is breaking the autograder, this is blocking my progress",Env_Setup,High
DBT001182,"for loop skips the last element, for future reference",Loops_Recursion,Low
DBT001183,"while loop condition never becomes false, would like this before the next class",Loops_Recursion,Medium
DBT001184,"while loop condition never becomes false, whenever you get a chance",Loops_Recursion,Low
DBT001185,"not sure how to normalize this schema for the project, would like this before the next class please help",Databases,Medium
DBT001186,"trying to understand tail recursion vs normal recursion, would like this before the next class",Loops_Recursion,Medium
DBT001187,submission portal is not accepting my file before the deadline,Deadline_Admin,Low
DBT001188,"not sure how polymorphism applies to this assignment, whenever you get a chance",OOP_Design,Low
DBT001189,"git merge conflict i don't know how to resolve, for future reference",Env_Setup,Low
DBT001190,"for loop skips the last element, for future reference",Loops_Recursion,Low
DBT001191,"confused about when to use inheritance vs composition, this is blocking my progress",OOP_Design,High
DBT001192,"hi, my sql join is returning duplicate rows, this is blocking my progress",Databases,High
DBT001193,"database connection keeps timing out during the demo, just curious",Databases,Low
DBT001194,"dynamic programming table is giving wrong values, would like this before the next class",Algorithms,Medium
DBT001195,"api call returns 404 only in production, whenever you get a chance",WebDev,Low
DBT001196,git merge conflict i don't know how to resolve please help,Env_Setup,Medium
DBT001197,"virtual environment not activating on windows, would like this before the next class",Env_Setup,Medium
DBT001198,my class diagram doesn't match the actual code structure,OOP_Design,Low
DBT001199,exam is in two hours and autograder is down,Deadline_Admin,Low
DBT001200,for loop skips the last element please help,Loops_Recursion,Medium
DBT001201,"api call returns 404 only in production, no rush",WebDev,Low
DBT001202,"not sure which time complexity my solution actually has, just curious",Algorithms,Low
DBT001203,"react component re-renders infinitely, would like this before the next class please help",WebDev,Medium
DBT001204,"hi, my recursive function never hits the base case, would like this before the next class",Loops_Recursion,Medium
DBT001205,"api call returns 404 only in production, just curious",WebDev,Low
DBT001206,"database connection keeps timing out during the demo, just curious",Databases,Low
DBT001207,"greedy approach fails on this specific test case, need help asap",Algorithms,High
DBT001208,dynamic programming table is giving wrong values,Algorithms,Low
DBT001209,"form submission is not updating the database, just curious please help",WebDev,Low
DBT001210,"hi, not sure how to normalize this schema for the project, for future reference",Databases,Low
DBT001211,"cannot install the required package on my laptop, would like this before the next class",Env_Setup,Medium
DBT001212,"my class diagram doesn't match the actual code structure, just curious",OOP_Design,Low
DBT001213,"while loop condition never becomes false, for future reference please help",Loops_Recursion,Low
DBT001214,"grade for the last assignment has not appeared yet, autograder is down and deadline is in minutes",Deadline_Admin,Critical
DBT001215,confused about when to use inheritance vs composition please help,OOP_Design,Low
DBT001216,segmentation fault when i run the test suite,Debugging_Errors,High
DBT001217,form submission is not updating the database,WebDev,Low
DBT001218,"getting an abstract method error in my subclass, need help asap please help",OOP_Design,High
DBT001219,"my sorting algorithm is too slow for large inputs, would like this before the next class",Algorithms,Medium
DBT001220,"hi, cors error when calling the backend from the frontend",WebDev,Low
DBT001221,"my class diagram doesn't match the actual code structure, would like this before the next class please help",OOP_Design,Medium
DBT001222,"submission portal is not accepting my file before the deadline, would like this before the next class",Deadline_Admin,Medium
DBT001223,"exam is in two hours and autograder is down, just curious please help",Deadline_Admin,Low
DBT001224,"form submission is not updating the database, need to fix this soon",WebDev,Medium
DBT001225,"recursion depth exceeded error keeps showing up, would like this before the next class",Loops_Recursion,Medium
DBT001226,"loop runs forever and I don't know why, no rush please help",Loops_Recursion,Low
DBT001227,"hi, my sorting algorithm is too slow for large inputs, need to fix this soon",Algorithms,Medium
DBT001228,git merge conflict i don't know how to resolve,Env_Setup,Medium
DBT001229,"grade for the last assignment has not appeared yet, just curious please help",Deadline_Admin,Low
DBT001230,"cors error when calling the backend from the frontend, need to fix this soon please help",WebDev,Medium
DBT001231,"recursion depth exceeded error keeps showing up, would like this before the next class",Loops_Recursion,Medium
DBT001232,"python version mismatch is breaking the autograder, for future reference",Env_Setup,Low
DBT001233,cannot install the required package on my laptop please help,Env_Setup,Low
DBT001234,"git merge conflict i don't know how to resolve, whenever you get a chance",Env_Setup,Low
DBT001235,"submission portal is not accepting my file before the deadline, whenever you get a chance",Deadline_Admin,Low
DBT001236,submission portal is not accepting my file before the deadline,Deadline_Admin,Medium
DBT001237,python version mismatch is breaking the autograder,Env_Setup,Medium
DBT001238,"my sorting algorithm is too slow for large inputs, would like this before the next class",Algorithms,Medium
DBT001239,"segmentation fault when i run the test suite, need help asap please help",Debugging_Errors,High
DBT001240,"confused about when to use inheritance vs composition, would like this before the next class",OOP_Design,Medium
DBT001241,"react component re-renders infinitely, need to fix this soon",WebDev,Medium
DBT001242,"not sure how polymorphism applies to this assignment, for future reference",OOP_Design,Low
DBT001243,"stack trace points to a line that looks fine to me, this is blocking my progress",Debugging_Errors,High
DBT001244,"exam is in two hours and autograder is down, need help asap",Deadline_Admin,High
DBT001245,"my class diagram doesn't match the actual code structure, this is blocking my progress",OOP_Design,High
DBT001246,grade for the last assignment has not appeared yet,Deadline_Admin,Critical
DBT001247,"database connection keeps timing out during the demo, no rush",Databases,Low
DBT001248,"submission portal is not accepting my file before the deadline, no rush",Deadline_Admin,Low
DBT001249,"foreign key constraint fails on insert, no rush",Databases,Low
DBT001250,git merge conflict i don't know how to resolve,Env_Setup,Medium
DBT001251,"my class diagram doesn't match the actual code structure, need help asap please help",OOP_Design,High
DBT001252,"foreign key constraint fails on insert, just curious",Databases,Low
DBT001253,not sure which time complexity my solution actually has please help,Algorithms,High
DBT001254,my sql join is returning duplicate rows,Databases,Low
DBT001255,"confused about when to use inheritance vs composition, need to fix this soon",OOP_Design,Medium
DBT001256,"react component re-renders infinitely, for future reference",WebDev,Low
DBT001257,"cannot install the required package on my laptop, no rush",Env_Setup,Low
DBT001258,"form submission is not updating the database, just curious please help",WebDev,Low
DBT001259,"hi, my code throws an error only on the grading server not locally",Debugging_Errors,Low
DBT001260,form submission is not updating the database please help,WebDev,Medium
DBT001261,cors error when calling the backend from the frontend,WebDev,Medium
DBT001262,"virtual environment not activating on windows, need to fix this soon please help",Env_Setup,Medium
DBT001263,"hi, greedy approach fails on this specific test case",Algorithms,Medium
DBT001264,"hi, constructor is not initializing the parent class fields, no rush",OOP_Design,Low
DBT001265,"form submission is not updating the database, for future reference",WebDev,Low
DBT001266,"hi, virtual environment not activating on windows, just curious",Env_Setup,Low
DBT001267,"hi, database connection keeps timing out during the demo, whenever you get a chance",Databases,Low
DBT001268,"confused about when to use inheritance vs composition, whenever you get a chance",OOP_Design,Low
DBT001269,"query is extremely slow on the test dataset, this is blocking my progress",Databases,High
DBT001270,getting an abstract method error in my subclass,OOP_Design,Low
DBT001271,form submission is not updating the database,WebDev,High
DBT001272,"my sql join is returning duplicate rows, for future reference",Databases,Low
DBT001273,"segmentation fault when i run the test suite, for future reference please help",Debugging_Errors,Low
DBT001274,"foreign key constraint fails on insert, would like this before the next class",Databases,Medium
DBT001275,react component re-renders infinitely,WebDev,High
DBT001276,"hi, exam is in two hours and autograder is down",Deadline_Admin,Low
DBT001277,foreign key constraint fails on insert,Databases,Medium
DBT001278,"while loop condition never becomes false, whenever you get a chance please help",Loops_Recursion,Low
DBT001279,"my sql join is returning duplicate rows, for future reference",Databases,Low
DBT001280,"hi, my recursive function never hits the base case, need to fix this soon",Loops_Recursion,Medium
DBT001281,react component re-renders infinitely,WebDev,Low
DBT001282,my sorting algorithm is too slow for large inputs,Algorithms,Low
DBT001283,"for loop skips the last element, need to fix this soon please help",Loops_Recursion,Medium
DBT001284,react component re-renders infinitely please help,WebDev,High
DBT001285,"not sure which time complexity my solution actually has, need to fix this soon",Algorithms,Medium
DBT001286,"segmentation fault when i run the test suite, need to fix this soon please help",Debugging_Errors,Medium
DBT001287,greedy approach fails on this specific test case please help,Algorithms,Low
DBT001288,"hi, index out of bounds error only on the last test case",Debugging_Errors,High
DBT001289,"python version mismatch is breaking the autograder, no rush",Env_Setup,Low
DBT001290,"hi, cors error when calling the backend from the frontend, just curious",WebDev,Low
DBT001291,"python version mismatch is breaking the autograder, deadline is tomorrow",Env_Setup,High
DBT001292,"hi, exam is in two hours and autograder is down",Deadline_Admin,Medium
DBT001293,"for loop skips the last element, whenever you get a chance",Loops_Recursion,Low
DBT001294,"hi, virtual environment not activating on windows",Env_Setup,Low
DBT001295,"segmentation fault when i run the test suite, need to fix this soon please help",Debugging_Errors,Medium
DBT001296,"my sorting algorithm is too slow for large inputs, would like this before the next class",Algorithms,Medium
DBT001297,"constructor is not initializing the parent class fields, would like this before the next class",OOP_Design,Medium
DBT001298,foreign key constraint fails on insert,Databases,High
DBT001299,extension request for the assignment due tonight,Deadline_Admin,Low
DBT001300,"hi, query is extremely slow on the test dataset please help",Databases,High
DBT001301,"hi, stack trace points to a line that looks fine to me, need to fix this soon",Debugging_Errors,Medium
DBT001302,"trying to understand tail recursion vs normal recursion, would like this before the next class",Loops_Recursion,Medium
DBT001303,"my sql join is returning duplicate rows, no rush",Databases,Low
DBT001304,"form submission is not updating the database, need to fix this soon",WebDev,Medium
DBT001305,"react component re-renders infinitely, need help asap",WebDev,High
DBT001306,"graph traversal is missing some nodes, whenever you get a chance",Algorithms,Medium
DBT001307,"form submission is not updating the database, just curious please help",WebDev,Low
DBT001308,"hi, graph traversal is missing some nodes, system crashed during the final demo",Algorithms,Critical
DBT001309,constructor is not initializing the parent class fields,OOP_Design,High
DBT001310,"hi, grade for the last assignment has not appeared yet, need help asap",Deadline_Admin,High
DBT001311,"hi, greedy approach fails on this specific test case",Algorithms,Medium
DBT001312,api call returns 404 only in production,WebDev,Medium
DBT001313,"hi, grade for the last assignment has not appeared yet, would like this before the next class",Deadline_Admin,Medium
DBT001314,"hi, submission portal is not accepting my file before the deadline, whenever you get a chance please help",Deadline_Admin,Low
DBT001315,"extension request for the assignment due tonight, need help asap",Deadline_Admin,High
DBT001316,"not sure how to normalize this schema for the project, need to fix this soon",Databases,Medium
DBT001317,"hi, database connection keeps timing out during the demo, would like this before the next class",Databases,Medium
DBT001318,cors error when calling the backend from the frontend,WebDev,Medium
DBT001319,"cors error when calling the backend from the frontend, submission is due in one hour",WebDev,Critical
DBT001320,"database connection keeps timing out during the demo, this is blocking my progress",Databases,High
DBT001321,"not sure which time complexity my solution actually has, need to fix this soon",Algorithms,Medium
DBT001322,"not sure how to normalize this schema for the project, would like this before the next class",Databases,Medium
DBT001323,"hi, foreign key constraint fails on insert please help",Databases,Medium
DBT001324,"submission portal is not accepting my file before the deadline, would like this before the next class",Deadline_Admin,High
DBT001325,graph traversal is missing some nodes,Algorithms,Critical
DBT001326,"hi, while loop condition never becomes false please help",Loops_Recursion,Low
DBT001327,"hi, react component re-renders infinitely, need help asap",WebDev,High
DBT001328,"foreign key constraint fails on insert, would like this before the next class",Databases,Medium
DBT001329,"while loop condition never becomes false, no rush",Loops_Recursion,Low
DBT001330,constructor is not initializing the parent class fields,OOP_Design,Low
DBT001331,"trying to understand tail recursion vs normal recursion, would like this before the next class please help",Loops_Recursion,Medium
DBT001332,"foreign key constraint fails on insert, need to fix this soon please help",Databases,Medium
DBT001333,"api call returns 404 only in production, just curious",WebDev,Low
DBT001334,"hi, query is extremely slow on the test dataset, need help asap",Databases,High
DBT001335,"hi, stack trace points to a line that looks fine to me",Debugging_Errors,Medium
DBT001336,for loop skips the last element,Loops_Recursion,Low
DBT001337,"segmentation fault when i run the test suite, whenever you get a chance",Debugging_Errors,Low
DBT001338,foreign key constraint fails on insert,Databases,Low
DBT001339,"my sql join is returning duplicate rows, system crashed during the final demo",Databases,Critical
DBT001340,database connection keeps timing out during the demo,Databases,Medium
DBT001341,"api call returns 404 only in production, would like this before the next class",WebDev,Medium
DBT001342,"recursion depth exceeded error keeps showing up, would like this before the next class",Loops_Recursion,Medium
DBT001343,"my recursive function never hits the base case, just curious",Loops_Recursion,Low
DBT001344,"for loop skips the last element, whenever you get a chance",Loops_Recursion,Low
DBT001345,"my sql join is returning duplicate rows, whenever you get a chance",Databases,Low
DBT001346,not sure how polymorphism applies to this assignment please help,OOP_Design,Critical
DBT001347,exam is in two hours and autograder is down,Deadline_Admin,High
DBT001348,"hi, git merge conflict i don't know how to resolve, need to fix this soon",Env_Setup,Medium
DBT001349,"cannot install the required package on my laptop, no rush please help",Env_Setup,Low
DBT001350,"graph traversal is missing some nodes, no rush",Algorithms,Low
DBT001351,query is extremely slow on the test dataset,Databases,Low
DBT001352,"database connection keeps timing out during the demo, need to fix this soon",Databases,Medium
DBT001353,"my code throws an error only on the grading server not locally, need to fix this soon please help",Debugging_Errors,Medium
DBT001354,"hi, not sure how to normalize this schema for the project",Databases,Low
DBT001355,"segmentation fault when i run the test suite, autograder is down and deadline is in minutes",Debugging_Errors,Critical
DBT001356,"dynamic programming table is giving wrong values, for future reference",Algorithms,Low
DBT001357,"foreign key constraint fails on insert, deadline is tomorrow",Databases,High
DBT001358,"dynamic programming table is giving wrong values, just curious",Algorithms,Low
DBT001359,"not sure how polymorphism applies to this assignment, deadline is tomorrow",OOP_Design,High
DBT001360,"hi, exam is in two hours and autograder is down, no rush",Deadline_Admin,Low
DBT001361,"hi, loop runs forever and I don't know why, for future reference please help",Loops_Recursion,Low
DBT001362,"confused about when to use inheritance vs composition, deadline is tomorrow",OOP_Design,High
DBT001363,extension request for the assignment due tonight,Deadline_Admin,Low
DBT001364,form submission is not updating the database,WebDev,Low
DBT001365,grade for the last assignment has not appeared yet,Deadline_Admin,Low
DBT001366,"while loop condition never becomes false, autograder is down and deadline is in minutes",Loops_Recursion,Critical
DBT001367,"loop runs forever and I don't know why, for future reference",Loops_Recursion,Low
DBT001368,"confused about when to use inheritance vs composition, this is blocking my progress",OOP_Design,High
DBT001369,"hi, greedy approach fails on this specific test case, need to fix this soon",Algorithms,Medium
DBT001370,"hi, query is extremely slow on the test dataset, for future reference",Databases,Low
DBT001371,"while loop condition never becomes false, need to fix this soon",Loops_Recursion,Medium
DBT001372,index out of bounds error only on the last test case,Debugging_Errors,High
DBT001373,trying to understand tail recursion vs normal recursion,Loops_Recursion,Medium
DBT001374,"recursion depth exceeded error keeps showing up, no rush",Loops_Recursion,Low
DBT001375,"hi, submission portal is not accepting my file before the deadline",Deadline_Admin,Low
DBT001376,"not sure which time complexity my solution actually has, need help asap",Algorithms,High
DBT001377,"submission portal is not accepting my file before the deadline, no rush please help",Deadline_Admin,Low
DBT001378,"hi, react component re-renders infinitely, need help asap",WebDev,High
DBT001379,"cors error when calling the backend from the frontend, for future reference",WebDev,Low
DBT001380,"segmentation fault when i run the test suite, this is blocking my progress",Debugging_Errors,High
DBT001381,"git merge conflict i don't know how to resolve, whenever you get a chance please help",Env_Setup,Low
DBT001382,"my sql join is returning duplicate rows, need to fix this soon",Databases,Medium
DBT001383,"hi, extension request for the assignment due tonight, no rush",Deadline_Admin,Low
DBT001384,"getting a null pointer exception i cannot trace, just curious",Debugging_Errors,Low
DBT001385,"hi, form submission is not updating the database",WebDev,Low
DBT001386,"loop runs forever and I don't know why, whenever you get a chance please help",Loops_Recursion,Low
DBT001387,"hi, api call returns 404 only in production, need to fix this soon",WebDev,Medium
DBT001388,"for loop skips the last element, need to fix this soon",Loops_Recursion,Medium
DBT001389,"hi, foreign key constraint fails on insert",Databases,Medium
DBT001390,database connection keeps timing out during the demo,Databases,Medium
DBT001391,my recursive function never hits the base case,Loops_Recursion,Low
DBT001392,extension request for the assignment due tonight,Deadline_Admin,High
DBT001393,cors error when calling the backend from the frontend,WebDev,Low
DBT001394,"python version mismatch is breaking the autograder, would like this before the next class",Env_Setup,Medium
DBT001395,"cannot install the required package on my laptop, just curious",Env_Setup,Low
DBT001396,"my class diagram doesn't match the actual code structure, just curious",OOP_Design,Low
DBT001397,"loop runs forever and I don't know why, whenever you get a chance",Loops_Recursion,Low
DBT001398,"foreign key constraint fails on insert, just curious",Databases,Low
DBT001399,cannot install the required package on my laptop please help,Env_Setup,Medium
DBT001400,"my code throws an error only on the grading server not locally, for future reference",Debugging_Errors,Low
DBT001401,"not sure which time complexity my solution actually has, just curious",Algorithms,Low
DBT001402,"exam is in two hours and autograder is down, need help asap",Deadline_Admin,High
DBT001403,"hi, grade for the last assignment has not appeared yet, autograder is down and deadline is in minutes",Deadline_Admin,Critical
DBT001404,"virtual environment not activating on windows, deadline is tomorrow",Env_Setup,High
DBT001405,"hi, foreign key constraint fails on insert please help",Databases,Critical
DBT001406,"grade for the last assignment has not appeared yet, deadline is tomorrow",Deadline_Admin,High
DBT001407,grade for the last assignment has not appeared yet,Deadline_Admin,Medium
DBT001408,"hi, cannot install the required package on my laptop, for future reference",Env_Setup,Low
DBT001409,"greedy approach fails on this specific test case, for future reference please help",Algorithms,Low
DBT001410,"hi, database connection keeps timing out during the demo, for future reference",Databases,Low
DBT001411,"api call returns 404 only in production, would like this before the next class",WebDev,Medium
DBT001412,"hi, form submission is not updating the database",WebDev,Medium
DBT001413,"react component re-renders infinitely, need help asap",WebDev,High
DBT001414,form submission is not updating the database,WebDev,Low
DBT001415,"foreign key constraint fails on insert, deadline is tomorrow please help",Databases,High
DBT001416,exam is in two hours and autograder is down please help,Deadline_Admin,Low
DBT001417,"dynamic programming table is giving wrong values, just curious",Algorithms,Low
DBT001418,"hi, dynamic programming table is giving wrong values, deadline is tomorrow",Algorithms,High
DBT001419,"graph traversal is missing some nodes, whenever you get a chance",Algorithms,Low
DBT001420,"hi, constructor is not initializing the parent class fields, just curious",OOP_Design,Low
DBT001421,"getting an abstract method error in my subclass, autograder is down and deadline is in minutes",OOP_Design,Critical
DBT001422,not sure how to normalize this schema for the project,Databases,High
DBT001423,"hi, my sql join is returning duplicate rows, would like this before the next class please help",Databases,Medium
DBT001424,"hi, virtual environment not activating on windows, this is blocking my progress",Env_Setup,High
DBT001425,"hi, query is extremely slow on the test dataset, deadline is tomorrow",Databases,High
DBT001426,"recursion depth exceeded error keeps showing up, need help asap",Loops_Recursion,High
DBT001427,"my sorting algorithm is too slow for large inputs, for future reference",Algorithms,Low
DBT001428,"hi, constructor is not initializing the parent class fields",OOP_Design,Low
DBT001429,"trying to understand tail recursion vs normal recursion, need help asap please help",Loops_Recursion,High
DBT001430,"exam is in two hours and autograder is down, need to fix this soon",Deadline_Admin,Medium
DBT001431,virtual environment not activating on windows,Env_Setup,Medium
DBT001432,"extension request for the assignment due tonight, would like this before the next class please help",Deadline_Admin,Medium
DBT001433,"index out of bounds error only on the last test case, need help asap",Debugging_Errors,High
DBT001434,dynamic programming table is giving wrong values,Algorithms,High
DBT001435,"my sorting algorithm is too slow for large inputs, for future reference please help",Algorithms,Low
DBT001436,"hi, not sure which time complexity my solution actually has, would like this before the next class please help",Algorithms,Medium
DBT001437,"for loop skips the last element, deadline is tomorrow",Loops_Recursion,High
DBT001438,"while loop condition never becomes false, would like this before the next class",Loops_Recursion,Medium
DBT001439,"dynamic programming table is giving wrong values, would like this before the next class",Algorithms,Medium
DBT001440,"my recursive function never hits the base case, would like this before the next class",Loops_Recursion,Medium
DBT001441,"react component re-renders infinitely, for future reference",WebDev,Low
DBT001442,"submission portal is not accepting my file before the deadline, this is blocking my progress",Deadline_Admin,High
DBT001443,"virtual environment not activating on windows, would like this before the next class",Env_Setup,Medium
DBT001444,not sure how polymorphism applies to this assignment,OOP_Design,Low
DBT001445,"cannot install the required package on my laptop, no rush",Env_Setup,Low
DBT001446,"my sorting algorithm is too slow for large inputs, just curious",Algorithms,Low
DBT001447,"getting a null pointer exception i cannot trace, this is blocking my progress",Debugging_Errors,High
DBT001448,git merge conflict i don't know how to resolve,Env_Setup,Low
DBT001449,"for loop skips the last element, no rush",Loops_Recursion,Low
DBT001450,virtual environment not activating on windows,Env_Setup,Medium
DBT001451,my class diagram doesn't match the actual code structure,OOP_Design,Medium
DBT001452,"react component re-renders infinitely, deadline is tomorrow",WebDev,High
DBT001453,dynamic programming table is giving wrong values,Algorithms,Medium
DBT001454,"hi, my class diagram doesn't match the actual code structure, just curious",OOP_Design,Low
DBT001455,"virtual environment not activating on windows, just curious",Env_Setup,Low
DBT001456,"hi, stack trace points to a line that looks fine to me",Debugging_Errors,Low
DBT001457,cannot install the required package on my laptop,Env_Setup,Low
DBT001458,"cors error when calling the backend from the frontend, would like this before the next class",WebDev,Medium
DBT001459,greedy approach fails on this specific test case,Algorithms,Low
DBT001460,loop runs forever and I don't know why,Loops_Recursion,Low
DBT001461,not sure which time complexity my solution actually has please help,Algorithms,Medium
DBT001462,"index out of bounds error only on the last test case, need help asap",Debugging_Errors,High
DBT001463,"cors error when calling the backend from the frontend, deadline is tomorrow",WebDev,High
DBT001464,"confused about when to use inheritance vs composition, need to fix this soon please help",OOP_Design,Medium
DBT001465,"form submission is not updating the database, for future reference",WebDev,Low
DBT001466,"hi, confused about when to use inheritance vs composition, for future reference",OOP_Design,Low
DBT001467,"my sorting algorithm is too slow for large inputs, would like this before the next class",Algorithms,Medium
DBT001468,"grade for the last assignment has not appeared yet, would like this before the next class",Deadline_Admin,Medium
DBT001469,my code throws an error only on the grading server not locally,Debugging_Errors,Medium
DBT001470,"python version mismatch is breaking the autograder, would like this before the next class",Env_Setup,Medium
DBT001471,"git merge conflict i don't know how to resolve, whenever you get a chance",Env_Setup,Low
DBT001472,"hi, my sorting algorithm is too slow for large inputs",Algorithms,High
DBT001473,"index out of bounds error only on the last test case, need help asap please help",Debugging_Errors,High
DBT001474,"api call returns 404 only in production, need to fix this soon",WebDev,Medium
DBT001475,"react component re-renders infinitely, whenever you get a chance",WebDev,Low
DBT001476,while loop condition never becomes false,Loops_Recursion,Low
DBT001477,query is extremely slow on the test dataset please help,Databases,Low
DBT001478,"my class diagram doesn't match the actual code structure, for future reference",OOP_Design,Low
DBT001479,"not sure how polymorphism applies to this assignment, would like this before the next class",OOP_Design,Medium
DBT001480,"getting an abstract method error in my subclass, no rush",OOP_Design,Low
DBT001481,"confused about when to use inheritance vs composition, just curious please help",OOP_Design,Low
DBT001482,"form submission is not updating the database, no rush please help",WebDev,Medium
DBT001483,"hi, exam is in two hours and autograder is down, just curious",Deadline_Admin,Low
DBT001484,for loop skips the last element,Loops_Recursion,Low
DBT001485,"not sure which time complexity my solution actually has, no rush",Algorithms,Low
DBT001486,not sure how to normalize this schema for the project,Databases,Low
DBT001487,"for loop skips the last element, for future reference",Loops_Recursion,Low
DBT001488,"python version mismatch is breaking the autograder, would like this before the next class",Env_Setup,Medium
DBT001489,react component re-renders infinitely,WebDev,Low
DBT001490,grade for the last assignment has not appeared yet,Deadline_Admin,High
DBT001491,"my sorting algorithm is too slow for large inputs, no rush",Algorithms,Low
DBT001492,"my sorting algorithm is too slow for large inputs, would like this before the next class",Algorithms,Medium
DBT001493,confused about when to use inheritance vs composition,OOP_Design,Low
DBT001494,git merge conflict i don't know how to resolve please help,Env_Setup,Low
DBT001495,"confused about when to use inheritance vs composition, for future reference please help",OOP_Design,Low
DBT001496,"hi, query is extremely slow on the test dataset, exam is happening right now",Databases,Critical
DBT001497,not sure which time complexity my solution actually has,Algorithms,Medium
DBT001498,"my class diagram doesn't match the actual code structure, need help asap",OOP_Design,High
DBT001499,"hi, getting an abstract method error in my subclass",OOP_Design,Low
DBT001500,"query is extremely slow on the test dataset, just curious",Databases,Low
DBT001501,git merge conflict i don't know how to resolve,Env_Setup,Low
DBT001502,grade for the last assignment has not appeared yet,Deadline_Admin,High
DBT001503,"hi, grade for the last assignment has not appeared yet, would like this before the next class",Deadline_Admin,Medium
DBT001504,dynamic programming table is giving wrong values,Algorithms,Critical
DBT001505,"cannot install the required package on my laptop, just curious",Env_Setup,Low
DBT001506,not sure how to normalize this schema for the project,Databases,High
DBT001507,"database connection keeps timing out during the demo, no rush",Databases,Low
DBT001508,"while loop condition never becomes false, whenever you get a chance please help",Loops_Recursion,Low
DBT001509,"for loop skips the last element, whenever you get a chance",Loops_Recursion,Low
DBT001510,"my sql join is returning duplicate rows, for future reference",Databases,Low
DBT001511,"not sure how polymorphism applies to this assignment, whenever you get a chance",OOP_Design,Low
DBT001512,extension request for the assignment due tonight,Deadline_Admin,High
DBT001513,"react component re-renders infinitely, just curious",WebDev,Low
DBT001514,"stack trace points to a line that looks fine to me, just curious",Debugging_Errors,Low
DBT001515,grade for the last assignment has not appeared yet,Deadline_Admin,High
DBT001516,"virtual environment not activating on windows, whenever you get a chance",Env_Setup,Low
DBT001517,"hi, my sql join is returning duplicate rows, for future reference",Databases,Low
DBT001518,"my code throws an error only on the grading server not locally, no rush",Debugging_Errors,Low
DBT001519,"grade for the last assignment has not appeared yet, whenever you get a chance",Deadline_Admin,Low
DBT001520,"hi, dynamic programming table is giving wrong values",Algorithms,High
DBT001521,foreign key constraint fails on insert,Databases,Low
DBT001522,graph traversal is missing some nodes,Algorithms,Low
DBT001523,"hi, cors error when calling the backend from the frontend, for future reference",WebDev,Low
DBT001524,"confused about when to use inheritance vs composition, need to fix this soon",OOP_Design,Medium
DBT001525,"my sorting algorithm is too slow for large inputs, need to fix this soon",Algorithms,Medium
DBT001526,"database connection keeps timing out during the demo, would like this before the next class",Databases,Medium
DBT001527,"exam is in two hours and autograder is down, need help asap",Deadline_Admin,High
DBT001528,"form submission is not updating the database, would like this before the next class",WebDev,Medium
DBT001529,"getting a null pointer exception i cannot trace, need to fix this soon",Debugging_Errors,Medium
DBT001530,"hi, grade for the last assignment has not appeared yet, for future reference",Deadline_Admin,Low
DBT001531,"confused about when to use inheritance vs composition, for future reference",OOP_Design,Low
DBT001532,"my sorting algorithm is too slow for large inputs, just curious please help",Algorithms,Low
DBT001533,"greedy approach fails on this specific test case, for future reference",Algorithms,Low
DBT001534,"api call returns 404 only in production, need to fix this soon please help",WebDev,Medium
DBT001535,for loop skips the last element,Loops_Recursion,Low
DBT001536,"extension request for the assignment due tonight, just curious",Deadline_Admin,Low
DBT001537,"hi, for loop skips the last element",Loops_Recursion,Medium
DBT001538,"hi, my sorting algorithm is too slow for large inputs, this is blocking my progress",Algorithms,High
DBT001539,"not sure how polymorphism applies to this assignment, no rush",OOP_Design,Low
DBT001540,"cannot install the required package on my laptop, whenever you get a chance",Env_Setup,Low
DBT001541,"hi, exam is in two hours and autograder is down, for future reference",Deadline_Admin,Low
DBT001542,"hi, not sure how to normalize this schema for the project",Databases,Critical
DBT001543,getting a null pointer exception i cannot trace please help,Debugging_Errors,High
DBT001544,"recursion depth exceeded error keeps showing up, need help asap",Loops_Recursion,High
DBT001545,getting an abstract method error in my subclass,OOP_Design,High
DBT001546,"hi, foreign key constraint fails on insert",Databases,Low
DBT001547,"cannot install the required package on my laptop, this is blocking my progress",Env_Setup,High
DBT001548,"recursion depth exceeded error keeps showing up, need to fix this soon please help",Loops_Recursion,Medium
DBT001549,exam is in two hours and autograder is down,Deadline_Admin,Medium
DBT001550,"query is extremely slow on the test dataset, need help asap",Databases,High
DBT001551,"confused about when to use inheritance vs composition, need to fix this soon",OOP_Design,Medium
DBT001552,"hi, segmentation fault when i run the test suite, would like this before the next class",Debugging_Errors,Medium
DBT001553,"graph traversal is missing some nodes, no rush",Algorithms,High
DBT001554,"database connection keeps timing out during the demo, would like this before the next class",Databases,Medium
DBT001555,"index out of bounds error only on the last test case, deadline is tomorrow",Debugging_Errors,High
DBT001556,not sure which time complexity my solution actually has,Algorithms,Low
DBT001557,"virtual environment not activating on windows, no rush",Env_Setup,Low
DBT001558,"constructor is not initializing the parent class fields, just curious",OOP_Design,Low
DBT001559,"my sql join is returning duplicate rows, this is blocking my progress",Databases,High
DBT001560,react component re-renders infinitely,WebDev,High
DBT001561,"react component re-renders infinitely, would like this before the next class",WebDev,Medium
DBT001562,"graph traversal is missing some nodes, would like this before the next class",Algorithms,Medium
DBT001563,"database connection keeps timing out during the demo, no rush",Databases,Low
DBT001564,"my code throws an error only on the grading server not locally, just curious",Debugging_Errors,Low
DBT001565,"not sure which time complexity my solution actually has, just curious",Algorithms,Low
DBT001566,"my class diagram doesn't match the actual code structure, whenever you get a chance",OOP_Design,Low
DBT001567,"extension request for the assignment due tonight, would like this before the next class",Deadline_Admin,Medium
DBT001568,"getting an abstract method error in my subclass, whenever you get a chance",OOP_Design,Low
DBT001569,"not sure how polymorphism applies to this assignment, just curious",OOP_Design,Low
DBT001570,"hi, python version mismatch is breaking the autograder, for future reference",Env_Setup,Low
DBT001571,my sql join is returning duplicate rows,Databases,Medium
DBT001572,"segmentation fault when i run the test suite, would like this before the next class",Debugging_Errors,Medium
DBT001573,"constructor is not initializing the parent class fields, would like this before the next class",OOP_Design,Medium
DBT001574,"react component re-renders infinitely, for future reference",WebDev,Low
DBT001575,"trying to understand tail recursion vs normal recursion, just curious please help",Loops_Recursion,Low
DBT001576,"hi, not sure which time complexity my solution actually has, would like this before the next class",Algorithms,Medium
DBT001577,"hi, api call returns 404 only in production, need to fix this soon",WebDev,Medium
DBT001578,"submission portal is not accepting my file before the deadline, deadline is tomorrow please help",Deadline_Admin,High
DBT001579,"exam is in two hours and autograder is down, need help asap",Deadline_Admin,High
DBT001580,while loop condition never becomes false please help,Loops_Recursion,Low
DBT001581,"hi, git merge conflict i don't know how to resolve, for future reference",Env_Setup,Low
DBT001582,"hi, virtual environment not activating on windows, no rush",Env_Setup,Low
DBT001583,"extension request for the assignment due tonight, system crashed during the final demo",Deadline_Admin,Critical
DBT001584,index out of bounds error only on the last test case,Debugging_Errors,Critical
DBT001585,"cors error when calling the backend from the frontend, autograder is down and deadline is in minutes",WebDev,Critical
DBT001586,"hi, api call returns 404 only in production, deadline is tomorrow",WebDev,High
DBT001587,"for loop skips the last element, for future reference",Loops_Recursion,Low
DBT001588,"database connection keeps timing out during the demo, would like this before the next class please help",Databases,Medium
DBT001589,"hi, grade for the last assignment has not appeared yet, submission is due in one hour",Deadline_Admin,Critical
DBT001590,constructor is not initializing the parent class fields,OOP_Design,High
DBT001591,"hi, not sure which time complexity my solution actually has, whenever you get a chance",Algorithms,Low
DBT001592,"git merge conflict i don't know how to resolve, need to fix this soon please help",Env_Setup,Medium
DBT001593,"getting a null pointer exception i cannot trace, no rush",Debugging_Errors,Low
DBT001594,"react component re-renders infinitely, would like this before the next class",WebDev,Medium
DBT001595,submission portal is not accepting my file before the deadline,Deadline_Admin,Low
DBT001596,"hi, grade for the last assignment has not appeared yet",Deadline_Admin,Critical
DBT001597,git merge conflict i don't know how to resolve,Env_Setup,Low
DBT001598,"hi, my code throws an error only on the grading server not locally, deadline is tomorrow",Debugging_Errors,High
DBT001599,"my sql join is returning duplicate rows, for future reference",Databases,Low
DBT001600,"for loop skips the last element, whenever you get a chance",Loops_Recursion,Low
DBT001601,"extension request for the assignment due tonight, need to fix this soon",Deadline_Admin,Medium
DBT001602,"hi, grade for the last assignment has not appeared yet, need help asap",Deadline_Admin,High
DBT001603,"hi, loop runs forever and I don't know why, just curious",Loops_Recursion,Low
DBT001604,not sure how to normalize this schema for the project,Databases,Low
DBT001605,"hi, exam is in two hours and autograder is down, this is blocking my progress",Deadline_Admin,High
DBT001606,api call returns 404 only in production,WebDev,Low
DBT001607,not sure which time complexity my solution actually has,Algorithms,Low
DBT001608,react component re-renders infinitely,WebDev,High
DBT001609,"hi, dynamic programming table is giving wrong values",Algorithms,Medium
DBT001610,"submission portal is not accepting my file before the deadline, deadline is tomorrow",Deadline_Admin,High
DBT001611,"confused about when to use inheritance vs composition, would like this before the next class",OOP_Design,Medium
DBT001612,"hi, greedy approach fails on this specific test case, for future reference",Algorithms,Low
DBT001613,git merge conflict i don't know how to resolve,Env_Setup,Low
DBT001614,"segmentation fault when i run the test suite, whenever you get a chance",Debugging_Errors,Low
DBT001615,"cannot install the required package on my laptop, no rush",Env_Setup,Low
DBT001616,"loop runs forever and I don't know why, just curious",Loops_Recursion,Low
DBT001617,"hi, submission portal is not accepting my file before the deadline, system crashed during the final demo",Deadline_Admin,Critical
DBT001618,react component re-renders infinitely,WebDev,Low
DBT001619,"my sql join is returning duplicate rows, deadline is tomorrow",Databases,High
DBT001620,"grade for the last assignment has not appeared yet, system crashed during the final demo please help",Deadline_Admin,Critical
DBT001621,"cannot install the required package on my laptop, this is blocking my progress",Env_Setup,High
DBT001622,"loop runs forever and I don't know why, this is blocking my progress",Loops_Recursion,High
DBT001623,"not sure which time complexity my solution actually has, deadline is tomorrow please help",Algorithms,High
DBT001624,"my recursive function never hits the base case, for future reference",Loops_Recursion,Low
DBT001625,"while loop condition never becomes false, for future reference",Loops_Recursion,Low
DBT001626,"my sql join is returning duplicate rows, need to fix this soon please help",Databases,Medium
DBT001627,getting a null pointer exception i cannot trace,Debugging_Errors,Low
DBT001628,"hi, my sorting algorithm is too slow for large inputs",Algorithms,Low
DBT001629,"submission portal is not accepting my file before the deadline, just curious",Deadline_Admin,Low
DBT001630,"extension request for the assignment due tonight, whenever you get a chance",Deadline_Admin,Low
DBT001631,"confused about when to use inheritance vs composition, would like this before the next class",OOP_Design,Medium
DBT001632,"query is extremely slow on the test dataset, system crashed during the final demo",Databases,Critical
DBT001633,"hi, exam is in two hours and autograder is down, need to fix this soon",Deadline_Admin,Medium
DBT001634,"my code throws an error only on the grading server not locally, need to fix this soon",Debugging_Errors,Medium
DBT001635,"index out of bounds error only on the last test case, for future reference",Debugging_Errors,Low
DBT001636,"submission portal is not accepting my file before the deadline, would like this before the next class please help",Deadline_Admin,Medium
DBT001637,"not sure how to normalize this schema for the project, no rush",Databases,Low
DBT001638,"foreign key constraint fails on insert, just curious",Databases,Low
DBT001639,"loop runs forever and I don't know why, this is blocking my progress please help",Loops_Recursion,High
DBT001640,"my class diagram doesn't match the actual code structure, need to fix this soon",OOP_Design,Medium
DBT001641,grade for the last assignment has not appeared yet,Deadline_Admin,Critical
DBT001642,getting a null pointer exception i cannot trace,Debugging_Errors,Medium
DBT001643,"form submission is not updating the database, whenever you get a chance",WebDev,Low
DBT001644,"hi, cannot install the required package on my laptop, whenever you get a chance",Env_Setup,Low
DBT001645,index out of bounds error only on the last test case,Debugging_Errors,Medium
DBT001646,submission portal is not accepting my file before the deadline,Deadline_Admin,High
DBT001647,"hi, my sorting algorithm is too slow for large inputs, for future reference",Algorithms,Low
DBT001648,"cors error when calling the backend from the frontend, need to fix this soon",WebDev,Medium
DBT001649,segmentation fault when i run the test suite please help,Debugging_Errors,Low
DBT001650,segmentation fault when i run the test suite,Debugging_Errors,Low
DBT001651,"react component re-renders infinitely, need to fix this soon",WebDev,Medium
DBT001652,"for loop skips the last element, whenever you get a chance",Loops_Recursion,Low
DBT001653,"hi, confused about when to use inheritance vs composition please help",OOP_Design,High
DBT001654,"my sql join is returning duplicate rows, whenever you get a chance",Databases,Low
DBT001655,"extension request for the assignment due tonight, no rush",Deadline_Admin,Low
DBT001656,"hi, submission portal is not accepting my file before the deadline, whenever you get a chance please help",Deadline_Admin,Low
DBT001657,"hi, segmentation fault when i run the test suite, no rush",Debugging_Errors,Low
DBT001658,"extension request for the assignment due tonight, deadline is tomorrow please help",Deadline_Admin,High
DBT001659,"cors error when calling the backend from the frontend, just curious",WebDev,Low
DBT001660,"extension request for the assignment due tonight, whenever you get a chance please help",Deadline_Admin,Low
DBT001661,"while loop condition never becomes false, need to fix this soon",Loops_Recursion,Medium
DBT001662,"my recursive function never hits the base case, need to fix this soon",Loops_Recursion,Medium
DBT001663,"hi, my sql join is returning duplicate rows, need to fix this soon",Databases,Medium
DBT001664,"form submission is not updating the database, just curious",WebDev,Low
DBT001665,form submission is not updating the database,WebDev,High
DBT001666,"my sorting algorithm is too slow for large inputs, would like this before the next class",Algorithms,Medium
DBT001667,"hi, extension request for the assignment due tonight, need to fix this soon",Deadline_Admin,Medium
DBT001668,form submission is not updating the database,WebDev,High
DBT001669,"my sorting algorithm is too slow for large inputs, for future reference",Algorithms,Low
DBT001670,"hi, exam is in two hours and autograder is down, would like this before the next class",Deadline_Admin,Medium
DBT001671,"hi, python version mismatch is breaking the autograder, for future reference",Env_Setup,Low
DBT001672,"hi, index out of bounds error only on the last test case, would like this before the next class please help",Debugging_Errors,Medium
DBT001673,"my code throws an error only on the grading server not locally, would like this before the next class",Debugging_Errors,Medium
DBT001674,"getting an abstract method error in my subclass, need help asap please help",OOP_Design,High
DBT001675,"grade for the last assignment has not appeared yet, need help asap",Deadline_Admin,High
DBT001676,graph traversal is missing some nodes please help,Algorithms,Low
DBT001677,"form submission is not updating the database, whenever you get a chance",WebDev,Low
DBT001678,"grade for the last assignment has not appeared yet, this is blocking my progress",Deadline_Admin,High
DBT001679,"cannot install the required package on my laptop, need to fix this soon",Env_Setup,Medium
DBT001680,"python version mismatch is breaking the autograder, submission is due in one hour",Env_Setup,Critical
DBT001681,dynamic programming table is giving wrong values,Algorithms,Medium
DBT001682,"constructor is not initializing the parent class fields, whenever you get a chance please help",OOP_Design,Low
DBT001683,"not sure which time complexity my solution actually has, this is blocking my progress",Algorithms,High
DBT001684,"hi, not sure how to normalize this schema for the project",Databases,Low
DBT001685,"submission portal is not accepting my file before the deadline, need help asap",Deadline_Admin,High
DBT001686,"my class diagram doesn't match the actual code structure, for future reference please help",OOP_Design,Low
DBT001687,"hi, react component re-renders infinitely, need to fix this soon please help",WebDev,Medium
DBT001688,"not sure which time complexity my solution actually has, submission is due in one hour",Algorithms,Critical
DBT001689,stack trace points to a line that looks fine to me,Debugging_Errors,Low
DBT001690,"my code throws an error only on the grading server not locally, whenever you get a chance please help",Debugging_Errors,Low
DBT001691,"stack trace points to a line that looks fine to me, whenever you get a chance",Debugging_Errors,Low
DBT001692,"stack trace points to a line that looks fine to me, would like this before the next class",Debugging_Errors,Medium
DBT001693,"git merge conflict i don't know how to resolve, this is blocking my progress",Env_Setup,High
DBT001694,form submission is not updating the database,WebDev,Low
DBT001695,"cors error when calling the backend from the frontend, need to fix this soon",WebDev,Medium
DBT001696,"hi, not sure how polymorphism applies to this assignment",OOP_Design,Low
DBT001697,"hi, my recursive function never hits the base case, just curious",Loops_Recursion,Low
DBT001698,"hi, my class diagram doesn't match the actual code structure, need to fix this soon please help",OOP_Design,Medium
DBT001699,"my sql join is returning duplicate rows, just curious",Databases,Low
DBT001700,"graph traversal is missing some nodes, whenever you get a chance",Algorithms,Low
DBT001701,"hi, trying to understand tail recursion vs normal recursion, system crashed during the final demo",Loops_Recursion,Critical
DBT001702,"trying to understand tail recursion vs normal recursion, need to fix this soon",Loops_Recursion,Medium
DBT001703,"constructor is not initializing the parent class fields, just curious",OOP_Design,Low
DBT001704,"hi, confused about when to use inheritance vs composition, need to fix this soon please help",OOP_Design,Medium
DBT001705,"hi, dynamic programming table is giving wrong values",Algorithms,Low
DBT001706,"my sorting algorithm is too slow for large inputs, no rush",Algorithms,Low
DBT001707,"my sorting algorithm is too slow for large inputs, this is blocking my progress",Algorithms,High
DBT001708,"hi, cors error when calling the backend from the frontend, just curious",WebDev,Low
DBT001709,"hi, while loop condition never becomes false, whenever you get a chance",Loops_Recursion,Low
DBT001710,"cannot install the required package on my laptop, need help asap",Env_Setup,High
DBT001711,"hi, cors error when calling the backend from the frontend",WebDev,High
DBT001712,"dynamic programming table is giving wrong values, would like this before the next class",Algorithms,Medium
DBT001713,"hi, query is extremely slow on the test dataset, deadline is tomorrow please help",Databases,High
DBT001714,"hi, graph traversal is missing some nodes, for future reference",Algorithms,Low
DBT001715,"my sql join is returning duplicate rows, just curious",Databases,Low
DBT001716,react component re-renders infinitely,WebDev,Medium
DBT001717,"hi, while loop condition never becomes false, whenever you get a chance",Loops_Recursion,Low
DBT001718,"greedy approach fails on this specific test case, would like this before the next class",Algorithms,Medium
DBT001719,cors error when calling the backend from the frontend,WebDev,Low
DBT001720,greedy approach fails on this specific test case,Algorithms,Medium
DBT001721,"not sure how to normalize this schema for the project, exam is happening right now please help",Databases,Critical
DBT001722,getting a null pointer exception i cannot trace,Debugging_Errors,Low
DBT001723,constructor is not initializing the parent class fields,OOP_Design,Low
DBT001724,"hi, graph traversal is missing some nodes, would like this before the next class",Algorithms,Medium
DBT001725,"not sure which time complexity my solution actually has, whenever you get a chance",Algorithms,Low
DBT001726,"hi, getting a null pointer exception i cannot trace please help",Debugging_Errors,Medium
DBT001727,"getting an abstract method error in my subclass, no rush",OOP_Design,Low
DBT001728,"index out of bounds error only on the last test case, for future reference",Debugging_Errors,Low
DBT001729,"cors error when calling the backend from the frontend, for future reference",WebDev,Low
DBT001730,"hi, python version mismatch is breaking the autograder",Env_Setup,Medium
DBT001731,not sure how polymorphism applies to this assignment,OOP_Design,Medium
DBT001732,"cannot install the required package on my laptop, would like this before the next class",Env_Setup,Medium
DBT001733,"segmentation fault when i run the test suite, submission is due in one hour",Debugging_Errors,Critical
DBT001734,"not sure how polymorphism applies to this assignment, deadline is tomorrow please help",OOP_Design,High
DBT001735,"hi, segmentation fault when i run the test suite, would like this before the next class",Debugging_Errors,Medium
DBT001736,"grade for the last assignment has not appeared yet, this is blocking my progress",Deadline_Admin,High
DBT001737,"index out of bounds error only on the last test case, for future reference",Debugging_Errors,Low
DBT001738,confused about when to use inheritance vs composition please help,OOP_Design,Medium
DBT001739,not sure how polymorphism applies to this assignment,OOP_Design,Medium
DBT001740,not sure which time complexity my solution actually has,Algorithms,Low
DBT001741,"my sorting algorithm is too slow for large inputs, whenever you get a chance",Algorithms,Low
DBT001742,"api call returns 404 only in production, whenever you get a chance",WebDev,Low
DBT001743,"graph traversal is missing some nodes, just curious",Algorithms,Low
DBT001744,greedy approach fails on this specific test case,Algorithms,High
DBT001745,"for loop skips the last element, submission is due in one hour please help",Loops_Recursion,Critical
DBT001746,"graph traversal is missing some nodes, this is blocking my progress",Algorithms,High
DBT001747,"exam is in two hours and autograder is down, no rush",Deadline_Admin,Low
DBT001748,"my code throws an error only on the grading server not locally, need to fix this soon",Debugging_Errors,Medium
DBT001749,database connection keeps timing out during the demo,Databases,High
DBT001750,exam is in two hours and autograder is down,Deadline_Admin,Low
DBT001751,"hi, api call returns 404 only in production, just curious",WebDev,Low
DBT001752,"greedy approach fails on this specific test case, whenever you get a chance",Algorithms,Low
DBT001753,"hi, for loop skips the last element, need to fix this soon",Loops_Recursion,Medium
DBT001754,"not sure which time complexity my solution actually has, would like this before the next class",Algorithms,Medium
DBT001755,getting a null pointer exception i cannot trace,Debugging_Errors,Critical
DBT001756,"while loop condition never becomes false, need to fix this soon please help",Loops_Recursion,Medium
DBT001757,"cannot install the required package on my laptop, whenever you get a chance",Env_Setup,Low
DBT001758,"hi, grade for the last assignment has not appeared yet, whenever you get a chance",Deadline_Admin,Low
DBT001759,"hi, api call returns 404 only in production, no rush",WebDev,Low
DBT001760,react component re-renders infinitely,WebDev,Low
DBT001761,greedy approach fails on this specific test case,Algorithms,Medium
DBT001762,"trying to understand tail recursion vs normal recursion, deadline is tomorrow",Loops_Recursion,High
DBT001763,"my sql join is returning duplicate rows, just curious",Databases,Low
DBT001764,grade for the last assignment has not appeared yet,Deadline_Admin,Low
DBT001765,"submission portal is not accepting my file before the deadline, this is blocking my progress",Deadline_Admin,High
DBT001766,"database connection keeps timing out during the demo, deadline is tomorrow",Databases,High
DBT001767,"stack trace points to a line that looks fine to me, submission is due in one hour",Debugging_Errors,Critical
DBT001768,virtual environment not activating on windows,Env_Setup,High
DBT001769,"my recursive function never hits the base case, whenever you get a chance please help",Loops_Recursion,Low
DBT001770,"hi, query is extremely slow on the test dataset, for future reference",Databases,Low
DBT001771,"hi, getting a null pointer exception i cannot trace",Debugging_Errors,Medium
DBT001772,"my recursive function never hits the base case, need to fix this soon",Loops_Recursion,Medium
DBT001773,"not sure how polymorphism applies to this assignment, no rush",OOP_Design,Low
DBT001774,"submission portal is not accepting my file before the deadline, need to fix this soon",Deadline_Admin,Medium
DBT001775,"git merge conflict i don't know how to resolve, need to fix this soon",Env_Setup,Medium
DBT001776,"dynamic programming table is giving wrong values, would like this before the next class",Algorithms,Medium
DBT001777,"hi, foreign key constraint fails on insert, whenever you get a chance",Databases,Low
DBT001778,"stack trace points to a line that looks fine to me, need to fix this soon",Debugging_Errors,Medium
DBT001779,extension request for the assignment due tonight,Deadline_Admin,Medium
DBT001780,"exam is in two hours and autograder is down, this is blocking my progress",Deadline_Admin,High
DBT001781,"stack trace points to a line that looks fine to me, no rush",Debugging_Errors,Low
DBT001782,"hi, not sure which time complexity my solution actually has, whenever you get a chance",Algorithms,Low
DBT001783,"hi, segmentation fault when i run the test suite, need help asap",Debugging_Errors,High
DBT001784,"recursion depth exceeded error keeps showing up, need to fix this soon please help",Loops_Recursion,Medium
DBT001785,my sorting algorithm is too slow for large inputs,Algorithms,High
DBT001786,"hi, git merge conflict i don't know how to resolve, would like this before the next class",Env_Setup,Medium
DBT001787,"hi, index out of bounds error only on the last test case",Debugging_Errors,Low
DBT001788,greedy approach fails on this specific test case,Algorithms,Low
DBT001789,"my recursive function never hits the base case, for future reference",Loops_Recursion,Low
DBT001790,"hi, grade for the last assignment has not appeared yet, deadline is tomorrow",Deadline_Admin,High
DBT001791,"exam is in two hours and autograder is down, whenever you get a chance",Deadline_Admin,Low
DBT001792,"my code throws an error only on the grading server not locally, need to fix this soon",Debugging_Errors,Medium
DBT001793,"hi, my class diagram doesn't match the actual code structure, need to fix this soon",OOP_Design,Medium
DBT001794,"getting an abstract method error in my subclass, whenever you get a chance",OOP_Design,Low
DBT001795,"my recursive function never hits the base case, no rush",Loops_Recursion,Low
DBT001796,"getting a null pointer exception i cannot trace, this is blocking my progress",Debugging_Errors,High
DBT001797,cannot install the required package on my laptop,Env_Setup,Low
DBT001798,"virtual environment not activating on windows, deadline is tomorrow",Env_Setup,High
DBT001799,"hi, my sorting algorithm is too slow for large inputs, need to fix this soon",Algorithms,Medium
DBT001800,"hi, not sure how to normalize this schema for the project, this is blocking my progress",Databases,High
DBT001801,"react component re-renders infinitely, need to fix this soon",WebDev,Medium
DBT001802,"hi, getting a null pointer exception i cannot trace",Debugging_Errors,High
DBT001803,"getting a null pointer exception i cannot trace, for future reference",Debugging_Errors,Low
DBT001804,"hi, my sql join is returning duplicate rows, deadline is tomorrow",Databases,High
DBT001805,"grade for the last assignment has not appeared yet, submission is due in one hour",Deadline_Admin,Critical
DBT001806,"hi, getting a null pointer exception i cannot trace, deadline is tomorrow",Debugging_Errors,High
DBT001807,"my sorting algorithm is too slow for large inputs, no rush",Algorithms,Low
DBT001808,segmentation fault when i run the test suite,Debugging_Errors,Medium
DBT001809,"confused about when to use inheritance vs composition, just curious please help",OOP_Design,Low
DBT001810,"query is extremely slow on the test dataset, just curious",Databases,Low
DBT001811,"submission portal is not accepting my file before the deadline, whenever you get a chance",Deadline_Admin,Low
DBT001812,query is extremely slow on the test dataset,Databases,Low
DBT001813,"constructor is not initializing the parent class fields, no rush",OOP_Design,Low
DBT001814,"form submission is not updating the database, would like this before the next class",WebDev,Medium
DBT001815,confused about when to use inheritance vs composition,OOP_Design,Low
DBT001816,"my recursive function never hits the base case, would like this before the next class",Loops_Recursion,Medium
DBT001817,"python version mismatch is breaking the autograder, just curious",Env_Setup,Low
DBT001818,"git merge conflict i don't know how to resolve, this is blocking my progress",Env_Setup,High
DBT001819,"hi, constructor is not initializing the parent class fields, need to fix this soon",OOP_Design,Medium
DBT001820,"segmentation fault when i run the test suite, submission is due in one hour",Debugging_Errors,Critical
DBT001821,segmentation fault when i run the test suite,Debugging_Errors,Low
DBT001822,"hi, foreign key constraint fails on insert, this is blocking my progress please help",Databases,High
DBT001823,"grade for the last assignment has not appeared yet, need help asap",Deadline_Admin,High
DBT001824,"dynamic programming table is giving wrong values, need help asap",Algorithms,High
DBT001825,"hi, while loop condition never becomes false, would like this before the next class",Loops_Recursion,Medium
DBT001826,"hi, stack trace points to a line that looks fine to me, exam is happening right now",Debugging_Errors,Critical
DBT001827,"recursion depth exceeded error keeps showing up, just curious",Loops_Recursion,Low
DBT001828,"getting an abstract method error in my subclass, need to fix this soon",OOP_Design,Medium
DBT001829,"index out of bounds error only on the last test case, submission is due in one hour",Debugging_Errors,Critical
DBT001830,"graph traversal is missing some nodes, for future reference",Algorithms,Low
DBT001831,"exam is in two hours and autograder is down, this is blocking my progress",Deadline_Admin,High
DBT001832,"cors error when calling the backend from the frontend, just curious",WebDev,Low
DBT001833,"hi, git merge conflict i don't know how to resolve, whenever you get a chance",Env_Setup,Low
DBT001834,"cannot install the required package on my laptop, no rush",Env_Setup,Low
DBT001835,while loop condition never becomes false,Loops_Recursion,Medium
DBT001836,"segmentation fault when i run the test suite, system crashed during the final demo please help",Debugging_Errors,Critical
DBT001837,"hi, database connection keeps timing out during the demo",Databases,Medium
DBT001838,"python version mismatch is breaking the autograder, need to fix this soon",Env_Setup,Medium
DBT001839,"my code throws an error only on the grading server not locally, would like this before the next class please help",Debugging_Errors,Medium
DBT001840,"hi, not sure how to normalize this schema for the project, for future reference please help",Databases,Low
DBT001841,"getting an abstract method error in my subclass, no rush",OOP_Design,Low
DBT001842,"recursion depth exceeded error keeps showing up, deadline is tomorrow",Loops_Recursion,High
DBT001843,"not sure which time complexity my solution actually has, for future reference",Algorithms,Low
DBT001844,"exam is in two hours and autograder is down, deadline is tomorrow",Deadline_Admin,High
DBT001845,"extension request for the assignment due tonight, just curious",Deadline_Admin,Low
DBT001846,"stack trace points to a line that looks fine to me, just curious",Debugging_Errors,Low
DBT001847,"hi, stack trace points to a line that looks fine to me, whenever you get a chance please help",Debugging_Errors,Low
DBT001848,"hi, loop runs forever and I don't know why, would like this before the next class",Loops_Recursion,Medium
DBT001849,git merge conflict i don't know how to resolve,Env_Setup,Medium
DBT001850,"segmentation fault when i run the test suite, this is blocking my progress please help",Debugging_Errors,High
DBT001851,getting an abstract method error in my subclass,OOP_Design,Medium
DBT001852,extension request for the assignment due tonight,Deadline_Admin,Low
DBT001853,"getting an abstract method error in my subclass, would like this before the next class please help",OOP_Design,Medium
DBT001854,"my recursive function never hits the base case, for future reference",Loops_Recursion,Low
DBT001855,"for loop skips the last element, this is blocking my progress",Loops_Recursion,High
DBT001856,"index out of bounds error only on the last test case, this is blocking my progress",Debugging_Errors,High
DBT001857,"my sql join is returning duplicate rows, need to fix this soon",Databases,Medium
DBT001858,"cors error when calling the backend from the frontend, need to fix this soon",WebDev,Medium
DBT001859,"git merge conflict i don't know how to resolve, no rush",Env_Setup,Low
DBT001860,"dynamic programming table is giving wrong values, just curious",Algorithms,Low
DBT001861,"exam is in two hours and autograder is down, would like this before the next class",Deadline_Admin,Medium
DBT001862,foreign key constraint fails on insert,Databases,Medium
DBT001863,"grade for the last assignment has not appeared yet, whenever you get a chance",Deadline_Admin,Low
DBT001864,"exam is in two hours and autograder is down, this is blocking my progress",Deadline_Admin,High
DBT001865,index out of bounds error only on the last test case,Debugging_Errors,High
DBT001866,"git merge conflict i don't know how to resolve, need to fix this soon please help",Env_Setup,Medium
DBT001867,greedy approach fails on this specific test case,Algorithms,Medium
DBT001868,"hi, graph traversal is missing some nodes, would like this before the next class",Algorithms,Medium
DBT001869,"graph traversal is missing some nodes, need to fix this soon",Algorithms,Medium
DBT001870,"hi, my sorting algorithm is too slow for large inputs please help",Algorithms,Low
DBT001871,"react component re-renders infinitely, need to fix this soon",WebDev,Medium
DBT001872,"hi, extension request for the assignment due tonight, just curious",Deadline_Admin,Low
DBT001873,"hi, form submission is not updating the database",WebDev,Medium
DBT001874,"hi, dynamic programming table is giving wrong values, for future reference",Algorithms,Low
DBT001875,"hi, index out of bounds error only on the last test case, autograder is down and deadline is in minutes",Debugging_Errors,Critical
DBT001876,"greedy approach fails on this specific test case, no rush",Algorithms,Low
DBT001877,"cors error when calling the backend from the frontend, for future reference",WebDev,Low
DBT001878,"grade for the last assignment has not appeared yet, autograder is down and deadline is in minutes",Deadline_Admin,Critical
DBT001879,python version mismatch is breaking the autograder,Env_Setup,Low
DBT001880,"hi, submission portal is not accepting my file before the deadline, whenever you get a chance",Deadline_Admin,Low
DBT001881,query is extremely slow on the test dataset please help,Databases,Low
DBT001882,getting an abstract method error in my subclass,OOP_Design,Low
DBT001883,"grade for the last assignment has not appeared yet, for future reference",Deadline_Admin,Low
DBT001884,"virtual environment not activating on windows, for future reference",Env_Setup,Low
DBT001885,virtual environment not activating on windows please help,Env_Setup,Medium
DBT001886,"loop runs forever and I don't know why, deadline is tomorrow",Loops_Recursion,High
DBT001887,"hi, my class diagram doesn't match the actual code structure",OOP_Design,Low
DBT001888,cannot install the required package on my laptop,Env_Setup,Low
DBT001889,"query is extremely slow on the test dataset, no rush",Databases,Low
DBT001890,"hi, recursion depth exceeded error keeps showing up, no rush",Loops_Recursion,Low
DBT001891,"constructor is not initializing the parent class fields, for future reference please help",OOP_Design,Low
DBT001892,"submission portal is not accepting my file before the deadline, deadline is tomorrow",Deadline_Admin,High
DBT001893,my class diagram doesn't match the actual code structure,OOP_Design,Low
DBT001894,"cors error when calling the backend from the frontend, whenever you get a chance",WebDev,Low
DBT001895,"submission portal is not accepting my file before the deadline, would like this before the next class",Deadline_Admin,Medium
DBT001896,"hi, while loop condition never becomes false, just curious",Loops_Recursion,Low
DBT001897,"python version mismatch is breaking the autograder, this is blocking my progress please help",Env_Setup,High
DBT001898,"grade for the last assignment has not appeared yet, autograder is down and deadline is in minutes please help",Deadline_Admin,Critical
DBT001899,"hi, cors error when calling the backend from the frontend, whenever you get a chance",WebDev,Low
DBT001900,"getting a null pointer exception i cannot trace, would like this before the next class",Debugging_Errors,Medium
DBT001901,"getting a null pointer exception i cannot trace, need to fix this soon",Debugging_Errors,Medium
DBT001902,"hi, not sure how to normalize this schema for the project, just curious please help",Databases,Low
DBT001903,"react component re-renders infinitely, for future reference",WebDev,Low
DBT001904,"not sure how to normalize this schema for the project, this is blocking my progress",Databases,High
DBT001905,"hi, my code throws an error only on the grading server not locally",Debugging_Errors,High
DBT001906,"form submission is not updating the database, just curious",WebDev,Low
DBT001907,"hi, index out of bounds error only on the last test case, deadline is tomorrow",Debugging_Errors,High
DBT001908,"while loop condition never becomes false, for future reference",Loops_Recursion,Low
DBT001909,"foreign key constraint fails on insert, just curious",Databases,Low
DBT001910,"hi, loop runs forever and I don't know why, no rush",Loops_Recursion,Low
DBT001911,"getting a null pointer exception i cannot trace, no rush",Debugging_Errors,Low
DBT001912,"greedy approach fails on this specific test case, whenever you get a chance",Algorithms,Low
DBT001913,getting an abstract method error in my subclass,OOP_Design,Critical
DBT001914,extension request for the assignment due tonight,Deadline_Admin,Medium
DBT001915,"my recursive function never hits the base case, need to fix this soon",Loops_Recursion,Medium
DBT001916,"hi, form submission is not updating the database",WebDev,Low
DBT001917,for loop skips the last element,Loops_Recursion,Low
DBT001918,api call returns 404 only in production,WebDev,High
DBT001919,"not sure which time complexity my solution actually has, need help asap",Algorithms,High
DBT001920,"python version mismatch is breaking the autograder, need to fix this soon",Env_Setup,Medium
DBT001921,"not sure how polymorphism applies to this assignment, for future reference",OOP_Design,Low
DBT001922,my sorting algorithm is too slow for large inputs,Algorithms,Medium
DBT001923,exam is in two hours and autograder is down,Deadline_Admin,Low
DBT001924,stack trace points to a line that looks fine to me,Debugging_Errors,Medium
DBT001925,"while loop condition never becomes false, just curious",Loops_Recursion,Low
DBT001926,"loop runs forever and I don't know why, this is blocking my progress",Loops_Recursion,High
DBT001927,"hi, form submission is not updating the database, no rush",WebDev,Low
DBT001928,dynamic programming table is giving wrong values,Algorithms,High
DBT001929,"react component re-renders infinitely, just curious",WebDev,Low
DBT001930,recursion depth exceeded error keeps showing up,Loops_Recursion,Low
DBT001931,"api call returns 404 only in production, just curious",WebDev,Low
DBT001932,"extension request for the assignment due tonight, need help asap",Deadline_Admin,High
DBT001933,segmentation fault when i run the test suite,Debugging_Errors,Low
DBT001934,"my sql join is returning duplicate rows, for future reference",Databases,Low
DBT001935,git merge conflict i don't know how to resolve please help,Env_Setup,High
DBT001936,submission portal is not accepting my file before the deadline please help,Deadline_Admin,High
DBT001937,"my sql join is returning duplicate rows, whenever you get a chance",Databases,Low
DBT001938,"hi, virtual environment not activating on windows, just curious",Env_Setup,Low
DBT001939,"getting an abstract method error in my subclass, for future reference",OOP_Design,Low
DBT001940,grade for the last assignment has not appeared yet,Deadline_Admin,Medium
DBT001941,"hi, confused about when to use inheritance vs composition, exam is happening right now",OOP_Design,Critical
DBT001942,"react component re-renders infinitely, whenever you get a chance",WebDev,Low
DBT001943,cannot install the required package on my laptop please help,Env_Setup,Critical
DBT001944,"query is extremely slow on the test dataset, need help asap please help",Databases,High
DBT001945,"getting an abstract method error in my subclass, need to fix this soon",OOP_Design,Medium
DBT001946,"virtual environment not activating on windows, whenever you get a chance",Env_Setup,Low
DBT001947,"database connection keeps timing out during the demo, no rush",Databases,Low
DBT001948,foreign key constraint fails on insert,Databases,Low
DBT001949,"virtual environment not activating on windows, for future reference",Env_Setup,Low
DBT001950,"segmentation fault when i run the test suite, need to fix this soon",Debugging_Errors,Medium
DBT001951,"my sorting algorithm is too slow for large inputs, need to fix this soon",Algorithms,Medium
DBT001952,"my class diagram doesn't match the actual code structure, whenever you get a chance",OOP_Design,Low
DBT001953,"database connection keeps timing out during the demo, system crashed during the final demo",Databases,Critical
DBT001954,"hi, constructor is not initializing the parent class fields, just curious please help",OOP_Design,Low
DBT001955,"my sorting algorithm is too slow for large inputs, need to fix this soon please help",Algorithms,Medium
DBT001956,while loop condition never becomes false,Loops_Recursion,Low
DBT001957,"while loop condition never becomes false, would like this before the next class",Loops_Recursion,Medium
DBT001958,"for loop skips the last element, no rush",Loops_Recursion,Low
DBT001959,"hi, api call returns 404 only in production, would like this before the next class",WebDev,Medium
DBT001960,"python version mismatch is breaking the autograder, for future reference",Env_Setup,Low
DBT001961,"hi, loop runs forever and I don't know why, whenever you get a chance",Loops_Recursion,Low
DBT001962,"foreign key constraint fails on insert, for future reference",Databases,Low
DBT001963,"trying to understand tail recursion vs normal recursion, would like this before the next class",Loops_Recursion,Medium
DBT001964,"hi, trying to understand tail recursion vs normal recursion please help",Loops_Recursion,Medium
DBT001965,greedy approach fails on this specific test case,Algorithms,Medium
DBT001966,"hi, my sql join is returning duplicate rows, for future reference",Databases,Low
DBT001967,"hi, my sorting algorithm is too slow for large inputs",Algorithms,Low
DBT001968,"form submission is not updating the database, this is blocking my progress",WebDev,High
DBT001969,"greedy approach fails on this specific test case, just curious",Algorithms,Low
DBT001970,"grade for the last assignment has not appeared yet, need help asap",Deadline_Admin,High
DBT001971,"not sure which time complexity my solution actually has, whenever you get a chance",Algorithms,Low
DBT001972,"grade for the last assignment has not appeared yet, for future reference",Deadline_Admin,Low
DBT001973,"stack trace points to a line that looks fine to me, would like this before the next class",Debugging_Errors,Medium
DBT001974,"index out of bounds error only on the last test case, this is blocking my progress",Debugging_Errors,High
DBT001975,"api call returns 404 only in production, whenever you get a chance",WebDev,Low
DBT001976,"not sure how to normalize this schema for the project, for future reference",Databases,Low
DBT001977,"getting an abstract method error in my subclass, no rush",OOP_Design,Low
DBT001978,"hi, trying to understand tail recursion vs normal recursion, this is blocking my progress",Loops_Recursion,High
DBT001979,"not sure how polymorphism applies to this assignment, whenever you get a chance",OOP_Design,Low
DBT001980,getting a null pointer exception i cannot trace,Debugging_Errors,Medium
DBT001981,getting an abstract method error in my subclass please help,OOP_Design,Medium
DBT001982,"my sorting algorithm is too slow for large inputs, would like this before the next class",Algorithms,Medium
DBT001983,"api call returns 404 only in production, submission is due in one hour",WebDev,Critical
DBT001984,form submission is not updating the database,WebDev,Low
DBT001985,"stack trace points to a line that looks fine to me, just curious",Debugging_Errors,Low
DBT001986,"cors error when calling the backend from the frontend, no rush",WebDev,Low
DBT001987,"getting a null pointer exception i cannot trace, just curious",Debugging_Errors,Low
DBT001988,extension request for the assignment due tonight,Deadline_Admin,High
DBT001989,"grade for the last assignment has not appeared yet, need to fix this soon",Deadline_Admin,Medium
DBT001990,constructor is not initializing the parent class fields,OOP_Design,Medium
DBT001991,"index out of bounds error only on the last test case, submission is due in one hour please help",Debugging_Errors,Critical
DBT001992,"exam is in two hours and autograder is down, autograder is down and deadline is in minutes please help",Deadline_Admin,Critical
DBT001993,"extension request for the assignment due tonight, would like this before the next class",Deadline_Admin,Medium
DBT001994,"exam is in two hours and autograder is down, just curious",Deadline_Admin,Low
DBT001995,"extension request for the assignment due tonight, no rush",Deadline_Admin,Low
DBT001996,"getting a null pointer exception i cannot trace, whenever you get a chance",Debugging_Errors,Low
DBT001997,"my class diagram doesn't match the actual code structure, would like this before the next class please help",OOP_Design,Medium
DBT001998,"my sql join is returning duplicate rows, need to fix this soon",Databases,Medium
DBT001999,"python version mismatch is breaking the autograder, need help asap please help",Env_Setup,High
DBT002000,"api call returns 404 only in production, no rush",WebDev,Low
DBT002001,"python version mismatch is breaking the autograder, whenever you get a chance",Env_Setup,Low
DBT002002,"database connection keeps timing out during the demo, deadline is tomorrow",Databases,High
DBT002003,"my code throws an error only on the grading server not locally, need to fix this soon please help",Debugging_Errors,Medium
DBT002004,"hi, loop runs forever and I don't know why",Loops_Recursion,Medium
DBT002005,"react component re-renders infinitely, just curious",WebDev,Low
DBT002006,"stack trace points to a line that looks fine to me, need to fix this soon",Debugging_Errors,Medium
DBT002007,"hi, recursion depth exceeded error keeps showing up, submission is due in one hour please help",Loops_Recursion,Critical
DBT002008,"confused about when to use inheritance vs composition, need to fix this soon",OOP_Design,Medium
DBT002009,"git merge conflict i don't know how to resolve, would like this before the next class",Env_Setup,Medium
DBT002010,"cors error when calling the backend from the frontend, whenever you get a chance",WebDev,Low
DBT002011,"exam is in two hours and autograder is down, this is blocking my progress please help",Deadline_Admin,High
DBT002012,"git merge conflict i don't know how to resolve, need to fix this soon please help",Env_Setup,Medium
DBT002013,"my recursive function never hits the base case, no rush please help",Loops_Recursion,Low
DBT002014,"stack trace points to a line that looks fine to me, need to fix this soon",Debugging_Errors,Medium
DBT002015,my sql join is returning duplicate rows,Databases,Low
DBT002016,"hi, greedy approach fails on this specific test case, whenever you get a chance",Algorithms,Low
DBT002017,"extension request for the assignment due tonight, deadline is tomorrow",Deadline_Admin,High
DBT002018,"index out of bounds error only on the last test case, no rush",Debugging_Errors,Low
DBT002019,"for loop skips the last element, whenever you get a chance",Loops_Recursion,Low
DBT002020,"dynamic programming table is giving wrong values, would like this before the next class",Algorithms,Medium
DBT002021,"virtual environment not activating on windows, would like this before the next class",Env_Setup,Medium
DBT002022,"exam is in two hours and autograder is down, would like this before the next class",Deadline_Admin,Medium
DBT002023,"confused about when to use inheritance vs composition, for future reference",OOP_Design,Low
DBT002024,"my class diagram doesn't match the actual code structure, just curious",OOP_Design,Low
DBT002025,"confused about when to use inheritance vs composition, need to fix this soon",OOP_Design,Medium
DBT002026,"query is extremely slow on the test dataset, need help asap",Databases,High
DBT002027,"my sql join is returning duplicate rows, no rush",Databases,Low
DBT002028,"my sql join is returning duplicate rows, deadline is tomorrow",Databases,High
DBT002029,"not sure how to normalize this schema for the project, need to fix this soon",Databases,Medium
DBT002030,"cors error when calling the backend from the frontend, would like this before the next class",WebDev,Medium
DBT002031,"cannot install the required package on my laptop, whenever you get a chance",Env_Setup,Low
DBT002032,"form submission is not updating the database, need help asap",WebDev,High
DBT002033,"virtual environment not activating on windows, would like this before the next class",Env_Setup,Medium
DBT002034,python version mismatch is breaking the autograder,Env_Setup,Low
DBT002035,"database connection keeps timing out during the demo, just curious",Databases,Low
DBT002036,"database connection keeps timing out during the demo, would like this before the next class",Databases,Medium
DBT002037,"hi, greedy approach fails on this specific test case, just curious",Algorithms,Low
DBT002038,"submission portal is not accepting my file before the deadline, deadline is tomorrow",Deadline_Admin,High
DBT002039,"confused about when to use inheritance vs composition, need to fix this soon",OOP_Design,Medium
DBT002040,"greedy approach fails on this specific test case, for future reference",Algorithms,Low
DBT002041,"hi, trying to understand tail recursion vs normal recursion, for future reference",Loops_Recursion,Low
DBT002042,database connection keeps timing out during the demo,Databases,Low
DBT002043,"hi, loop runs forever and I don't know why",Loops_Recursion,Low
DBT002044,"exam is in two hours and autograder is down, for future reference",Deadline_Admin,Low
DBT002045,"hi, for loop skips the last element, just curious",Loops_Recursion,Low
DBT002046,"python version mismatch is breaking the autograder, just curious",Env_Setup,Low
DBT002047,constructor is not initializing the parent class fields,OOP_Design,Medium
DBT002048,"hi, git merge conflict i don't know how to resolve please help",Env_Setup,Medium
DBT002049,"stack trace points to a line that looks fine to me, would like this before the next class",Debugging_Errors,Medium
DBT002050,"python version mismatch is breaking the autograder, no rush",Env_Setup,Low
DBT002051,"exam is in two hours and autograder is down, system crashed during the final demo",Deadline_Admin,Critical
DBT002052,api call returns 404 only in production,WebDev,Critical
DBT002053,"greedy approach fails on this specific test case, need to fix this soon",Algorithms,Medium
DBT002054,"not sure which time complexity my solution actually has, no rush please help",Algorithms,Low
DBT002055,exam is in two hours and autograder is down,Deadline_Admin,Critical
DBT002056,"loop runs forever and I don't know why, would like this before the next class",Loops_Recursion,Medium
DBT002057,query is extremely slow on the test dataset please help,Databases,Low
DBT002058,while loop condition never becomes false,Loops_Recursion,Low
DBT002059,"not sure how polymorphism applies to this assignment, deadline is tomorrow",OOP_Design,High
DBT002060,"python version mismatch is breaking the autograder, for future reference please help",Env_Setup,Low
DBT002061,query is extremely slow on the test dataset,Databases,Critical
DBT002062,trying to understand tail recursion vs normal recursion,Loops_Recursion,Critical
DBT002063,"cannot install the required package on my laptop, just curious",Env_Setup,Low
DBT002064,"git merge conflict i don't know how to resolve, would like this before the next class",Env_Setup,Medium
DBT002065,"git merge conflict i don't know how to resolve, for future reference",Env_Setup,Low
DBT002066,"trying to understand tail recursion vs normal recursion, whenever you get a chance",Loops_Recursion,Low
DBT002067,virtual environment not activating on windows,Env_Setup,Medium
DBT002068,"hi, submission portal is not accepting my file before the deadline, need help asap",Deadline_Admin,High
DBT002069,"python version mismatch is breaking the autograder, would like this before the next class",Env_Setup,Medium
DBT002070,"my class diagram doesn't match the actual code structure, for future reference",OOP_Design,Low
DBT002071,"hi, react component re-renders infinitely",WebDev,Critical
DBT002072,"segmentation fault when i run the test suite, for future reference",Debugging_Errors,Low
DBT002073,"my recursive function never hits the base case, autograder is down and deadline is in minutes",Loops_Recursion,Critical
DBT002074,"hi, not sure how to normalize this schema for the project, for future reference",Databases,Low
DBT002075,"confused about when to use inheritance vs composition, would like this before the next class",OOP_Design,Medium
DBT002076,"hi, form submission is not updating the database, just curious",WebDev,Low
DBT002077,"python version mismatch is breaking the autograder, need to fix this soon",Env_Setup,Medium
DBT002078,"index out of bounds error only on the last test case, no rush",Debugging_Errors,Low
DBT002079,"database connection keeps timing out during the demo, whenever you get a chance please help",Databases,Low
DBT002080,"form submission is not updating the database, deadline is tomorrow",WebDev,High
DBT002081,submission portal is not accepting my file before the deadline,Deadline_Admin,High
DBT002082,"not sure which time complexity my solution actually has, need to fix this soon please help",Algorithms,Medium
DBT002083,"my code throws an error only on the grading server not locally, need help asap",Debugging_Errors,High
DBT002084,"hi, confused about when to use inheritance vs composition, would like this before the next class",OOP_Design,Medium
DBT002085,"cannot install the required package on my laptop, whenever you get a chance",Env_Setup,Low
DBT002086,"stack trace points to a line that looks fine to me, need to fix this soon",Debugging_Errors,Medium
DBT002087,"submission portal is not accepting my file before the deadline, need to fix this soon",Deadline_Admin,Medium
DBT002088,"react component re-renders infinitely, just curious",WebDev,Low
DBT002089,"segmentation fault when i run the test suite, no rush",Debugging_Errors,Low
DBT002090,"hi, extension request for the assignment due tonight, just curious",Deadline_Admin,High
DBT002091,"my sorting algorithm is too slow for large inputs, would like this before the next class",Algorithms,Critical
DBT002092,"hi, while loop condition never becomes false",Loops_Recursion,Low
DBT002093,"cors error when calling the backend from the frontend, need to fix this soon",WebDev,Medium
DBT002094,"foreign key constraint fails on insert, need to fix this soon",Databases,Medium
DBT002095,"hi, while loop condition never becomes false, need to fix this soon",Loops_Recursion,Medium
DBT002096,api call returns 404 only in production,WebDev,Low
DBT002097,"dynamic programming table is giving wrong values, whenever you get a chance",Algorithms,Low
DBT002098,"hi, not sure which time complexity my solution actually has",Algorithms,High
DBT002099,"hi, cannot install the required package on my laptop, just curious",Env_Setup,Low
DBT002100,"cors error when calling the backend from the frontend, need help asap",WebDev,High
DBT002101,"not sure how polymorphism applies to this assignment, for future reference",OOP_Design,Low
DBT002102,my recursive function never hits the base case,Loops_Recursion,Low
DBT002103,"confused about when to use inheritance vs composition, exam is happening right now please help",OOP_Design,Critical
DBT002104,"trying to understand tail recursion vs normal recursion, just curious",Loops_Recursion,Low
DBT002105,"cannot install the required package on my laptop, need to fix this soon",Env_Setup,Medium
DBT002106,"git merge conflict i don't know how to resolve, just curious",Env_Setup,Low
DBT002107,form submission is not updating the database please help,WebDev,Low
DBT002108,"greedy approach fails on this specific test case, just curious",Algorithms,Low
DBT002109,"hi, my recursive function never hits the base case, whenever you get a chance",Loops_Recursion,Low
DBT002110,graph traversal is missing some nodes,Algorithms,Low
DBT002111,"my class diagram doesn't match the actual code structure, whenever you get a chance",OOP_Design,Low
DBT002112,"my code throws an error only on the grading server not locally, need help asap",Debugging_Errors,High
DBT002113,"hi, graph traversal is missing some nodes, whenever you get a chance",Algorithms,Low
DBT002114,"dynamic programming table is giving wrong values, deadline is tomorrow",Algorithms,High
DBT002115,index out of bounds error only on the last test case,Debugging_Errors,Critical
DBT002116,"exam is in two hours and autograder is down, for future reference please help",Deadline_Admin,Low
DBT002117,"greedy approach fails on this specific test case, this is blocking my progress",Algorithms,High
DBT002118,"hi, not sure which time complexity my solution actually has",Algorithms,Medium
DBT002119,"form submission is not updating the database, would like this before the next class please help",WebDev,Medium
DBT002120,"index out of bounds error only on the last test case, need help asap",Debugging_Errors,High
DBT002121,"hi, form submission is not updating the database, need help asap please help",WebDev,High
DBT002122,"while loop condition never becomes false, whenever you get a chance",Loops_Recursion,Low
DBT002123,"cannot install the required package on my laptop, for future reference",Env_Setup,High
DBT002124,virtual environment not activating on windows,Env_Setup,High
DBT002125,trying to understand tail recursion vs normal recursion,Loops_Recursion,Medium
DBT002126,"getting a null pointer exception i cannot trace, autograder is down and deadline is in minutes",Debugging_Errors,Critical
DBT002127,"exam is in two hours and autograder is down, would like this before the next class please help",Deadline_Admin,Medium
DBT002128,"index out of bounds error only on the last test case, would like this before the next class",Debugging_Errors,Medium
DBT002129,"my class diagram doesn't match the actual code structure, this is blocking my progress",OOP_Design,High
DBT002130,greedy approach fails on this specific test case,Algorithms,Medium
DBT002131,"my code throws an error only on the grading server not locally, need to fix this soon",Debugging_Errors,Medium
DBT002132,"query is extremely slow on the test dataset, just curious",Databases,Medium
DBT002133,getting an abstract method error in my subclass,OOP_Design,Low
DBT002134,submission portal is not accepting my file before the deadline,Deadline_Admin,Low
DBT002135,confused about when to use inheritance vs composition,OOP_Design,Low
DBT002136,"form submission is not updating the database, need to fix this soon",WebDev,Medium
DBT002137,"index out of bounds error only on the last test case, no rush",Debugging_Errors,Low
DBT002138,"stack trace points to a line that looks fine to me, would like this before the next class",Debugging_Errors,Medium
DBT002139,"cors error when calling the backend from the frontend, this is blocking my progress",WebDev,High
DBT002140,"not sure how polymorphism applies to this assignment, need to fix this soon",OOP_Design,Medium
DBT002141,"api call returns 404 only in production, whenever you get a chance",WebDev,Low
DBT002142,git merge conflict i don't know how to resolve,Env_Setup,Medium
DBT002143,"hi, my sql join is returning duplicate rows, just curious",Databases,Low
DBT002144,"extension request for the assignment due tonight, would like this before the next class",Deadline_Admin,Medium
DBT002145,"cannot install the required package on my laptop, just curious",Env_Setup,Low
DBT002146,"cors error when calling the backend from the frontend, need to fix this soon",WebDev,Medium
DBT002147,my class diagram doesn't match the actual code structure,OOP_Design,Medium
DBT002148,my class diagram doesn't match the actual code structure,OOP_Design,Low
DBT002149,"python version mismatch is breaking the autograder, need help asap",Env_Setup,High
DBT002150,"hi, recursion depth exceeded error keeps showing up, for future reference please help",Loops_Recursion,Low
DBT002151,"hi, api call returns 404 only in production please help",WebDev,Low
DBT002152,"database connection keeps timing out during the demo, this is blocking my progress",Databases,High
DBT002153,"api call returns 404 only in production, need help asap please help",WebDev,High
DBT002154,"for loop skips the last element, this is blocking my progress",Loops_Recursion,High
DBT002155,"git merge conflict i don't know how to resolve, just curious",Env_Setup,Low
DBT002156,cors error when calling the backend from the frontend,WebDev,Critical
DBT002157,"api call returns 404 only in production, need to fix this soon",WebDev,Critical
DBT002158,"stack trace points to a line that looks fine to me, just curious",Debugging_Errors,Low
DBT002159,"while loop condition never becomes false, just curious",Loops_Recursion,Low
DBT002160,"hi, recursion depth exceeded error keeps showing up, this is blocking my progress",Loops_Recursion,High
DBT002161,"hi, not sure how to normalize this schema for the project, would like this before the next class",Databases,Medium
DBT002162,"extension request for the assignment due tonight, no rush please help",Deadline_Admin,Low
DBT002163,"database connection keeps timing out during the demo, need to fix this soon please help",Databases,Medium
DBT002164,"virtual environment not activating on windows, whenever you get a chance",Env_Setup,Low
DBT002165,"hi, segmentation fault when i run the test suite",Debugging_Errors,Medium
DBT002166,"form submission is not updating the database, this is blocking my progress",WebDev,High
DBT002167,"git merge conflict i don't know how to resolve, just curious",Env_Setup,Low
DBT002168,"confused about when to use inheritance vs composition, whenever you get a chance",OOP_Design,Low
DBT002169,"my class diagram doesn't match the actual code structure, need help asap",OOP_Design,High
DBT002170,"not sure how polymorphism applies to this assignment, for future reference please help",OOP_Design,Low
DBT002171,"exam is in two hours and autograder is down, this is blocking my progress",Deadline_Admin,High
DBT002172,"api call returns 404 only in production, would like this before the next class please help",WebDev,Medium
DBT002173,"api call returns 404 only in production, need to fix this soon",WebDev,Medium
DBT002174,segmentation fault when i run the test suite please help,Debugging_Errors,Low
DBT002175,"for loop skips the last element, for future reference",Loops_Recursion,Low
DBT002176,"my class diagram doesn't match the actual code structure, would like this before the next class",OOP_Design,Medium
DBT002177,"react component re-renders infinitely, just curious",WebDev,Low
DBT002178,"git merge conflict i don't know how to resolve, need to fix this soon",Env_Setup,Medium
DBT002179,my class diagram doesn't match the actual code structure,OOP_Design,Low
DBT002180,"loop runs forever and I don't know why, need to fix this soon",Loops_Recursion,Medium
DBT002181,exam is in two hours and autograder is down,Deadline_Admin,Low
DBT002182,"virtual environment not activating on windows, would like this before the next class",Env_Setup,Medium
DBT002183,"hi, virtual environment not activating on windows",Env_Setup,High
DBT002184,"grade for the last assignment has not appeared yet, need to fix this soon",Deadline_Admin,Medium
DBT002185,"hi, index out of bounds error only on the last test case",Debugging_Errors,Low
DBT002186,greedy approach fails on this specific test case please help,Algorithms,Low
DBT002187,"hi, my sql join is returning duplicate rows, for future reference",Databases,Low
DBT002188,"hi, not sure which time complexity my solution actually has, would like this before the next class please help",Algorithms,Medium
DBT002189,"hi, dynamic programming table is giving wrong values, just curious please help",Algorithms,Low
DBT002190,"cannot install the required package on my laptop, autograder is down and deadline is in minutes",Env_Setup,Critical
DBT002191,"form submission is not updating the database, for future reference please help",WebDev,Low
DBT002192,"not sure how polymorphism applies to this assignment, this is blocking my progress",OOP_Design,High
DBT002193,"submission portal is not accepting my file before the deadline, exam is happening right now",Deadline_Admin,Critical
DBT002194,"hi, form submission is not updating the database, need help asap",WebDev,High
DBT002195,"hi, cors error when calling the backend from the frontend, just curious",WebDev,Low
DBT002196,"cors error when calling the backend from the frontend, whenever you get a chance",WebDev,Low
DBT002197,"hi, while loop condition never becomes false please help",Loops_Recursion,Medium
DBT002198,api call returns 404 only in production,WebDev,High
DBT002199,"foreign key constraint fails on insert, for future reference",Databases,Low
DBT002200,"query is extremely slow on the test dataset, whenever you get a chance",Databases,Low
DBT002201,"graph traversal is missing some nodes, this is blocking my progress",Algorithms,High
DBT002202,"hi, confused about when to use inheritance vs composition",OOP_Design,Medium
DBT002203,"confused about when to use inheritance vs composition, this is blocking my progress",OOP_Design,High
DBT002204,"hi, while loop condition never becomes false, just curious",Loops_Recursion,Low
DBT002205,"grade for the last assignment has not appeared yet, just curious",Deadline_Admin,Low
DBT002206,"cors error when calling the backend from the frontend, submission is due in one hour",WebDev,Critical
DBT002207,"hi, react component re-renders infinitely, would like this before the next class",WebDev,Medium
DBT002208,"hi, my code throws an error only on the grading server not locally, whenever you get a chance",Debugging_Errors,Low
DBT002209,"not sure how to normalize this schema for the project, need help asap",Databases,High
DBT002210,"not sure how to normalize this schema for the project, deadline is tomorrow",Databases,High
DBT002211,"greedy approach fails on this specific test case, whenever you get a chance",Algorithms,Low
DBT002212,"exam is in two hours and autograder is down, system crashed during the final demo",Deadline_Admin,Critical
DBT002213,"hi, not sure which time complexity my solution actually has, need to fix this soon",Algorithms,Medium
DBT002214,"hi, my code throws an error only on the grading server not locally, for future reference",Debugging_Errors,Low
DBT002215,"hi, not sure how polymorphism applies to this assignment, would like this before the next class",OOP_Design,Medium
DBT002216,getting an abstract method error in my subclass,OOP_Design,Low
DBT002217,for loop skips the last element,Loops_Recursion,Low
DBT002218,"exam is in two hours and autograder is down, need help asap",Deadline_Admin,Critical
DBT002219,"grade for the last assignment has not appeared yet, system crashed during the final demo",Deadline_Admin,Critical
DBT002220,"foreign key constraint fails on insert, just curious please help",Databases,Low
DBT002221,"hi, my recursive function never hits the base case, whenever you get a chance",Loops_Recursion,Low
DBT002222,"hi, segmentation fault when i run the test suite, whenever you get a chance",Debugging_Errors,Low
DBT002223,"hi, trying to understand tail recursion vs normal recursion, whenever you get a chance",Loops_Recursion,Low
DBT002224,for loop skips the last element,Loops_Recursion,Low
DBT002225,"api call returns 404 only in production, whenever you get a chance",WebDev,Low
DBT002226,"constructor is not initializing the parent class fields, deadline is tomorrow",OOP_Design,High
DBT002227,"getting an abstract method error in my subclass, just curious",OOP_Design,Low
DBT002228,"trying to understand tail recursion vs normal recursion, would like this before the next class",Loops_Recursion,Medium
DBT002229,form submission is not updating the database,WebDev,Medium
DBT002230,"not sure how polymorphism applies to this assignment, no rush",OOP_Design,Low
DBT002231,api call returns 404 only in production,WebDev,Low
DBT002232,"segmentation fault when i run the test suite, no rush",Debugging_Errors,Low
DBT002233,database connection keeps timing out during the demo,Databases,Medium
DBT002234,"hi, submission portal is not accepting my file before the deadline, would like this before the next class",Deadline_Admin,Medium
DBT002235,"hi, my sql join is returning duplicate rows",Databases,Medium
DBT002236,"submission portal is not accepting my file before the deadline, this is blocking my progress",Deadline_Admin,High
DBT002237,"hi, cors error when calling the backend from the frontend, just curious",WebDev,High
DBT002238,"grade for the last assignment has not appeared yet, whenever you get a chance",Deadline_Admin,Low
DBT002239,my sql join is returning duplicate rows please help,Databases,Low
DBT002240,"index out of bounds error only on the last test case, need to fix this soon",Debugging_Errors,Medium
DBT002241,"for loop skips the last element, would like this before the next class",Loops_Recursion,Medium
DBT002242,"hi, segmentation fault when i run the test suite, need to fix this soon",Debugging_Errors,Medium
DBT002243,"api call returns 404 only in production, would like this before the next class",WebDev,Medium
DBT002244,not sure how polymorphism applies to this assignment,OOP_Design,Low
DBT002245,"submission portal is not accepting my file before the deadline, would like this before the next class",Deadline_Admin,Medium
DBT002246,my sql join is returning duplicate rows,Databases,Low
DBT002247,"greedy approach fails on this specific test case, whenever you get a chance",Algorithms,Low
DBT002248,"segmentation fault when i run the test suite, no rush",Debugging_Errors,Low
DBT002249,"virtual environment not activating on windows, whenever you get a chance please help",Env_Setup,Low
DBT002250,"hi, cors error when calling the backend from the frontend, just curious please help",WebDev,Low
DBT002251,"virtual environment not activating on windows, this is blocking my progress",Env_Setup,High
DBT002252,"hi, trying to understand tail recursion vs normal recursion, would like this before the next class",Loops_Recursion,Medium
DBT002253,"dynamic programming table is giving wrong values, whenever you get a chance",Algorithms,Low
DBT002254,extension request for the assignment due tonight,Deadline_Admin,Low
DBT002255,api call returns 404 only in production,WebDev,Medium
DBT002256,"grade for the last assignment has not appeared yet, submission is due in one hour please help",Deadline_Admin,Critical
DBT002257,"exam is in two hours and autograder is down, no rush",Deadline_Admin,Low
DBT002258,"hi, while loop condition never becomes false, no rush",Loops_Recursion,Low
DBT002259,stack trace points to a line that looks fine to me,Debugging_Errors,Low
DBT002260,"my sql join is returning duplicate rows, would like this before the next class",Databases,Medium
DBT002261,"my class diagram doesn't match the actual code structure, need to fix this soon",OOP_Design,Medium
DBT002262,"virtual environment not activating on windows, for future reference",Env_Setup,Low
DBT002263,"greedy approach fails on this specific test case, autograder is down and deadline is in minutes",Algorithms,Critical
DBT002264,"hi, recursion depth exceeded error keeps showing up, would like this before the next class",Loops_Recursion,Medium
DBT002265,"submission portal is not accepting my file before the deadline, submission is due in one hour",Deadline_Admin,Critical
DBT002266,"confused about when to use inheritance vs composition, would like this before the next class",OOP_Design,Medium
DBT002267,"segmentation fault when i run the test suite, for future reference",Debugging_Errors,Low
DBT002268,"extension request for the assignment due tonight, no rush",Deadline_Admin,Low
DBT002269,"api call returns 404 only in production, just curious",WebDev,Low
DBT002270,"dynamic programming table is giving wrong values, no rush",Algorithms,Low
DBT002271,"recursion depth exceeded error keeps showing up, submission is due in one hour",Loops_Recursion,Critical
DBT002272,"cors error when calling the backend from the frontend, for future reference",WebDev,Low
DBT002273,"database connection keeps timing out during the demo, would like this before the next class",Databases,Medium
DBT002274,"virtual environment not activating on windows, whenever you get a chance",Env_Setup,Low
DBT002275,stack trace points to a line that looks fine to me,Debugging_Errors,Critical
DBT002276,getting a null pointer exception i cannot trace,Debugging_Errors,Critical
DBT002277,"my recursive function never hits the base case, no rush",Loops_Recursion,Low
DBT002278,"hi, foreign key constraint fails on insert, no rush please help",Databases,Low
DBT002279,"not sure how to normalize this schema for the project, no rush",Databases,Low
DBT002280,"query is extremely slow on the test dataset, for future reference",Databases,Low
DBT002281,"hi, foreign key constraint fails on insert, for future reference",Databases,Low
DBT002282,"stack trace points to a line that looks fine to me, need to fix this soon please help",Debugging_Errors,Medium
DBT002283,"extension request for the assignment due tonight, just curious",Deadline_Admin,Low
DBT002284,"hi, not sure how to normalize this schema for the project, would like this before the next class",Databases,Medium
DBT002285,"cors error when calling the backend from the frontend, need to fix this soon please help",WebDev,Medium
DBT002286,graph traversal is missing some nodes,Algorithms,Low
DBT002287,"hi, my recursive function never hits the base case, whenever you get a chance",Loops_Recursion,Low
DBT002288,"loop runs forever and I don't know why, whenever you get a chance",Loops_Recursion,Low
DBT002289,"hi, virtual environment not activating on windows, just curious",Env_Setup,Low
DBT002290,"constructor is not initializing the parent class fields, need to fix this soon",OOP_Design,Medium
DBT002291,"hi, my class diagram doesn't match the actual code structure, just curious",OOP_Design,High
DBT002292,"hi, not sure how to normalize this schema for the project, need to fix this soon",Databases,Medium
DBT002293,"my code throws an error only on the grading server not locally, would like this before the next class",Debugging_Errors,Medium
DBT002294,"cannot install the required package on my laptop, need to fix this soon",Env_Setup,Medium
DBT002295,"for loop skips the last element, no rush",Loops_Recursion,Low
DBT002296,"git merge conflict i don't know how to resolve, for future reference please help",Env_Setup,Low
DBT002297,"trying to understand tail recursion vs normal recursion, this is blocking my progress",Loops_Recursion,High
DBT002298,"getting a null pointer exception i cannot trace, whenever you get a chance",Debugging_Errors,Low
DBT002299,"form submission is not updating the database, need to fix this soon",WebDev,Medium
DBT002300,"getting a null pointer exception i cannot trace, need to fix this soon",Debugging_Errors,Medium
DBT002301,extension request for the assignment due tonight,Deadline_Admin,High
DBT002302,"hi, python version mismatch is breaking the autograder, would like this before the next class",Env_Setup,Medium
DBT002303,"getting a null pointer exception i cannot trace, no rush",Debugging_Errors,Low
DBT002304,"extension request for the assignment due tonight, deadline is tomorrow",Deadline_Admin,High
DBT002305,"hi, virtual environment not activating on windows",Env_Setup,Medium
DBT002306,"not sure which time complexity my solution actually has, autograder is down and deadline is in minutes please help",Algorithms,Critical
DBT002307,"hi, trying to understand tail recursion vs normal recursion, need help asap please help",Loops_Recursion,High
DBT002308,"form submission is not updating the database, just curious",WebDev,Low
DBT002309,"recursion depth exceeded error keeps showing up, need to fix this soon please help",Loops_Recursion,Medium
DBT002310,"foreign key constraint fails on insert, for future reference",Databases,Low
DBT002311,"python version mismatch is breaking the autograder, need to fix this soon",Env_Setup,Medium
DBT002312,exam is in two hours and autograder is down,Deadline_Admin,Medium
DBT002313,"hi, my class diagram doesn't match the actual code structure, need to fix this soon",OOP_Design,Medium
DBT002314,"react component re-renders infinitely, need to fix this soon",WebDev,Medium
DBT002315,"hi, not sure how polymorphism applies to this assignment, would like this before the next class",OOP_Design,Medium
DBT002316,segmentation fault when i run the test suite please help,Debugging_Errors,Medium
DBT002317,not sure how to normalize this schema for the project,Databases,Medium
DBT002318,"hi, stack trace points to a line that looks fine to me, this is blocking my progress",Debugging_Errors,High
DBT002319,"hi, segmentation fault when i run the test suite",Debugging_Errors,High
DBT002320,"loop runs forever and I don't know why, just curious",Loops_Recursion,Low
DBT002321,"segmentation fault when i run the test suite, need to fix this soon",Debugging_Errors,Medium
DBT002322,"virtual environment not activating on windows, whenever you get a chance",Env_Setup,Low
DBT002323,"cannot install the required package on my laptop, this is blocking my progress",Env_Setup,High
DBT002324,"graph traversal is missing some nodes, would like this before the next class",Algorithms,Medium
DBT002325,form submission is not updating the database,WebDev,Low
DBT002326,"virtual environment not activating on windows, deadline is tomorrow please help",Env_Setup,High
DBT002327,"dynamic programming table is giving wrong values, deadline is tomorrow",Algorithms,High
DBT002328,"segmentation fault when i run the test suite, need to fix this soon",Debugging_Errors,Medium
DBT002329,"constructor is not initializing the parent class fields, just curious",OOP_Design,Low
DBT002330,"not sure how polymorphism applies to this assignment, for future reference",OOP_Design,Low
DBT002331,"my recursive function never hits the base case, would like this before the next class",Loops_Recursion,Medium
DBT002332,"hi, my code throws an error only on the grading server not locally",Debugging_Errors,Medium
DBT002333,"form submission is not updating the database, need to fix this soon",WebDev,Medium
DBT002334,"stack trace points to a line that looks fine to me, need to fix this soon",Debugging_Errors,Medium
DBT002335,foreign key constraint fails on insert,Databases,Medium
DBT002336,"segmentation fault when i run the test suite, for future reference",Debugging_Errors,Low
DBT002337,"loop runs forever and I don't know why, deadline is tomorrow",Loops_Recursion,High
DBT002338,"cannot install the required package on my laptop, this is blocking my progress",Env_Setup,High
DBT002339,"my sql join is returning duplicate rows, need to fix this soon",Databases,Medium
DBT002340,"recursion depth exceeded error keeps showing up, for future reference",Loops_Recursion,Low
DBT002341,"virtual environment not activating on windows, deadline is tomorrow",Env_Setup,High
DBT002342,trying to understand tail recursion vs normal recursion,Loops_Recursion,Low
DBT002343,"hi, graph traversal is missing some nodes please help",Algorithms,High
DBT002344,extension request for the assignment due tonight,Deadline_Admin,Critical
DBT002345,"cannot install the required package on my laptop, just curious please help",Env_Setup,Low
DBT002346,"confused about when to use inheritance vs composition, would like this before the next class please help",OOP_Design,Medium
DBT002347,"git merge conflict i don't know how to resolve, system crashed during the final demo",Env_Setup,Critical
DBT002348,"my sql join is returning duplicate rows, for future reference",Databases,Low
DBT002349,python version mismatch is breaking the autograder,Env_Setup,High
DBT002350,"my recursive function never hits the base case, system crashed during the final demo",Loops_Recursion,Critical
DBT002351,"my sql join is returning duplicate rows, need to fix this soon",Databases,Medium
DBT002352,"git merge conflict i don't know how to resolve, need to fix this soon",Env_Setup,Medium
DBT002353,"hi, query is extremely slow on the test dataset, would like this before the next class",Databases,Medium
DBT002354,virtual environment not activating on windows please help,Env_Setup,Low
DBT002355,constructor is not initializing the parent class fields,OOP_Design,Low
DBT002356,"database connection keeps timing out during the demo, whenever you get a chance",Databases,Low
DBT002357,"virtual environment not activating on windows, need to fix this soon",Env_Setup,Medium
DBT002358,"hi, react component re-renders infinitely, whenever you get a chance",WebDev,Low
DBT002359,"constructor is not initializing the parent class fields, need help asap please help",OOP_Design,High
DBT002360,"my recursive function never hits the base case, no rush please help",Loops_Recursion,Medium
DBT002361,"hi, loop runs forever and I don't know why",Loops_Recursion,Medium
DBT002362,"hi, git merge conflict i don't know how to resolve, just curious",Env_Setup,Low
DBT002363,loop runs forever and I don't know why,Loops_Recursion,Medium
DBT002364,while loop condition never becomes false,Loops_Recursion,Low
DBT002365,confused about when to use inheritance vs composition please help,OOP_Design,Medium
DBT002366,"hi, segmentation fault when i run the test suite, no rush",Debugging_Errors,Low
DBT002367,"loop runs forever and I don't know why, just curious",Loops_Recursion,Low
DBT002368,"hi, segmentation fault when i run the test suite, just curious",Debugging_Errors,Low
DBT002369,"my code throws an error only on the grading server not locally, whenever you get a chance",Debugging_Errors,Low
DBT002370,"for loop skips the last element, no rush",Loops_Recursion,Low
DBT002371,"python version mismatch is breaking the autograder, just curious",Env_Setup,Low
DBT002372,"for loop skips the last element, need to fix this soon",Loops_Recursion,Medium
DBT002373,"my class diagram doesn't match the actual code structure, would like this before the next class",OOP_Design,Medium
DBT002374,"my sorting algorithm is too slow for large inputs, no rush",Algorithms,Low
DBT002375,"cors error when calling the backend from the frontend, just curious please help",WebDev,Low
DBT002376,"hi, stack trace points to a line that looks fine to me, no rush",Debugging_Errors,Low
DBT002377,"my sorting algorithm is too slow for large inputs, need to fix this soon",Algorithms,Medium
DBT002378,react component re-renders infinitely,WebDev,Low
DBT002379,"not sure how polymorphism applies to this assignment, whenever you get a chance",OOP_Design,Low
DBT002380,"hi, stack trace points to a line that looks fine to me, this is blocking my progress",Debugging_Errors,High
DBT002381,"hi, confused about when to use inheritance vs composition, would like this before the next class",OOP_Design,Medium
DBT002382,"my class diagram doesn't match the actual code structure, need help asap",OOP_Design,High
DBT002383,"not sure how polymorphism applies to this assignment, for future reference",OOP_Design,Low
DBT002384,"hi, greedy approach fails on this specific test case, would like this before the next class",Algorithms,Medium
DBT002385,"hi, query is extremely slow on the test dataset, need help asap",Databases,High
DBT002386,"hi, constructor is not initializing the parent class fields, this is blocking my progress",OOP_Design,High
DBT002387,"exam is in two hours and autograder is down, need to fix this soon",Deadline_Admin,Medium
DBT002388,"recursion depth exceeded error keeps showing up, no rush please help",Loops_Recursion,Low
DBT002389,"foreign key constraint fails on insert, deadline is tomorrow",Databases,High
DBT002390,"query is extremely slow on the test dataset, need to fix this soon",Databases,Medium
DBT002391,"my class diagram doesn't match the actual code structure, need to fix this soon please help",OOP_Design,Medium
DBT002392,"my recursive function never hits the base case, system crashed during the final demo",Loops_Recursion,Critical
DBT002393,"hi, foreign key constraint fails on insert",Databases,Low
DBT002394,"recursion depth exceeded error keeps showing up, for future reference",Loops_Recursion,Low
DBT002395,database connection keeps timing out during the demo,Databases,Low
DBT002396,"submission portal is not accepting my file before the deadline, this is blocking my progress please help",Deadline_Admin,High
DBT002397,"recursion depth exceeded error keeps showing up, need to fix this soon",Loops_Recursion,Medium
DBT002398,"my recursive function never hits the base case, need to fix this soon",Loops_Recursion,Medium
DBT002399,getting a null pointer exception i cannot trace please help,Debugging_Errors,Critical
DBT002400,"react component re-renders infinitely, need to fix this soon",WebDev,Medium
DBT002401,"hi, cors error when calling the backend from the frontend",WebDev,Medium
DBT002402,"git merge conflict i don't know how to resolve, deadline is tomorrow",Env_Setup,High
DBT002403,"confused about when to use inheritance vs composition, for future reference",OOP_Design,Low
DBT002404,"hi, grade for the last assignment has not appeared yet, need to fix this soon",Deadline_Admin,Medium
DBT002405,"hi, react component re-renders infinitely, need to fix this soon",WebDev,Medium
DBT002406,"hi, not sure which time complexity my solution actually has, no rush",Algorithms,Low
DBT002407,"react component re-renders infinitely, no rush",WebDev,Low
DBT002408,"my sql join is returning duplicate rows, need to fix this soon please help",Databases,Medium
DBT002409,"submission portal is not accepting my file before the deadline, whenever you get a chance",Deadline_Admin,Low
DBT002410,"for loop skips the last element, deadline is tomorrow",Loops_Recursion,High
DBT002411,"foreign key constraint fails on insert, need to fix this soon",Databases,Medium
DBT002412,"stack trace points to a line that looks fine to me, need help asap",Debugging_Errors,High
DBT002413,"hi, git merge conflict i don't know how to resolve please help",Env_Setup,Low
DBT002414,grade for the last assignment has not appeared yet please help,Deadline_Admin,Critical
DBT002415,"python version mismatch is breaking the autograder, need to fix this soon",Env_Setup,Medium
DBT002416,"database connection keeps timing out during the demo, whenever you get a chance",Databases,Low
DBT002417,"query is extremely slow on the test dataset, just curious",Databases,Low
DBT002418,"react component re-renders infinitely, for future reference",WebDev,Low
DBT002419,my sorting algorithm is too slow for large inputs,Algorithms,Medium
DBT002420,"hi, my sql join is returning duplicate rows, this is blocking my progress",Databases,High
DBT002421,"hi, confused about when to use inheritance vs composition, would like this before the next class",OOP_Design,Medium
DBT002422,"confused about when to use inheritance vs composition, need help asap",OOP_Design,High
DBT002423,"submission portal is not accepting my file before the deadline, exam is happening right now",Deadline_Admin,Critical
DBT002424,"hi, my class diagram doesn't match the actual code structure, this is blocking my progress",OOP_Design,High
DBT002425,api call returns 404 only in production please help,WebDev,Low
DBT002426,"confused about when to use inheritance vs composition, just curious",OOP_Design,Low
DBT002427,"cannot install the required package on my laptop, whenever you get a chance please help",Env_Setup,Low
DBT002428,"not sure which time complexity my solution actually has, whenever you get a chance please help",Algorithms,Low
DBT002429,"grade for the last assignment has not appeared yet, autograder is down and deadline is in minutes please help",Deadline_Admin,Critical
DBT002430,"api call returns 404 only in production, would like this before the next class",WebDev,Medium
DBT002431,"virtual environment not activating on windows, for future reference please help",Env_Setup,Low
DBT002432,"my sql join is returning duplicate rows, would like this before the next class",Databases,Medium
DBT002433,"git merge conflict i don't know how to resolve, whenever you get a chance",Env_Setup,Low
DBT002434,"my code throws an error only on the grading server not locally, would like this before the next class please help",Debugging_Errors,Medium
DBT002435,"getting a null pointer exception i cannot trace, exam is happening right now",Debugging_Errors,Critical
DBT002436,"not sure which time complexity my solution actually has, whenever you get a chance",Algorithms,Low
DBT002437,"index out of bounds error only on the last test case, this is blocking my progress please help",Debugging_Errors,High
DBT002438,"hi, dynamic programming table is giving wrong values, would like this before the next class",Algorithms,Medium
DBT002439,"hi, dynamic programming table is giving wrong values, need help asap",Algorithms,High
DBT002440,"hi, not sure how polymorphism applies to this assignment, need to fix this soon",OOP_Design,Medium
DBT002441,dynamic programming table is giving wrong values,Algorithms,Medium
DBT002442,"grade for the last assignment has not appeared yet, this is blocking my progress",Deadline_Admin,High
DBT002443,"hi, my sql join is returning duplicate rows, no rush",Databases,Low
DBT002444,"hi, query is extremely slow on the test dataset, need help asap",Databases,High
DBT002445,"segmentation fault when i run the test suite, need to fix this soon",Debugging_Errors,Medium
DBT002446,"for loop skips the last element, need help asap",Loops_Recursion,High
DBT002447,graph traversal is missing some nodes,Algorithms,Critical
DBT002448,api call returns 404 only in production,WebDev,Medium
DBT002449,"submission portal is not accepting my file before the deadline, exam is happening right now",Deadline_Admin,Critical
DBT002450,"exam is in two hours and autograder is down, no rush",Deadline_Admin,Low
DBT002451,"stack trace points to a line that looks fine to me, need help asap",Debugging_Errors,High
DBT002452,"cannot install the required package on my laptop, for future reference",Env_Setup,Low
DBT002453,"api call returns 404 only in production, would like this before the next class",WebDev,Medium
DBT002454,"exam is in two hours and autograder is down, need help asap",Deadline_Admin,High
DBT002455,"constructor is not initializing the parent class fields, whenever you get a chance",OOP_Design,Low
DBT002456,"cannot install the required package on my laptop, would like this before the next class",Env_Setup,Medium
DBT002457,"hi, while loop condition never becomes false, need to fix this soon",Loops_Recursion,Medium
DBT002458,"hi, segmentation fault when i run the test suite",Debugging_Errors,Low
DBT002459,"exam is in two hours and autograder is down, this is blocking my progress please help",Deadline_Admin,High
DBT002460,"exam is in two hours and autograder is down, need help asap",Deadline_Admin,High
DBT002461,"not sure how to normalize this schema for the project, no rush",Databases,Low
DBT002462,"extension request for the assignment due tonight, this is blocking my progress",Deadline_Admin,High
DBT002463,"form submission is not updating the database, just curious",WebDev,Low
DBT002464,"stack trace points to a line that looks fine to me, for future reference",Debugging_Errors,Low
DBT002465,"hi, not sure how polymorphism applies to this assignment",OOP_Design,Low
DBT002466,"submission portal is not accepting my file before the deadline, this is blocking my progress",Deadline_Admin,High
DBT002467,"my recursive function never hits the base case, would like this before the next class",Loops_Recursion,Medium
DBT002468,"confused about when to use inheritance vs composition, for future reference",OOP_Design,Low
DBT002469,"exam is in two hours and autograder is down, no rush",Deadline_Admin,Low
DBT002470,"index out of bounds error only on the last test case, no rush",Debugging_Errors,Low
DBT002471,"cors error when calling the backend from the frontend, just curious",WebDev,Low
DBT002472,"not sure which time complexity my solution actually has, would like this before the next class",Algorithms,Medium
DBT002473,"hi, exam is in two hours and autograder is down, whenever you get a chance",Deadline_Admin,Low
DBT002474,"react component re-renders infinitely, no rush",WebDev,Low
DBT002475,"my sql join is returning duplicate rows, need help asap please help",Databases,High
DBT002476,"for loop skips the last element, would like this before the next class",Loops_Recursion,Medium
DBT002477,"hi, dynamic programming table is giving wrong values, for future reference",Algorithms,Low
DBT002478,"hi, confused about when to use inheritance vs composition",OOP_Design,Low
DBT002479,git merge conflict i don't know how to resolve,Env_Setup,Low
DBT002480,"my class diagram doesn't match the actual code structure, no rush",OOP_Design,Low
DBT002481,"git merge conflict i don't know how to resolve, would like this before the next class",Env_Setup,Medium
DBT002482,"trying to understand tail recursion vs normal recursion, need to fix this soon please help",Loops_Recursion,Medium
DBT002483,"not sure which time complexity my solution actually has, for future reference",Algorithms,Low
DBT002484,"hi, exam is in two hours and autograder is down, this is blocking my progress",Deadline_Admin,High
DBT002485,"stack trace points to a line that looks fine to me, whenever you get a chance",Debugging_Errors,Low
DBT002486,"hi, getting a null pointer exception i cannot trace, just curious",Debugging_Errors,Low
DBT002487,"extension request for the assignment due tonight, need help asap",Deadline_Admin,High
DBT002488,"cannot install the required package on my laptop, would like this before the next class",Env_Setup,Medium
DBT002489,recursion depth exceeded error keeps showing up,Loops_Recursion,Medium
DBT002490,"hi, loop runs forever and I don't know why, would like this before the next class",Loops_Recursion,Medium
DBT002491,"trying to understand tail recursion vs normal recursion, need to fix this soon",Loops_Recursion,Medium
DBT002492,react component re-renders infinitely please help,WebDev,Critical
DBT002493,"for loop skips the last element, would like this before the next class please help",Loops_Recursion,Medium
DBT002494,"hi, not sure how to normalize this schema for the project, deadline is tomorrow",Databases,High
DBT002495,while loop condition never becomes false please help,Loops_Recursion,Medium
DBT002496,"git merge conflict i don't know how to resolve, this is blocking my progress",Env_Setup,High
DBT002497,"hi, grade for the last assignment has not appeared yet, deadline is tomorrow",Deadline_Admin,High
DBT002498,"query is extremely slow on the test dataset, need to fix this soon please help",Databases,Medium
DBT002499,"hi, for loop skips the last element, deadline is tomorrow",Loops_Recursion,High
DBT002500,"hi, git merge conflict i don't know how to resolve",Env_Setup,Low
DBT002501,"python version mismatch is breaking the autograder, no rush please help",Env_Setup,Low
DBT002502,virtual environment not activating on windows,Env_Setup,High
DBT002503,"constructor is not initializing the parent class fields, would like this before the next class",OOP_Design,Medium
DBT002504,not sure how polymorphism applies to this assignment,OOP_Design,Medium
DBT002505,not sure how polymorphism applies to this assignment,OOP_Design,Medium
DBT002506,constructor is not initializing the parent class fields,OOP_Design,Medium
DBT002507,"not sure which time complexity my solution actually has, need to fix this soon",Algorithms,Medium
DBT002508,"virtual environment not activating on windows, just curious",Env_Setup,Low
DBT002509,"index out of bounds error only on the last test case, system crashed during the final demo",Debugging_Errors,Critical
DBT002510,for loop skips the last element,Loops_Recursion,Critical
DBT002511,cors error when calling the backend from the frontend,WebDev,Critical
DBT002512,"grade for the last assignment has not appeared yet, would like this before the next class",Deadline_Admin,Medium
DBT002513,"hi, constructor is not initializing the parent class fields, whenever you get a chance",OOP_Design,Low
DBT002514,grade for the last assignment has not appeared yet,Deadline_Admin,Medium
DBT002515,my code throws an error only on the grading server not locally,Debugging_Errors,Low
DBT002516,"trying to understand tail recursion vs normal recursion, need to fix this soon",Loops_Recursion,Medium
DBT002517,"git merge conflict i don't know how to resolve, for future reference please help",Env_Setup,Low
DBT002518,"constructor is not initializing the parent class fields, just curious",OOP_Design,Low
DBT002519,"query is extremely slow on the test dataset, just curious",Databases,Low
DBT002520,"hi, foreign key constraint fails on insert, this is blocking my progress please help",Databases,High
DBT002521,"hi, confused about when to use inheritance vs composition, whenever you get a chance",OOP_Design,Low
DBT002522,"not sure how polymorphism applies to this assignment, no rush",OOP_Design,Low
DBT002523,"greedy approach fails on this specific test case, submission is due in one hour",Algorithms,Critical
DBT002524,"query is extremely slow on the test dataset, would like this before the next class please help",Databases,Medium
DBT002525,"hi, my class diagram doesn't match the actual code structure, no rush",OOP_Design,Low
DBT002526,"dynamic programming table is giving wrong values, this is blocking my progress",Algorithms,High
DBT002527,"my sorting algorithm is too slow for large inputs, would like this before the next class",Algorithms,Medium
DBT002528,"submission portal is not accepting my file before the deadline, this is blocking my progress",Deadline_Admin,High
DBT002529,"my sorting algorithm is too slow for large inputs, this is blocking my progress",Algorithms,High
DBT002530,"foreign key constraint fails on insert, would like this before the next class",Databases,Medium
DBT002531,"hi, query is extremely slow on the test dataset, deadline is tomorrow please help",Databases,High
DBT002532,"hi, form submission is not updating the database",WebDev,Medium
DBT002533,"loop runs forever and I don't know why, would like this before the next class",Loops_Recursion,Medium
DBT002534,"not sure how to normalize this schema for the project, for future reference",Databases,Low
DBT002535,"api call returns 404 only in production, this is blocking my progress",WebDev,High
DBT002536,react component re-renders infinitely,WebDev,Medium
DBT002537,"grade for the last assignment has not appeared yet, deadline is tomorrow please help",Deadline_Admin,High
DBT002538,"hi, database connection keeps timing out during the demo",Databases,Medium
DBT002539,"hi, graph traversal is missing some nodes, need to fix this soon please help",Algorithms,Medium
DBT002540,"hi, submission portal is not accepting my file before the deadline, for future reference",Deadline_Admin,Low
DBT002541,"grade for the last assignment has not appeared yet, would like this before the next class",Deadline_Admin,Medium
DBT002542,api call returns 404 only in production,WebDev,Medium
DBT002543,"react component re-renders infinitely, whenever you get a chance please help",WebDev,Low
DBT002544,"submission portal is not accepting my file before the deadline, just curious",Deadline_Admin,Low
DBT002545,"hi, not sure how polymorphism applies to this assignment, for future reference",OOP_Design,Low
DBT002546,"hi, getting a null pointer exception i cannot trace, deadline is tomorrow",Debugging_Errors,High
DBT002547,"while loop condition never becomes false, for future reference",Loops_Recursion,Low
DBT002548,"hi, git merge conflict i don't know how to resolve, would like this before the next class",Env_Setup,Medium
DBT002549,"extension request for the assignment due tonight, this is blocking my progress",Deadline_Admin,High
DBT002550,"my sorting algorithm is too slow for large inputs, need help asap",Algorithms,High
DBT002551,"my sorting algorithm is too slow for large inputs, no rush",Algorithms,Low
DBT002552,"hi, virtual environment not activating on windows, system crashed during the final demo",Env_Setup,Critical
DBT002553,"exam is in two hours and autograder is down, submission is due in one hour",Deadline_Admin,Critical
DBT002554,"database connection keeps timing out during the demo, this is blocking my progress",Databases,High
DBT002555,"grade for the last assignment has not appeared yet, no rush",Deadline_Admin,Low
DBT002556,"my class diagram doesn't match the actual code structure, would like this before the next class",OOP_Design,Medium
DBT002557,"confused about when to use inheritance vs composition, no rush",OOP_Design,Low
DBT002558,"hi, foreign key constraint fails on insert, this is blocking my progress please help",Databases,High
DBT002559,"my class diagram doesn't match the actual code structure, need help asap",OOP_Design,High
DBT002560,"hi, database connection keeps timing out during the demo, need to fix this soon",Databases,Medium
DBT002561,"not sure how polymorphism applies to this assignment, system crashed during the final demo",OOP_Design,Critical
DBT002562,constructor is not initializing the parent class fields,OOP_Design,Low
DBT002563,"hi, extension request for the assignment due tonight, no rush",Deadline_Admin,Low
DBT002564,"hi, git merge conflict i don't know how to resolve, would like this before the next class",Env_Setup,Medium
DBT002565,"hi, cors error when calling the backend from the frontend, would like this before the next class",WebDev,Medium
DBT002566,"api call returns 404 only in production, need to fix this soon",WebDev,Medium
DBT002567,virtual environment not activating on windows,Env_Setup,Low
DBT002568,"cannot install the required package on my laptop, for future reference",Env_Setup,Low
DBT002569,my code throws an error only on the grading server not locally,Debugging_Errors,Critical
DBT002570,getting an abstract method error in my subclass,OOP_Design,Low
DBT002571,"my recursive function never hits the base case, just curious",Loops_Recursion,Low
DBT002572,for loop skips the last element,Loops_Recursion,Critical
DBT002573,"hi, constructor is not initializing the parent class fields",OOP_Design,High
DBT002574,"api call returns 404 only in production, would like this before the next class",WebDev,Medium
DBT002575,"trying to understand tail recursion vs normal recursion, deadline is tomorrow",Loops_Recursion,High
DBT002576,"trying to understand tail recursion vs normal recursion, exam is happening right now",Loops_Recursion,Critical
DBT002577,"index out of bounds error only on the last test case, would like this before the next class please help",Debugging_Errors,Medium
DBT002578,"git merge conflict i don't know how to resolve, whenever you get a chance",Env_Setup,Low
DBT002579,"hi, grade for the last assignment has not appeared yet",Deadline_Admin,High
DBT002580,"git merge conflict i don't know how to resolve, would like this before the next class please help",Env_Setup,Medium
DBT002581,"not sure how to normalize this schema for the project, no rush",Databases,Low
DBT002582,"foreign key constraint fails on insert, need to fix this soon",Databases,Medium
DBT002583,constructor is not initializing the parent class fields,OOP_Design,Low
DBT002584,"hi, submission portal is not accepting my file before the deadline",Deadline_Admin,Medium
DBT002585,"foreign key constraint fails on insert, for future reference",Databases,Low
DBT002586,"my class diagram doesn't match the actual code structure, for future reference",OOP_Design,Low
DBT002587,loop runs forever and I don't know why,Loops_Recursion,Medium
DBT002588,"hi, my class diagram doesn't match the actual code structure, just curious",OOP_Design,Low
DBT002589,cannot install the required package on my laptop,Env_Setup,Low
DBT002590,"trying to understand tail recursion vs normal recursion, this is blocking my progress",Loops_Recursion,High
DBT002591,"python version mismatch is breaking the autograder, need to fix this soon",Env_Setup,Medium
DBT002592,"my sorting algorithm is too slow for large inputs, no rush",Algorithms,Low
DBT002593,"confused about when to use inheritance vs composition, just curious",OOP_Design,Low
DBT002594,"while loop condition never becomes false, just curious",Loops_Recursion,Low
DBT002595,trying to understand tail recursion vs normal recursion,Loops_Recursion,Low
DBT002596,"not sure which time complexity my solution actually has, would like this before the next class",Algorithms,Medium
DBT002597,"python version mismatch is breaking the autograder, need help asap",Env_Setup,High
DBT002598,"foreign key constraint fails on insert, need to fix this soon",Databases,Medium
DBT002599,"form submission is not updating the database, need to fix this soon",WebDev,Medium
DBT002600,"extension request for the assignment due tonight, this is blocking my progress",Deadline_Admin,High
DBT002601,segmentation fault when i run the test suite,Debugging_Errors,Critical
DBT002602,"grade for the last assignment has not appeared yet, this is blocking my progress",Deadline_Admin,High
DBT002603,getting an abstract method error in my subclass,OOP_Design,Medium
DBT002604,greedy approach fails on this specific test case,Algorithms,High
DBT002605,"constructor is not initializing the parent class fields, whenever you get a chance",OOP_Design,Low
DBT002606,"loop runs forever and I don't know why, would like this before the next class",Loops_Recursion,Medium
DBT002607,"react component re-renders infinitely, would like this before the next class",WebDev,Medium
DBT002608,"stack trace points to a line that looks fine to me, need help asap",Debugging_Errors,High
DBT002609,my recursive function never hits the base case,Loops_Recursion,Low
DBT002610,"my class diagram doesn't match the actual code structure, just curious",OOP_Design,Low
DBT002611,recursion depth exceeded error keeps showing up,Loops_Recursion,Low
DBT002612,loop runs forever and I don't know why please help,Loops_Recursion,Low
DBT002613,"not sure which time complexity my solution actually has, this is blocking my progress please help",Algorithms,High
DBT002614,"cors error when calling the backend from the frontend, no rush",WebDev,Low
DBT002615,"hi, grade for the last assignment has not appeared yet",Deadline_Admin,Medium
DBT002616,"dynamic programming table is giving wrong values, just curious",Algorithms,Low
DBT002617,"getting an abstract method error in my subclass, this is blocking my progress",OOP_Design,High
DBT002618,"hi, loop runs forever and I don't know why, just curious",Loops_Recursion,Low
DBT002619,"hi, cors error when calling the backend from the frontend, need help asap",WebDev,High
DBT002620,"react component re-renders infinitely, would like this before the next class please help",WebDev,Medium
DBT002621,"hi, grade for the last assignment has not appeared yet, this is blocking my progress",Deadline_Admin,High
DBT002622,virtual environment not activating on windows,Env_Setup,Low
DBT002623,"virtual environment not activating on windows, need to fix this soon",Env_Setup,Medium
DBT002624,"hi, extension request for the assignment due tonight, deadline is tomorrow please help",Deadline_Admin,High
DBT002625,"hi, cors error when calling the backend from the frontend",WebDev,Medium
DBT002626,my code throws an error only on the grading server not locally,Debugging_Errors,Low
DBT002627,confused about when to use inheritance vs composition,OOP_Design,Low
DBT002628,"grade for the last assignment has not appeared yet, whenever you get a chance",Deadline_Admin,Low
DBT002629,"cors error when calling the backend from the frontend, deadline is tomorrow",WebDev,High
DBT002630,"dynamic programming table is giving wrong values, would like this before the next class",Algorithms,Medium
DBT002631,"cors error when calling the backend from the frontend, just curious",WebDev,Low
DBT002632,"my sorting algorithm is too slow for large inputs, submission is due in one hour",Algorithms,Critical
DBT002633,"hi, not sure how polymorphism applies to this assignment, whenever you get a chance",OOP_Design,Low
DBT002634,"loop runs forever and I don't know why, need to fix this soon please help",Loops_Recursion,Medium
DBT002635,"api call returns 404 only in production, would like this before the next class please help",WebDev,Medium
DBT002636,"python version mismatch is breaking the autograder, exam is happening right now",Env_Setup,Critical
DBT002637,"getting an abstract method error in my subclass, would like this before the next class",OOP_Design,Medium
DBT002638,"stack trace points to a line that looks fine to me, whenever you get a chance",Debugging_Errors,Low
DBT002639,"grade for the last assignment has not appeared yet, just curious please help",Deadline_Admin,Low
DBT002640,"hi, exam is in two hours and autograder is down, need to fix this soon please help",Deadline_Admin,Medium
DBT002641,"trying to understand tail recursion vs normal recursion, need to fix this soon",Loops_Recursion,Medium
DBT002642,"while loop condition never becomes false, would like this before the next class",Loops_Recursion,Medium
DBT002643,"my code throws an error only on the grading server not locally, just curious",Debugging_Errors,Low
DBT002644,"getting a null pointer exception i cannot trace, just curious",Debugging_Errors,Low
DBT002645,"stack trace points to a line that looks fine to me, no rush",Debugging_Errors,Low
DBT002646,"hi, cannot install the required package on my laptop",Env_Setup,Medium
DBT002647,"hi, form submission is not updating the database",WebDev,Low
DBT002648,"my sorting algorithm is too slow for large inputs, would like this before the next class",Algorithms,Medium
DBT002649,"hi, not sure how to normalize this schema for the project, no rush",Databases,Low
DBT002650,"hi, for loop skips the last element, need to fix this soon",Loops_Recursion,Medium
DBT002651,"database connection keeps timing out during the demo, for future reference",Databases,Low
DBT002652,"graph traversal is missing some nodes, need to fix this soon",Algorithms,Medium
DBT002653,not sure how to normalize this schema for the project,Databases,Low
DBT002654,"recursion depth exceeded error keeps showing up, for future reference",Loops_Recursion,Low
DBT002655,getting a null pointer exception i cannot trace,Debugging_Errors,Medium
DBT002656,"my sorting algorithm is too slow for large inputs, would like this before the next class",Algorithms,Medium
DBT002657,"cors error when calling the backend from the frontend, would like this before the next class",WebDev,Medium
DBT002658,"hi, extension request for the assignment due tonight, for future reference please help",Deadline_Admin,Low
DBT002659,index out of bounds error only on the last test case please help,Debugging_Errors,High
DBT002660,"segmentation fault when i run the test suite, would like this before the next class",Debugging_Errors,Medium
DBT002661,"cannot install the required package on my laptop, whenever you get a chance",Env_Setup,Low
DBT002662,"graph traversal is missing some nodes, for future reference",Algorithms,Low
DBT002663,"confused about when to use inheritance vs composition, need to fix this soon please help",OOP_Design,Medium
DBT002664,confused about when to use inheritance vs composition,OOP_Design,Low
DBT002665,"hi, exam is in two hours and autograder is down, would like this before the next class",Deadline_Admin,Medium
DBT002666,grade for the last assignment has not appeared yet,Deadline_Admin,Medium
DBT002667,"form submission is not updating the database, no rush",WebDev,Low
DBT002668,"database connection keeps timing out during the demo, just curious",Databases,Critical
DBT002669,"grade for the last assignment has not appeared yet, submission is due in one hour",Deadline_Admin,Critical
DBT002670,"hi, api call returns 404 only in production, for future reference",WebDev,Low
DBT002671,"hi, exam is in two hours and autograder is down, submission is due in one hour",Deadline_Admin,Critical
DBT002672,"hi, dynamic programming table is giving wrong values, would like this before the next class",Algorithms,Medium
DBT002673,"exam is in two hours and autograder is down, need to fix this soon",Deadline_Admin,Medium
DBT002674,"dynamic programming table is giving wrong values, for future reference",Algorithms,Low
DBT002675,confused about when to use inheritance vs composition,OOP_Design,Low
DBT002676,"not sure how polymorphism applies to this assignment, need help asap",OOP_Design,High
DBT002677,"cors error when calling the backend from the frontend, need to fix this soon",WebDev,Medium
DBT002678,loop runs forever and I don't know why please help,Loops_Recursion,Low
DBT002679,"hi, graph traversal is missing some nodes, whenever you get a chance",Algorithms,Low
DBT002680,"my recursive function never hits the base case, would like this before the next class",Loops_Recursion,Medium
DBT002681,"not sure how to normalize this schema for the project, this is blocking my progress",Databases,High
DBT002682,"virtual environment not activating on windows, need to fix this soon",Env_Setup,Medium
DBT002683,"react component re-renders infinitely, whenever you get a chance",WebDev,Low
DBT002684,"cannot install the required package on my laptop, would like this before the next class",Env_Setup,Medium
DBT002685,git merge conflict i don't know how to resolve,Env_Setup,Medium
DBT002686,stack trace points to a line that looks fine to me please help,Debugging_Errors,Low
DBT002687,"cannot install the required package on my laptop, need to fix this soon",Env_Setup,Medium
DBT002688,exam is in two hours and autograder is down,Deadline_Admin,Low
DBT002689,"getting a null pointer exception i cannot trace, deadline is tomorrow",Debugging_Errors,High
DBT002690,"not sure which time complexity my solution actually has, this is blocking my progress",Algorithms,High
DBT002691,api call returns 404 only in production,WebDev,Medium
DBT002692,"python version mismatch is breaking the autograder, would like this before the next class",Env_Setup,Medium
DBT002693,query is extremely slow on the test dataset,Databases,High
DBT002694,"hi, greedy approach fails on this specific test case, submission is due in one hour",Algorithms,Critical
DBT002695,"stack trace points to a line that looks fine to me, system crashed during the final demo",Debugging_Errors,Critical
DBT002696,"hi, python version mismatch is breaking the autograder, no rush",Env_Setup,Low
DBT002697,"hi, git merge conflict i don't know how to resolve",Env_Setup,Low
DBT002698,"hi, api call returns 404 only in production please help",WebDev,High
DBT002699,"submission portal is not accepting my file before the deadline, would like this before the next class",Deadline_Admin,Medium
DBT002700,"git merge conflict i don't know how to resolve, whenever you get a chance",Env_Setup,Low
DBT002701,"hi, while loop condition never becomes false, whenever you get a chance",Loops_Recursion,Low
DBT002702,"extension request for the assignment due tonight, system crashed during the final demo",Deadline_Admin,Critical
DBT002703,"hi, greedy approach fails on this specific test case, whenever you get a chance please help",Algorithms,Low
DBT002704,"hi, grade for the last assignment has not appeared yet, deadline is tomorrow",Deadline_Admin,High
DBT002705,"cors error when calling the backend from the frontend, for future reference",WebDev,Low
DBT002706,exam is in two hours and autograder is down,Deadline_Admin,Medium
DBT002707,"hi, greedy approach fails on this specific test case, deadline is tomorrow",Algorithms,High
DBT002708,stack trace points to a line that looks fine to me,Debugging_Errors,Low
DBT002709,"hi, git merge conflict i don't know how to resolve, whenever you get a chance",Env_Setup,Low
DBT002710,constructor is not initializing the parent class fields,OOP_Design,Low
DBT002711,"query is extremely slow on the test dataset, just curious",Databases,Low
DBT002712,"query is extremely slow on the test dataset, no rush",Databases,Low
DBT002713,"foreign key constraint fails on insert, would like this before the next class please help",Databases,Medium
DBT002714,extension request for the assignment due tonight,Deadline_Admin,Medium
DBT002715,"hi, grade for the last assignment has not appeared yet, need help asap",Deadline_Admin,High
DBT002716,"cors error when calling the backend from the frontend, for future reference",WebDev,Low
DBT002717,"not sure how polymorphism applies to this assignment, whenever you get a chance",OOP_Design,Low
DBT002718,"react component re-renders infinitely, just curious",WebDev,Low
DBT002719,while loop condition never becomes false,Loops_Recursion,Medium
DBT002720,my code throws an error only on the grading server not locally,Debugging_Errors,Low
DBT002721,"python version mismatch is breaking the autograder, for future reference",Env_Setup,Low
DBT002722,"react component re-renders infinitely, just curious",WebDev,Low
DBT002723,"hi, constructor is not initializing the parent class fields, would like this before the next class",OOP_Design,Medium
DBT002724,index out of bounds error only on the last test case,Debugging_Errors,Low
DBT002725,not sure how polymorphism applies to this assignment,OOP_Design,High
DBT002726,for loop skips the last element,Loops_Recursion,High
DBT002727,"my class diagram doesn't match the actual code structure, whenever you get a chance",OOP_Design,Low
DBT002728,"trying to understand tail recursion vs normal recursion, just curious",Loops_Recursion,Low
DBT002729,"extension request for the assignment due tonight, this is blocking my progress",Deadline_Admin,High
DBT002730,"hi, submission portal is not accepting my file before the deadline",Deadline_Admin,Critical
DBT002731,"hi, getting an abstract method error in my subclass, just curious",OOP_Design,Low
DBT002732,"exam is in two hours and autograder is down, would like this before the next class",Deadline_Admin,Medium
DBT002733,"foreign key constraint fails on insert, would like this before the next class",Databases,Medium
DBT002734,react component re-renders infinitely,WebDev,Critical
DBT002735,"index out of bounds error only on the last test case, need to fix this soon",Debugging_Errors,Medium
DBT002736,"virtual environment not activating on windows, would like this before the next class",Env_Setup,Medium
DBT002737,"for loop skips the last element, this is blocking my progress",Loops_Recursion,High
DBT002738,"not sure how to normalize this schema for the project, would like this before the next class",Databases,Medium
DBT002739,"hi, not sure which time complexity my solution actually has, just curious",Algorithms,Low
DBT002740,"hi, not sure how to normalize this schema for the project, need help asap please help",Databases,High
DBT002741,index out of bounds error only on the last test case,Debugging_Errors,Low
DBT002742,"trying to understand tail recursion vs normal recursion, need to fix this soon please help",Loops_Recursion,Medium
DBT002743,"hi, exam is in two hours and autograder is down, deadline is tomorrow",Deadline_Admin,High
DBT002744,"getting an abstract method error in my subclass, need to fix this soon",OOP_Design,Medium
DBT002745,virtual environment not activating on windows please help,Env_Setup,Low
DBT002746,"git merge conflict i don't know how to resolve, need to fix this soon",Env_Setup,Medium
DBT002747,"recursion depth exceeded error keeps showing up, would like this before the next class",Loops_Recursion,Medium
DBT002748,segmentation fault when i run the test suite,Debugging_Errors,Low
DBT002749,api call returns 404 only in production,WebDev,Medium
DBT002750,"database connection keeps timing out during the demo, need to fix this soon",Databases,Medium
DBT002751,"hi, getting a null pointer exception i cannot trace, this is blocking my progress",Debugging_Errors,High
DBT002752,"hi, getting an abstract method error in my subclass, for future reference",OOP_Design,Low
DBT002753,"virtual environment not activating on windows, for future reference please help",Env_Setup,Low
DBT002754,"hi, my sql join is returning duplicate rows, whenever you get a chance",Databases,Low
DBT002755,virtual environment not activating on windows,Env_Setup,Low
DBT002756,"form submission is not updating the database, no rush",WebDev,Low
DBT002757,"extension request for the assignment due tonight, need help asap",Deadline_Admin,High
DBT002758,"hi, my sql join is returning duplicate rows, exam is happening right now",Databases,Critical
DBT002759,"not sure which time complexity my solution actually has, this is blocking my progress please help",Algorithms,High
DBT002760,"loop runs forever and I don't know why, for future reference",Loops_Recursion,Low
DBT002761,"api call returns 404 only in production, need to fix this soon",WebDev,Medium
DBT002762,my class diagram doesn't match the actual code structure please help,OOP_Design,Medium
DBT002763,"hi, confused about when to use inheritance vs composition, need to fix this soon",OOP_Design,Medium
DBT002764,"greedy approach fails on this specific test case, just curious",Algorithms,Low
DBT002765,"form submission is not updating the database, deadline is tomorrow",WebDev,High
DBT002766,"recursion depth exceeded error keeps showing up, would like this before the next class",Loops_Recursion,Medium
DBT002767,index out of bounds error only on the last test case,Debugging_Errors,Medium
DBT002768,"grade for the last assignment has not appeared yet, this is blocking my progress",Deadline_Admin,High
DBT002769,"extension request for the assignment due tonight, no rush",Deadline_Admin,Low
DBT002770,"index out of bounds error only on the last test case, no rush",Debugging_Errors,Low
DBT002771,"hi, segmentation fault when i run the test suite",Debugging_Errors,Medium
DBT002772,"submission portal is not accepting my file before the deadline, submission is due in one hour",Deadline_Admin,Critical
DBT002773,"dynamic programming table is giving wrong values, need to fix this soon",Algorithms,Medium
DBT002774,stack trace points to a line that looks fine to me please help,Debugging_Errors,Low
DBT002775,"hi, grade for the last assignment has not appeared yet, submission is due in one hour",Deadline_Admin,Critical
DBT002776,python version mismatch is breaking the autograder,Env_Setup,Medium
DBT002777,"hi, not sure how polymorphism applies to this assignment, need help asap please help",OOP_Design,High
DBT002778,"index out of bounds error only on the last test case, deadline is tomorrow",Debugging_Errors,High
DBT002779,"greedy approach fails on this specific test case, just curious",Algorithms,Low
DBT002780,"submission portal is not accepting my file before the deadline, this is blocking my progress",Deadline_Admin,High
DBT002781,my recursive function never hits the base case,Loops_Recursion,Medium
DBT002782,"hi, grade for the last assignment has not appeared yet",Deadline_Admin,High
DBT002783,"hi, constructor is not initializing the parent class fields, no rush",OOP_Design,Low
DBT002784,"hi, index out of bounds error only on the last test case, would like this before the next class please help",Debugging_Errors,Medium
DBT002785,api call returns 404 only in production,WebDev,Low
DBT002786,"hi, while loop condition never becomes false",Loops_Recursion,Medium
DBT002787,"graph traversal is missing some nodes, just curious",Algorithms,Low
DBT002788,"exam is in two hours and autograder is down, would like this before the next class please help",Deadline_Admin,Medium
DBT002789,"cors error when calling the backend from the frontend, just curious",WebDev,Low
DBT002790,"react component re-renders infinitely, need to fix this soon",WebDev,Medium
DBT002791,"api call returns 404 only in production, would like this before the next class",WebDev,Medium
DBT002792,"my class diagram doesn't match the actual code structure, for future reference",OOP_Design,Low
DBT002793,"grade for the last assignment has not appeared yet, for future reference",Deadline_Admin,Low
DBT002794,"while loop condition never becomes false, no rush",Loops_Recursion,Low
DBT002795,"hi, not sure how to normalize this schema for the project",Databases,Medium
DBT002796,"foreign key constraint fails on insert, whenever you get a chance please help",Databases,Low
DBT002797,"my sql join is returning duplicate rows, just curious",Databases,Low
DBT002798,getting an abstract method error in my subclass,OOP_Design,Medium
DBT002799,"my code throws an error only on the grading server not locally, need help asap",Debugging_Errors,High
DBT002800,"my code throws an error only on the grading server not locally, would like this before the next class",Debugging_Errors,Medium
DBT002801,"submission portal is not accepting my file before the deadline, just curious",Deadline_Admin,Low
DBT002802,"submission portal is not accepting my file before the deadline, autograder is down and deadline is in minutes",Deadline_Admin,Critical
DBT002803,not sure how to normalize this schema for the project,Databases,Low
DBT002804,"grade for the last assignment has not appeared yet, would like this before the next class please help",Deadline_Admin,Medium
DBT002805,"segmentation fault when i run the test suite, need to fix this soon",Debugging_Errors,Medium
DBT002806,"hi, database connection keeps timing out during the demo, this is blocking my progress please help",Databases,High
DBT002807,"hi, constructor is not initializing the parent class fields",OOP_Design,Medium
DBT002808,"hi, form submission is not updating the database, need help asap",WebDev,High
DBT002809,"constructor is not initializing the parent class fields, need to fix this soon",OOP_Design,Medium
DBT002810,"not sure which time complexity my solution actually has, whenever you get a chance",Algorithms,Low
DBT002811,"form submission is not updating the database, system crashed during the final demo",WebDev,Critical
DBT002812,"cannot install the required package on my laptop, need to fix this soon",Env_Setup,Medium
DBT002813,"hi, python version mismatch is breaking the autograder, just curious",Env_Setup,Low
DBT002814,"dynamic programming table is giving wrong values, whenever you get a chance",Algorithms,Low
DBT002815,"python version mismatch is breaking the autograder, whenever you get a chance",Env_Setup,Low
DBT002816,"database connection keeps timing out during the demo, no rush",Databases,Low
DBT002817,"hi, constructor is not initializing the parent class fields, just curious",OOP_Design,Low
DBT002818,"my sql join is returning duplicate rows, would like this before the next class",Databases,Medium
DBT002819,"python version mismatch is breaking the autograder, this is blocking my progress",Env_Setup,High
DBT002820,"api call returns 404 only in production, this is blocking my progress",WebDev,High
DBT002821,"hi, extension request for the assignment due tonight, would like this before the next class",Deadline_Admin,Medium
DBT002822,"for loop skips the last element, need to fix this soon please help",Loops_Recursion,Medium
DBT002823,"segmentation fault when i run the test suite, need to fix this soon please help",Debugging_Errors,Medium
DBT002824,"hi, my recursive function never hits the base case, would like this before the next class",Loops_Recursion,Medium
DBT002825,"cors error when calling the backend from the frontend, submission is due in one hour",WebDev,Critical
DBT002826,"hi, extension request for the assignment due tonight, this is blocking my progress",Deadline_Admin,High
DBT002827,"trying to understand tail recursion vs normal recursion, exam is happening right now",Loops_Recursion,Critical
DBT002828,"database connection keeps timing out during the demo, this is blocking my progress",Databases,High
DBT002829,"getting a null pointer exception i cannot trace, need to fix this soon please help",Debugging_Errors,Medium
DBT002830,"my class diagram doesn't match the actual code structure, need to fix this soon please help",OOP_Design,Medium
DBT002831,recursion depth exceeded error keeps showing up please help,Loops_Recursion,Medium
DBT002832,"stack trace points to a line that looks fine to me, exam is happening right now please help",Debugging_Errors,Critical
DBT002833,"git merge conflict i don't know how to resolve, this is blocking my progress",Env_Setup,High
DBT002834,"cors error when calling the backend from the frontend, need to fix this soon",WebDev,Medium
DBT002835,"hi, dynamic programming table is giving wrong values, whenever you get a chance",Algorithms,Low
DBT002836,"not sure how polymorphism applies to this assignment, need to fix this soon please help",OOP_Design,Medium
DBT002837,"stack trace points to a line that looks fine to me, this is blocking my progress",Debugging_Errors,High
DBT002838,"my sql join is returning duplicate rows, would like this before the next class",Databases,Medium
DBT002839,"my code throws an error only on the grading server not locally, deadline is tomorrow",Debugging_Errors,High
DBT002840,"my sorting algorithm is too slow for large inputs, deadline is tomorrow",Algorithms,Low
DBT002841,"hi, submission portal is not accepting my file before the deadline, need help asap",Deadline_Admin,High
DBT002842,"dynamic programming table is giving wrong values, no rush",Algorithms,Low
DBT002843,"confused about when to use inheritance vs composition, need to fix this soon",OOP_Design,Medium
DBT002844,"getting an abstract method error in my subclass, would like this before the next class",OOP_Design,Medium
DBT002845,"getting a null pointer exception i cannot trace, need help asap",Debugging_Errors,High
DBT002846,"hi, dynamic programming table is giving wrong values, need to fix this soon",Algorithms,Medium
DBT002847,"api call returns 404 only in production, need to fix this soon",WebDev,Medium
DBT002848,"hi, getting an abstract method error in my subclass, need to fix this soon",OOP_Design,Medium
DBT002849,"form submission is not updating the database, need to fix this soon",WebDev,Medium
DBT002850,"cannot install the required package on my laptop, whenever you get a chance",Env_Setup,Low
DBT002851,"hi, stack trace points to a line that looks fine to me, this is blocking my progress",Debugging_Errors,High
DBT002852,cannot install the required package on my laptop,Env_Setup,Medium
DBT002853,"not sure which time complexity my solution actually has, for future reference",Algorithms,Low
DBT002854,"getting an abstract method error in my subclass, would like this before the next class",OOP_Design,Medium
DBT002855,loop runs forever and I don't know why,Loops_Recursion,Medium
DBT002856,"constructor is not initializing the parent class fields, no rush",OOP_Design,Low
DBT002857,my recursive function never hits the base case,Loops_Recursion,Low
DBT002858,getting a null pointer exception i cannot trace,Debugging_Errors,High
DBT002859,"hi, my code throws an error only on the grading server not locally",Debugging_Errors,Low
DBT002860,not sure which time complexity my solution actually has,Algorithms,Medium
DBT002861,"foreign key constraint fails on insert, would like this before the next class",Databases,Medium
DBT002862,virtual environment not activating on windows,Env_Setup,Low
DBT002863,"git merge conflict i don't know how to resolve, whenever you get a chance",Env_Setup,Low
DBT002864,"virtual environment not activating on windows, need to fix this soon please help",Env_Setup,Medium
DBT002865,"hi, not sure which time complexity my solution actually has, whenever you get a chance please help",Algorithms,Low
DBT002866,"not sure which time complexity my solution actually has, system crashed during the final demo",Algorithms,Critical
DBT002867,"query is extremely slow on the test dataset, for future reference please help",Databases,Low
DBT002868,"my sorting algorithm is too slow for large inputs, just curious",Algorithms,Low
DBT002869,"hi, trying to understand tail recursion vs normal recursion",Loops_Recursion,Medium
DBT002870,"hi, segmentation fault when i run the test suite, just curious please help",Debugging_Errors,Low
DBT002871,"loop runs forever and I don't know why, deadline is tomorrow",Loops_Recursion,High
DBT002872,"react component re-renders infinitely, need help asap",WebDev,High
DBT002873,"submission portal is not accepting my file before the deadline, submission is due in one hour",Deadline_Admin,Critical
DBT002874,"exam is in two hours and autograder is down, whenever you get a chance",Deadline_Admin,Low
DBT002875,"my sql join is returning duplicate rows, need help asap",Databases,High
DBT002876,"my code throws an error only on the grading server not locally, no rush",Debugging_Errors,Low
DBT002877,"index out of bounds error only on the last test case, deadline is tomorrow",Debugging_Errors,High
DBT002878,"hi, react component re-renders infinitely, would like this before the next class",WebDev,Medium
DBT002879,"python version mismatch is breaking the autograder, no rush",Env_Setup,Low
DBT002880,"getting an abstract method error in my subclass, just curious",OOP_Design,Low
DBT002881,"grade for the last assignment has not appeared yet, exam is happening right now",Deadline_Admin,Critical
DBT002882,"query is extremely slow on the test dataset, need help asap",Databases,High
DBT002883,"hi, getting a null pointer exception i cannot trace, for future reference",Debugging_Errors,Low
DBT002884,"hi, virtual environment not activating on windows, submission is due in one hour",Env_Setup,Critical
DBT002885,git merge conflict i don't know how to resolve,Env_Setup,Medium
DBT002886,"hi, for loop skips the last element, for future reference",Loops_Recursion,Low
DBT002887,"while loop condition never becomes false, whenever you get a chance",Loops_Recursion,Low
DBT002888,"query is extremely slow on the test dataset, no rush please help",Databases,Low
DBT002889,"git merge conflict i don't know how to resolve, would like this before the next class",Env_Setup,Medium
DBT002890,"extension request for the assignment due tonight, would like this before the next class please help",Deadline_Admin,Medium
DBT002891,"foreign key constraint fails on insert, no rush",Databases,Low
DBT002892,cannot install the required package on my laptop,Env_Setup,Low
DBT002893,"exam is in two hours and autograder is down, just curious",Deadline_Admin,Low
DBT002894,"for loop skips the last element, need to fix this soon",Loops_Recursion,Medium
DBT002895,"constructor is not initializing the parent class fields, whenever you get a chance",OOP_Design,Low
DBT002896,form submission is not updating the database,WebDev,Low
DBT002897,"not sure how polymorphism applies to this assignment, just curious",OOP_Design,Low
DBT002898,"hi, python version mismatch is breaking the autograder, would like this before the next class",Env_Setup,Medium
DBT002899,"segmentation fault when i run the test suite, no rush",Debugging_Errors,Low
DBT002900,"graph traversal is missing some nodes, need to fix this soon",Algorithms,Medium
DBT002901,"hi, stack trace points to a line that looks fine to me, deadline is tomorrow",Debugging_Errors,High
DBT002902,"confused about when to use inheritance vs composition, just curious",OOP_Design,Low
DBT002903,"api call returns 404 only in production, would like this before the next class",WebDev,Medium
DBT002904,graph traversal is missing some nodes,Algorithms,Low
DBT002905,"cannot install the required package on my laptop, whenever you get a chance",Env_Setup,Low
DBT002906,"confused about when to use inheritance vs composition, just curious",OOP_Design,Low
DBT002907,"hi, cors error when calling the backend from the frontend, deadline is tomorrow",WebDev,High
DBT002908,"react component re-renders infinitely, need to fix this soon",WebDev,Medium
DBT002909,getting an abstract method error in my subclass,OOP_Design,Low
DBT002910,"cors error when calling the backend from the frontend, deadline is tomorrow",WebDev,High
DBT002911,"for loop skips the last element, need to fix this soon",Loops_Recursion,Medium
DBT002912,react component re-renders infinitely,WebDev,Medium
DBT002913,"segmentation fault when i run the test suite, this is blocking my progress",Debugging_Errors,High
DBT002914,"loop runs forever and I don't know why, deadline is tomorrow",Loops_Recursion,High
DBT002915,not sure how to normalize this schema for the project please help,Databases,Medium
DBT002916,my recursive function never hits the base case,Loops_Recursion,Low
DBT002917,"submission portal is not accepting my file before the deadline, this is blocking my progress",Deadline_Admin,High
DBT002918,"database connection keeps timing out during the demo, would like this before the next class",Databases,Medium
DBT002919,"grade for the last assignment has not appeared yet, deadline is tomorrow please help",Deadline_Admin,High
DBT002920,"hi, not sure how to normalize this schema for the project, would like this before the next class",Databases,Medium
DBT002921,"exam is in two hours and autograder is down, just curious",Deadline_Admin,Low
DBT002922,"getting an abstract method error in my subclass, would like this before the next class",OOP_Design,Medium
DBT002923,"api call returns 404 only in production, for future reference",WebDev,Low
DBT002924,react component re-renders infinitely,WebDev,Medium
DBT002925,"my sql join is returning duplicate rows, just curious",Databases,Low
DBT002926,my recursive function never hits the base case,Loops_Recursion,Medium
DBT002927,not sure how polymorphism applies to this assignment please help,OOP_Design,High
DBT002928,foreign key constraint fails on insert,Databases,Critical
DBT002929,"submission portal is not accepting my file before the deadline, system crashed during the final demo",Deadline_Admin,Critical
DBT002930,"python version mismatch is breaking the autograder, would like this before the next class",Env_Setup,Medium
DBT002931,"constructor is not initializing the parent class fields, just curious please help",OOP_Design,Low
DBT002932,"exam is in two hours and autograder is down, for future reference",Deadline_Admin,Low
DBT002933,"getting an abstract method error in my subclass, just curious",OOP_Design,Low
DBT002934,"api call returns 404 only in production, need to fix this soon",WebDev,Medium
DBT002935,query is extremely slow on the test dataset,Databases,Low
DBT002936,"graph traversal is missing some nodes, for future reference",Algorithms,Low
DBT002937,"cannot install the required package on my laptop, would like this before the next class",Env_Setup,Medium
DBT002938,"submission portal is not accepting my file before the deadline, system crashed during the final demo",Deadline_Admin,Critical
DBT002939,"hi, not sure how to normalize this schema for the project, autograder is down and deadline is in minutes please help",Databases,Critical
DBT002940,"not sure which time complexity my solution actually has, autograder is down and deadline is in minutes",Algorithms,Critical
DBT002941,"hi, virtual environment not activating on windows, autograder is down and deadline is in minutes",Env_Setup,Critical
DBT002942,"greedy approach fails on this specific test case, exam is happening right now",Algorithms,Critical
DBT002943,"python version mismatch is breaking the autograder, whenever you get a chance",Env_Setup,Low
DBT002944,"my class diagram doesn't match the actual code structure, need to fix this soon",OOP_Design,Medium
DBT002945,"hi, getting an abstract method error in my subclass, whenever you get a chance",OOP_Design,Low
DBT002946,"my sorting algorithm is too slow for large inputs, no rush please help",Algorithms,Low
DBT002947,"hi, greedy approach fails on this specific test case, for future reference",Algorithms,Low
DBT002948,"loop runs forever and I don't know why, need to fix this soon",Loops_Recursion,Medium
DBT002949,"constructor is not initializing the parent class fields, just curious",OOP_Design,Low
DBT002950,"hi, greedy approach fails on this specific test case, would like this before the next class",Algorithms,Medium
DBT002951,"my code throws an error only on the grading server not locally, whenever you get a chance",Debugging_Errors,Low
DBT002952,"graph traversal is missing some nodes, just curious",Algorithms,Low
DBT002953,"database connection keeps timing out during the demo, would like this before the next class please help",Databases,Medium
DBT002954,"virtual environment not activating on windows, just curious",Env_Setup,Low
DBT002955,"hi, exam is in two hours and autograder is down, whenever you get a chance",Deadline_Admin,Low
DBT002956,"hi, exam is in two hours and autograder is down, whenever you get a chance",Deadline_Admin,Low
DBT002957,"submission portal is not accepting my file before the deadline, just curious",Deadline_Admin,Low
DBT002958,"my sorting algorithm is too slow for large inputs, need help asap please help",Algorithms,High
DBT002959,"my sorting algorithm is too slow for large inputs, need to fix this soon",Algorithms,Medium
DBT002960,"virtual environment not activating on windows, need help asap please help",Env_Setup,High
DBT002961,"hi, form submission is not updating the database, need to fix this soon",WebDev,Medium
DBT002962,my code throws an error only on the grading server not locally,Debugging_Errors,Low
DBT002963,"recursion depth exceeded error keeps showing up, no rush",Loops_Recursion,Low
DBT002964,"hi, my class diagram doesn't match the actual code structure, for future reference",OOP_Design,Low
DBT002965,"constructor is not initializing the parent class fields, need to fix this soon",OOP_Design,Medium
DBT002966,"hi, query is extremely slow on the test dataset, need to fix this soon",Databases,Medium
DBT002967,segmentation fault when i run the test suite,Debugging_Errors,Medium
DBT002968,trying to understand tail recursion vs normal recursion,Loops_Recursion,High
DBT002969,"foreign key constraint fails on insert, this is blocking my progress",Databases,High
DBT002970,"greedy approach fails on this specific test case, for future reference please help",Algorithms,Low
DBT002971,"hi, not sure how polymorphism applies to this assignment",OOP_Design,Medium
DBT002972,"my sorting algorithm is too slow for large inputs, just curious please help",Algorithms,Low
DBT002973,"extension request for the assignment due tonight, just curious",Deadline_Admin,Low
DBT002974,"cannot install the required package on my laptop, deadline is tomorrow",Env_Setup,High
DBT002975,"extension request for the assignment due tonight, would like this before the next class",Deadline_Admin,Medium
DBT002976,"index out of bounds error only on the last test case, exam is happening right now",Debugging_Errors,Critical
DBT002977,"my code throws an error only on the grading server not locally, need help asap",Debugging_Errors,High
DBT002978,"hi, grade for the last assignment has not appeared yet, autograder is down and deadline is in minutes",Deadline_Admin,Critical
DBT002979,confused about when to use inheritance vs composition please help,OOP_Design,Low
DBT002980,"virtual environment not activating on windows, no rush please help",Env_Setup,Low
DBT002981,"stack trace points to a line that looks fine to me, would like this before the next class please help",Debugging_Errors,Medium
DBT002982,"index out of bounds error only on the last test case, this is blocking my progress",Debugging_Errors,High
DBT002983,my sql join is returning duplicate rows,Databases,Low
DBT002984,graph traversal is missing some nodes,Algorithms,Low
DBT002985,react component re-renders infinitely,WebDev,Low
DBT002986,"hi, graph traversal is missing some nodes, just curious",Algorithms,Low
DBT002987,"my code throws an error only on the grading server not locally, for future reference please help",Debugging_Errors,Low
DBT002988,"hi, while loop condition never becomes false",Loops_Recursion,Medium
DBT002989,"greedy approach fails on this specific test case, no rush",Algorithms,Low
DBT002990,"database connection keeps timing out during the demo, for future reference",Databases,Low
DBT002991,"python version mismatch is breaking the autograder, no rush",Env_Setup,Low
DBT002992,"not sure how to normalize this schema for the project, would like this before the next class",Databases,Medium
DBT002993,python version mismatch is breaking the autograder,Env_Setup,Low
DBT002994,for loop skips the last element please help,Loops_Recursion,High
DBT002995,"hi, my sorting algorithm is too slow for large inputs, system crashed during the final demo",Algorithms,Critical
DBT002996,"hi, grade for the last assignment has not appeared yet",Deadline_Admin,Low
DBT002997,"index out of bounds error only on the last test case, need to fix this soon",Debugging_Errors,Medium
DBT002998,"virtual environment not activating on windows, need to fix this soon",Env_Setup,Medium
DBT002999,"confused about when to use inheritance vs composition, deadline is tomorrow",OOP_Design,High
DBT003000,getting a null pointer exception i cannot trace,Debugging_Errors,Medium
DBT003001,not sure how to normalize this schema for the project,Databases,High
DBT003002,"confused about when to use inheritance vs composition, just curious",OOP_Design,Low
DBT003003,"git merge conflict i don't know how to resolve, for future reference",Env_Setup,Low
DBT003004,"my code throws an error only on the grading server not locally, would like this before the next class",Debugging_Errors,Medium
DBT003005,"python version mismatch is breaking the autograder, need to fix this soon",Env_Setup,Medium
DBT003006,"hi, extension request for the assignment due tonight, need to fix this soon",Deadline_Admin,Medium
DBT003007,"while loop condition never becomes false, exam is happening right now",Loops_Recursion,Critical
DBT003008,"hi, database connection keeps timing out during the demo, for future reference",Databases,Low
DBT003009,"segmentation fault when i run the test suite, need help asap",Debugging_Errors,High
DBT003010,"hi, constructor is not initializing the parent class fields, just curious",OOP_Design,Low
DBT003011,"hi, not sure which time complexity my solution actually has, whenever you get a chance",Algorithms,Low
DBT003012,"cannot install the required package on my laptop, for future reference",Env_Setup,Low
DBT003013,"python version mismatch is breaking the autograder, need to fix this soon",Env_Setup,Medium
DBT003014,"my sorting algorithm is too slow for large inputs, whenever you get a chance please help",Algorithms,Low
DBT003015,recursion depth exceeded error keeps showing up,Loops_Recursion,Medium
DBT003016,"virtual environment not activating on windows, would like this before the next class",Env_Setup,Medium
DBT003017,"grade for the last assignment has not appeared yet, need help asap",Deadline_Admin,High
DBT003018,"python version mismatch is breaking the autograder, deadline is tomorrow",Env_Setup,High
DBT003019,not sure how to normalize this schema for the project,Databases,Low
DBT003020,"database connection keeps timing out during the demo, would like this before the next class",Databases,Medium
DBT003021,"api call returns 404 only in production, whenever you get a chance",WebDev,Low
DBT003022,"hi, my recursive function never hits the base case, need help asap",Loops_Recursion,High
DBT003023,"hi, confused about when to use inheritance vs composition",OOP_Design,Medium
DBT003024,"not sure which time complexity my solution actually has, just curious",Algorithms,Low
DBT003025,"hi, confused about when to use inheritance vs composition, need to fix this soon",OOP_Design,Medium
DBT003026,"my sorting algorithm is too slow for large inputs, exam is happening right now please help",Algorithms,Critical
DBT003027,"getting an abstract method error in my subclass, deadline is tomorrow please help",OOP_Design,High
DBT003028,"dynamic programming table is giving wrong values, this is blocking my progress",Algorithms,High
DBT003029,"exam is in two hours and autograder is down, this is blocking my progress",Deadline_Admin,High
DBT003030,"hi, git merge conflict i don't know how to resolve",Env_Setup,Medium
DBT003031,"python version mismatch is breaking the autograder, would like this before the next class",Env_Setup,Medium
DBT003032,"hi, while loop condition never becomes false, would like this before the next class please help",Loops_Recursion,Medium
DBT003033,"cors error when calling the backend from the frontend, need to fix this soon",WebDev,High
DBT003034,"while loop condition never becomes false, would like this before the next class",Loops_Recursion,Medium
DBT003035,"constructor is not initializing the parent class fields, would like this before the next class please help",OOP_Design,Medium
DBT003036,"hi, foreign key constraint fails on insert, for future reference",Databases,Low
DBT003037,"trying to understand tail recursion vs normal recursion, for future reference",Loops_Recursion,Low
DBT003038,"my sorting algorithm is too slow for large inputs, need help asap",Algorithms,High
DBT003039,"git merge conflict i don't know how to resolve, whenever you get a chance",Env_Setup,Low
DBT003040,"virtual environment not activating on windows, need help asap please help",Env_Setup,High
DBT003041,"query is extremely slow on the test dataset, whenever you get a chance please help",Databases,Low
DBT003042,"loop runs forever and I don't know why, no rush please help",Loops_Recursion,Low
DBT003043,"hi, submission portal is not accepting my file before the deadline, need help asap please help",Deadline_Admin,High
DBT003044,"hi, virtual environment not activating on windows, need to fix this soon",Env_Setup,Medium
DBT003045,not sure how polymorphism applies to this assignment,OOP_Design,Medium
DBT003046,"python version mismatch is breaking the autograder, this is blocking my progress",Env_Setup,High
DBT003047,"cors error when calling the backend from the frontend, no rush",WebDev,Low
DBT003048,"exam is in two hours and autograder is down, need help asap",Deadline_Admin,High
DBT003049,form submission is not updating the database,WebDev,Low
DBT003050,"submission portal is not accepting my file before the deadline, need to fix this soon",Deadline_Admin,Medium
DBT003051,"hi, api call returns 404 only in production, exam is happening right now",WebDev,Critical
DBT003052,"hi, grade for the last assignment has not appeared yet, need to fix this soon",Deadline_Admin,Medium
DBT003053,"my sorting algorithm is too slow for large inputs, need help asap",Algorithms,High
DBT003054,foreign key constraint fails on insert please help,Databases,Low
DBT003055,"recursion depth exceeded error keeps showing up, exam is happening right now",Loops_Recursion,Critical
DBT003056,"not sure how to normalize this schema for the project, system crashed during the final demo",Databases,Critical
DBT003057,not sure which time complexity my solution actually has,Algorithms,Low
DBT003058,"stack trace points to a line that looks fine to me, whenever you get a chance please help",Debugging_Errors,Low
DBT003059,"graph traversal is missing some nodes, would like this before the next class",Algorithms,Medium
DBT003060,"query is extremely slow on the test dataset, no rush",Databases,Low
DBT003061,"extension request for the assignment due tonight, just curious",Deadline_Admin,Low
DBT003062,"trying to understand tail recursion vs normal recursion, just curious",Loops_Recursion,Low
DBT003063,"my recursive function never hits the base case, deadline is tomorrow",Loops_Recursion,High
DBT003064,"foreign key constraint fails on insert, no rush please help",Databases,Low
DBT003065,"hi, exam is in two hours and autograder is down",Deadline_Admin,Low
DBT003066,"hi, my code throws an error only on the grading server not locally, for future reference",Debugging_Errors,Low
DBT003067,"my sql join is returning duplicate rows, whenever you get a chance please help",Databases,Low
DBT003068,"for loop skips the last element, need help asap",Loops_Recursion,Low
DBT003069,submission portal is not accepting my file before the deadline,Deadline_Admin,High
DBT003070,"my class diagram doesn't match the actual code structure, no rush",OOP_Design,Low
DBT003071,"database connection keeps timing out during the demo, need to fix this soon",Databases,Medium
DBT003072,"stack trace points to a line that looks fine to me, whenever you get a chance",Debugging_Errors,Low
DBT003073,"my sorting algorithm is too slow for large inputs, need help asap",Algorithms,High
DBT003074,"hi, not sure how to normalize this schema for the project, would like this before the next class",Databases,Medium
DBT003075,while loop condition never becomes false,Loops_Recursion,Critical
DBT003076,react component re-renders infinitely,WebDev,Medium
DBT003077,"my code throws an error only on the grading server not locally, no rush please help",Debugging_Errors,Low
DBT003078,"for loop skips the last element, no rush",Loops_Recursion,Low
DBT003079,"constructor is not initializing the parent class fields, would like this before the next class please help",OOP_Design,Medium
DBT003080,"my sorting algorithm is too slow for large inputs, would like this before the next class",Algorithms,Medium
DBT003081,"git merge conflict i don't know how to resolve, no rush",Env_Setup,Low
DBT003082,"index out of bounds error only on the last test case, no rush",Debugging_Errors,Low
DBT003083,recursion depth exceeded error keeps showing up,Loops_Recursion,High
DBT003084,"constructor is not initializing the parent class fields, would like this before the next class",OOP_Design,Medium
DBT003085,"hi, database connection keeps timing out during the demo, need to fix this soon",Databases,Medium
DBT003086,cors error when calling the backend from the frontend,WebDev,High
DBT003087,"api call returns 404 only in production, would like this before the next class",WebDev,Medium
DBT003088,"graph traversal is missing some nodes, would like this before the next class",Algorithms,Medium
DBT003089,"hi, cannot install the required package on my laptop, just curious",Env_Setup,Medium
DBT003090,"grade for the last assignment has not appeared yet, whenever you get a chance",Deadline_Admin,Low
DBT003091,"exam is in two hours and autograder is down, autograder is down and deadline is in minutes",Deadline_Admin,Critical
DBT003092,"extension request for the assignment due tonight, no rush please help",Deadline_Admin,Low
DBT003093,"hi, form submission is not updating the database, exam is happening right now",WebDev,Critical
DBT003094,"grade for the last assignment has not appeared yet, would like this before the next class",Deadline_Admin,Medium
DBT003095,"hi, trying to understand tail recursion vs normal recursion",Loops_Recursion,High
DBT003096,index out of bounds error only on the last test case,Debugging_Errors,Medium
DBT003097,"grade for the last assignment has not appeared yet, need to fix this soon",Deadline_Admin,Medium
DBT003098,constructor is not initializing the parent class fields,OOP_Design,Low
DBT003099,"getting an abstract method error in my subclass, whenever you get a chance",OOP_Design,Low
DBT003100,api call returns 404 only in production,WebDev,Low
DBT003101,"loop runs forever and I don't know why, would like this before the next class",Loops_Recursion,Medium
DBT003102,"not sure how to normalize this schema for the project, this is blocking my progress",Databases,High
DBT003103,git merge conflict i don't know how to resolve,Env_Setup,Medium
DBT003104,"my sorting algorithm is too slow for large inputs, would like this before the next class",Algorithms,Medium
DBT003105,"constructor is not initializing the parent class fields, no rush",OOP_Design,Low
DBT003106,"exam is in two hours and autograder is down, submission is due in one hour",Deadline_Admin,Critical
DBT003107,"api call returns 404 only in production, need to fix this soon",WebDev,Medium
DBT003108,my class diagram doesn't match the actual code structure,OOP_Design,Medium
DBT003109,not sure how polymorphism applies to this assignment,OOP_Design,Low
DBT003110,"constructor is not initializing the parent class fields, whenever you get a chance",OOP_Design,Low
DBT003111,"submission portal is not accepting my file before the deadline, need to fix this soon please help",Deadline_Admin,Medium
DBT003112,"index out of bounds error only on the last test case, this is blocking my progress",Debugging_Errors,High
DBT003113,"not sure how polymorphism applies to this assignment, for future reference",OOP_Design,Low
DBT003114,grade for the last assignment has not appeared yet,Deadline_Admin,Critical
DBT003115,"not sure which time complexity my solution actually has, for future reference",Algorithms,Low
DBT003116,"hi, cors error when calling the backend from the frontend, would like this before the next class please help",WebDev,Medium
DBT003117,"cors error when calling the backend from the frontend, for future reference",WebDev,Low
DBT003118,"hi, for loop skips the last element, need to fix this soon",Loops_Recursion,Medium
DBT003119,"stack trace points to a line that looks fine to me, would like this before the next class please help",Debugging_Errors,Medium
DBT003120,"my sql join is returning duplicate rows, whenever you get a chance",Databases,Low
DBT003121,"my sorting algorithm is too slow for large inputs, no rush",Algorithms,Low
DBT003122,not sure which time complexity my solution actually has,Algorithms,Medium
DBT003123,"my code throws an error only on the grading server not locally, for future reference",Debugging_Errors,Low
DBT003124,"grade for the last assignment has not appeared yet, system crashed during the final demo",Deadline_Admin,Critical
DBT003125,python version mismatch is breaking the autograder,Env_Setup,Medium
DBT003126,form submission is not updating the database,WebDev,Medium
DBT003127,"grade for the last assignment has not appeared yet, no rush",Deadline_Admin,Low
DBT003128,extension request for the assignment due tonight,Deadline_Admin,High
DBT003129,react component re-renders infinitely,WebDev,Medium
DBT003130,"dynamic programming table is giving wrong values, deadline is tomorrow",Algorithms,High
DBT003131,my code throws an error only on the grading server not locally,Debugging_Errors,High
DBT003132,"database connection keeps timing out during the demo, for future reference",Databases,Low
DBT003133,"hi, api call returns 404 only in production",WebDev,Low
DBT003134,segmentation fault when i run the test suite,Debugging_Errors,Medium
DBT003135,"graph traversal is missing some nodes, would like this before the next class",Algorithms,Medium
DBT003136,"getting a null pointer exception i cannot trace, this is blocking my progress",Debugging_Errors,High
DBT003137,"exam is in two hours and autograder is down, this is blocking my progress",Deadline_Admin,High
DBT003138,"graph traversal is missing some nodes, this is blocking my progress",Algorithms,High
DBT003139,"extension request for the assignment due tonight, no rush",Deadline_Admin,Low
DBT003140,"not sure how polymorphism applies to this assignment, need to fix this soon",OOP_Design,Medium
DBT003141,"my class diagram doesn't match the actual code structure, would like this before the next class",OOP_Design,Medium
DBT003142,virtual environment not activating on windows,Env_Setup,Low
DBT003143,cannot install the required package on my laptop,Env_Setup,Medium
DBT003144,graph traversal is missing some nodes,Algorithms,Low
DBT003145,"hi, not sure how to normalize this schema for the project, need help asap",Databases,Low
DBT003146,submission portal is not accepting my file before the deadline please help,Deadline_Admin,Critical
DBT003147,"cannot install the required package on my laptop, just curious",Env_Setup,Low
DBT003148,extension request for the assignment due tonight,Deadline_Admin,Critical
DBT003149,"grade for the last assignment has not appeared yet, deadline is tomorrow",Deadline_Admin,High
DBT003150,submission portal is not accepting my file before the deadline,Deadline_Admin,High
DBT003151,"hi, not sure how polymorphism applies to this assignment, just curious please help",OOP_Design,Low
DBT003152,"hi, trying to understand tail recursion vs normal recursion, deadline is tomorrow",Loops_Recursion,High
DBT003153,"dynamic programming table is giving wrong values, need to fix this soon",Algorithms,Medium
DBT003154,"exam is in two hours and autograder is down, this is blocking my progress",Deadline_Admin,High
DBT003155,greedy approach fails on this specific test case please help,Algorithms,Low
DBT003156,cors error when calling the backend from the frontend please help,WebDev,Medium
DBT003157,"loop runs forever and I don't know why, would like this before the next class",Loops_Recursion,Medium
DBT003158,"for loop skips the last element, need to fix this soon",Loops_Recursion,Medium
DBT003159,"not sure how to normalize this schema for the project, whenever you get a chance",Databases,Low
DBT003160,"index out of bounds error only on the last test case, just curious please help",Debugging_Errors,Low
DBT003161,"foreign key constraint fails on insert, deadline is tomorrow",Databases,High
DBT003162,"hi, foreign key constraint fails on insert, for future reference",Databases,Low
DBT003163,my sorting algorithm is too slow for large inputs please help,Algorithms,Medium
DBT003164,"form submission is not updating the database, need help asap",WebDev,High
DBT003165,for loop skips the last element,Loops_Recursion,Medium
DBT003166,"hi, my code throws an error only on the grading server not locally, for future reference",Debugging_Errors,Low
DBT003167,"cannot install the required package on my laptop, whenever you get a chance",Env_Setup,Low
DBT003168,"getting an abstract method error in my subclass, for future reference",OOP_Design,High
DBT003169,"hi, api call returns 404 only in production, exam is happening right now please help",WebDev,Critical
DBT003170,"segmentation fault when i run the test suite, deadline is tomorrow",Debugging_Errors,High
DBT003171,"graph traversal is missing some nodes, would like this before the next class",Algorithms,Medium
DBT003172,"not sure how to normalize this schema for the project, just curious",Databases,Low
DBT003173,"api call returns 404 only in production, this is blocking my progress",WebDev,High
DBT003174,"my sorting algorithm is too slow for large inputs, just curious",Algorithms,Low
DBT003175,query is extremely slow on the test dataset,Databases,Low
DBT003176,"my sorting algorithm is too slow for large inputs, would like this before the next class",Algorithms,Medium
DBT003177,"loop runs forever and I don't know why, whenever you get a chance",Loops_Recursion,Low
DBT003178,grade for the last assignment has not appeared yet please help,Deadline_Admin,Medium
DBT003179,grade for the last assignment has not appeared yet,Deadline_Admin,Low
DBT003180,"hi, for loop skips the last element please help",Loops_Recursion,Low
DBT003181,"cors error when calling the backend from the frontend, whenever you get a chance",WebDev,Low
DBT003182,"dynamic programming table is giving wrong values, for future reference",Algorithms,Low
DBT003183,"for loop skips the last element, need help asap",Loops_Recursion,High
DBT003184,my code throws an error only on the grading server not locally please help,Debugging_Errors,Medium
DBT003185,python version mismatch is breaking the autograder,Env_Setup,Low
DBT003186,"hi, not sure which time complexity my solution actually has, for future reference",Algorithms,Low
DBT003187,"database connection keeps timing out during the demo, need to fix this soon",Databases,Medium
DBT003188,"hi, loop runs forever and I don't know why, no rush",Loops_Recursion,Low
DBT003189,"greedy approach fails on this specific test case, would like this before the next class",Algorithms,Medium
DBT003190,segmentation fault when i run the test suite,Debugging_Errors,Low
DBT003191,"submission portal is not accepting my file before the deadline, would like this before the next class",Deadline_Admin,Medium
DBT003192,"my sql join is returning duplicate rows, would like this before the next class",Databases,Medium
DBT003193,"graph traversal is missing some nodes, this is blocking my progress",Algorithms,High
DBT003194,"my recursive function never hits the base case, just curious",Loops_Recursion,Low
DBT003195,"form submission is not updating the database, whenever you get a chance",WebDev,Low
DBT003196,my sql join is returning duplicate rows,Databases,Critical
DBT003197,"api call returns 404 only in production, system crashed during the final demo",WebDev,Critical
DBT003198,"database connection keeps timing out during the demo, for future reference",Databases,Low
DBT003199,not sure which time complexity my solution actually has,Algorithms,Low
DBT003200,not sure how polymorphism applies to this assignment,OOP_Design,High
DBT003201,"graph traversal is missing some nodes, just curious",Algorithms,Low
DBT003202,"git merge conflict i don't know how to resolve, deadline is tomorrow",Env_Setup,High
DBT003203,"recursion depth exceeded error keeps showing up, need to fix this soon",Loops_Recursion,Medium
DBT003204,"dynamic programming table is giving wrong values, need to fix this soon",Algorithms,Medium
DBT003205,"my code throws an error only on the grading server not locally, this is blocking my progress",Debugging_Errors,High
DBT003206,my sql join is returning duplicate rows,Databases,Medium
DBT003207,"hi, exam is in two hours and autograder is down, system crashed during the final demo",Deadline_Admin,Critical
DBT003208,"my code throws an error only on the grading server not locally, this is blocking my progress",Debugging_Errors,High
DBT003209,"greedy approach fails on this specific test case, no rush",Algorithms,Low
DBT003210,"form submission is not updating the database, whenever you get a chance please help",WebDev,Low
DBT003211,"trying to understand tail recursion vs normal recursion, deadline is tomorrow",Loops_Recursion,High
DBT003212,"while loop condition never becomes false, no rush",Loops_Recursion,Low
DBT003213,"not sure how polymorphism applies to this assignment, for future reference",OOP_Design,Low
DBT003214,"while loop condition never becomes false, no rush",Loops_Recursion,High
DBT003215,"confused about when to use inheritance vs composition, just curious please help",OOP_Design,Low
DBT003216,"cannot install the required package on my laptop, need to fix this soon",Env_Setup,Medium
DBT003217,"graph traversal is missing some nodes, no rush",Algorithms,Low
DBT003218,"getting an abstract method error in my subclass, whenever you get a chance",OOP_Design,Low
DBT003219,"database connection keeps timing out during the demo, autograder is down and deadline is in minutes",Databases,Critical
DBT003220,"not sure how polymorphism applies to this assignment, would like this before the next class",OOP_Design,Medium
DBT003221,"cors error when calling the backend from the frontend, need to fix this soon",WebDev,Medium
DBT003222,not sure how to normalize this schema for the project,Databases,Low
DBT003223,"hi, cors error when calling the backend from the frontend, would like this before the next class please help",WebDev,Medium
DBT003224,"hi, react component re-renders infinitely",WebDev,Low
DBT003225,"not sure how polymorphism applies to this assignment, would like this before the next class",OOP_Design,Medium
DBT003226,"hi, git merge conflict i don't know how to resolve, would like this before the next class please help",Env_Setup,Medium
DBT003227,"react component re-renders infinitely, need help asap please help",WebDev,High
DBT003228,"constructor is not initializing the parent class fields, need to fix this soon",OOP_Design,Medium
DBT003229,"database connection keeps timing out during the demo, need help asap",Databases,High
DBT003230,"virtual environment not activating on windows, no rush",Env_Setup,Low
DBT003231,"hi, greedy approach fails on this specific test case, need to fix this soon",Algorithms,Medium
DBT003232,"getting an abstract method error in my subclass, would like this before the next class",OOP_Design,Medium
DBT003233,"python version mismatch is breaking the autograder, for future reference",Env_Setup,Low
DBT003234,"python version mismatch is breaking the autograder, for future reference",Env_Setup,Low
DBT003235,"submission portal is not accepting my file before the deadline, for future reference",Deadline_Admin,Low
DBT003236,loop runs forever and I don't know why please help,Loops_Recursion,High
DBT003237,"virtual environment not activating on windows, deadline is tomorrow",Env_Setup,High
DBT003238,"segmentation fault when i run the test suite, whenever you get a chance",Debugging_Errors,Low
DBT003239,"database connection keeps timing out during the demo, need to fix this soon",Databases,Medium
DBT003240,"api call returns 404 only in production, would like this before the next class",WebDev,Medium
DBT003241,"graph traversal is missing some nodes, would like this before the next class",Algorithms,Medium
DBT003242,"api call returns 404 only in production, deadline is tomorrow",WebDev,High
DBT003243,"hi, getting an abstract method error in my subclass, need to fix this soon",OOP_Design,Medium
DBT003244,"hi, exam is in two hours and autograder is down, would like this before the next class",Deadline_Admin,Medium
DBT003245,"foreign key constraint fails on insert, no rush",Databases,Low
DBT003246,"trying to understand tail recursion vs normal recursion, would like this before the next class",Loops_Recursion,Medium
DBT003247,"index out of bounds error only on the last test case, this is blocking my progress please help",Debugging_Errors,High
DBT003248,my recursive function never hits the base case,Loops_Recursion,Low
DBT003249,"extension request for the assignment due tonight, system crashed during the final demo",Deadline_Admin,Critical
DBT003250,"foreign key constraint fails on insert, need to fix this soon",Databases,Medium
DBT003251,not sure how to normalize this schema for the project,Databases,Low
DBT003252,"hi, api call returns 404 only in production please help",WebDev,High
DBT003253,"python version mismatch is breaking the autograder, whenever you get a chance",Env_Setup,Low
DBT003254,"getting a null pointer exception i cannot trace, would like this before the next class",Debugging_Errors,Medium
DBT003255,"greedy approach fails on this specific test case, need to fix this soon please help",Algorithms,Medium
DBT003256,"confused about when to use inheritance vs composition, for future reference",OOP_Design,Low
DBT003257,"hi, dynamic programming table is giving wrong values, whenever you get a chance",Algorithms,Low
DBT003258,"my code throws an error only on the grading server not locally, for future reference please help",Debugging_Errors,Low
DBT003259,"graph traversal is missing some nodes, would like this before the next class please help",Algorithms,Medium
DBT003260,"not sure which time complexity my solution actually has, need to fix this soon",Algorithms,Medium
DBT003261,"react component re-renders infinitely, this is blocking my progress",WebDev,High
DBT003262,"foreign key constraint fails on insert, deadline is tomorrow",Databases,High
DBT003263,grade for the last assignment has not appeared yet please help,Deadline_Admin,Critical
DBT003264,"my class diagram doesn't match the actual code structure, need to fix this soon",OOP_Design,Medium
DBT003265,"segmentation fault when i run the test suite, would like this before the next class",Debugging_Errors,Medium
DBT003266,"for loop skips the last element, for future reference",Loops_Recursion,Low
DBT003267,"query is extremely slow on the test dataset, no rush please help",Databases,Low
DBT003268,grade for the last assignment has not appeared yet,Deadline_Admin,Low
DBT003269,"grade for the last assignment has not appeared yet, need help asap",Deadline_Admin,High
DBT003270,"segmentation fault when i run the test suite, just curious",Debugging_Errors,Low
DBT003271,"dynamic programming table is giving wrong values, just curious",Algorithms,Low
DBT003272,cannot install the required package on my laptop,Env_Setup,Medium
DBT003273,"foreign key constraint fails on insert, whenever you get a chance please help",Databases,Low
DBT003274,"recursion depth exceeded error keeps showing up, need to fix this soon",Loops_Recursion,Medium
DBT003275,"cannot install the required package on my laptop, for future reference",Env_Setup,Low
DBT003276,dynamic programming table is giving wrong values please help,Algorithms,Low
DBT003277,"my sorting algorithm is too slow for large inputs, no rush",Algorithms,Low
DBT003278,trying to understand tail recursion vs normal recursion,Loops_Recursion,Medium
DBT003279,"cors error when calling the backend from the frontend, just curious",WebDev,Low
DBT003280,"not sure how polymorphism applies to this assignment, just curious",OOP_Design,Low
DBT003281,"hi, segmentation fault when i run the test suite, this is blocking my progress",Debugging_Errors,High
DBT003282,"extension request for the assignment due tonight, need to fix this soon",Deadline_Admin,Medium
DBT003283,"segmentation fault when i run the test suite, no rush",Debugging_Errors,Low
DBT003284,"submission portal is not accepting my file before the deadline, need to fix this soon",Deadline_Admin,Medium
DBT003285,"extension request for the assignment due tonight, need to fix this soon",Deadline_Admin,Medium
DBT003286,api call returns 404 only in production,WebDev,Medium
DBT003287,greedy approach fails on this specific test case,Algorithms,Medium
DBT003288,"getting an abstract method error in my subclass, just curious",OOP_Design,Low
DBT003289,"hi, while loop condition never becomes false, for future reference",Loops_Recursion,Low
DBT003290,"hi, my sorting algorithm is too slow for large inputs, deadline is tomorrow",Algorithms,High
DBT003291,"hi, for loop skips the last element, would like this before the next class",Loops_Recursion,Medium
DBT003292,"hi, grade for the last assignment has not appeared yet please help",Deadline_Admin,Medium
DBT003293,for loop skips the last element please help,Loops_Recursion,High
DBT003294,"grade for the last assignment has not appeared yet, need help asap",Deadline_Admin,High
DBT003295,"python version mismatch is breaking the autograder, for future reference",Env_Setup,Low
DBT003296,"hi, for loop skips the last element, need to fix this soon",Loops_Recursion,Medium
DBT003297,"python version mismatch is breaking the autograder, whenever you get a chance please help",Env_Setup,Low
DBT003298,"virtual environment not activating on windows, for future reference",Env_Setup,Low
DBT003299,"getting an abstract method error in my subclass, need to fix this soon",OOP_Design,Medium
DBT003300,"hi, exam is in two hours and autograder is down, for future reference",Deadline_Admin,Low
DBT003301,"hi, api call returns 404 only in production, need to fix this soon please help",WebDev,Medium
DBT003302,"extension request for the assignment due tonight, would like this before the next class",Deadline_Admin,Medium
DBT003303,dynamic programming table is giving wrong values please help,Algorithms,High
DBT003304,"query is extremely slow on the test dataset, just curious",Databases,Low
DBT003305,"hi, foreign key constraint fails on insert",Databases,Medium
DBT003306,"extension request for the assignment due tonight, autograder is down and deadline is in minutes",Deadline_Admin,Critical
DBT003307,"hi, not sure how polymorphism applies to this assignment",OOP_Design,Medium
DBT003308,"hi, loop runs forever and I don't know why, whenever you get a chance",Loops_Recursion,Low
DBT003309,"hi, extension request for the assignment due tonight",Deadline_Admin,Critical
DBT003310,"cannot install the required package on my laptop, would like this before the next class",Env_Setup,Medium
DBT003311,confused about when to use inheritance vs composition,OOP_Design,Medium
DBT003312,"graph traversal is missing some nodes, need help asap",Algorithms,High
DBT003313,"graph traversal is missing some nodes, need to fix this soon",Algorithms,Medium
DBT003314,"not sure how to normalize this schema for the project, need help asap",Databases,High
DBT003315,"greedy approach fails on this specific test case, would like this before the next class",Algorithms,Medium
DBT003316,"cors error when calling the backend from the frontend, just curious",WebDev,Low
DBT003317,"my recursive function never hits the base case, whenever you get a chance",Loops_Recursion,Low
DBT003318,"my sorting algorithm is too slow for large inputs, exam is happening right now",Algorithms,Critical
DBT003319,"virtual environment not activating on windows, no rush",Env_Setup,Low
DBT003320,"index out of bounds error only on the last test case, whenever you get a chance please help",Debugging_Errors,Low
DBT003321,"hi, foreign key constraint fails on insert, would like this before the next class please help",Databases,Medium
DBT003322,"hi, getting a null pointer exception i cannot trace, just curious",Debugging_Errors,Low
DBT003323,segmentation fault when i run the test suite,Debugging_Errors,Low
DBT003324,"query is extremely slow on the test dataset, exam is happening right now",Databases,Critical
DBT003325,react component re-renders infinitely,WebDev,Low
DBT003326,"hi, extension request for the assignment due tonight, deadline is tomorrow",Deadline_Admin,High
DBT003327,not sure which time complexity my solution actually has please help,Algorithms,Low
DBT003328,"api call returns 404 only in production, this is blocking my progress",WebDev,High
DBT003329,"not sure how to normalize this schema for the project, whenever you get a chance",Databases,Low
DBT003330,"not sure which time complexity my solution actually has, need to fix this soon",Algorithms,Medium
DBT003331,"python version mismatch is breaking the autograder, need to fix this soon",Env_Setup,Medium
DBT003332,"hi, query is extremely slow on the test dataset, would like this before the next class",Databases,Medium
DBT003333,"segmentation fault when i run the test suite, deadline is tomorrow",Debugging_Errors,High
DBT003334,git merge conflict i don't know how to resolve,Env_Setup,Critical
DBT003335,"hi, my sorting algorithm is too slow for large inputs, need to fix this soon",Algorithms,Medium
DBT003336,for loop skips the last element,Loops_Recursion,Medium
DBT003337,"trying to understand tail recursion vs normal recursion, need help asap please help",Loops_Recursion,High
DBT003338,"grade for the last assignment has not appeared yet, exam is happening right now",Deadline_Admin,Critical
DBT003339,cannot install the required package on my laptop please help,Env_Setup,Low
DBT003340,"foreign key constraint fails on insert, need to fix this soon",Databases,Medium
DBT003341,"not sure how to normalize this schema for the project, need to fix this soon please help",Databases,Medium
DBT003342,loop runs forever and I don't know why,Loops_Recursion,Low
DBT003343,foreign key constraint fails on insert,Databases,Medium
DBT003344,"confused about when to use inheritance vs composition, need to fix this soon",OOP_Design,Medium
DBT003345,"hi, confused about when to use inheritance vs composition, need to fix this soon please help",OOP_Design,Medium
DBT003346,"virtual environment not activating on windows, would like this before the next class please help",Env_Setup,Medium
DBT003347,"hi, for loop skips the last element, need help asap",Loops_Recursion,High
DBT003348,"hi, loop runs forever and I don't know why",Loops_Recursion,Medium
DBT003349,"graph traversal is missing some nodes, need to fix this soon",Algorithms,Medium
DBT003350,recursion depth exceeded error keeps showing up,Loops_Recursion,Low
DBT003351,getting an abstract method error in my subclass,OOP_Design,Medium
DBT003352,"my code throws an error only on the grading server not locally, need to fix this soon",Debugging_Errors,Medium
DBT003353,"constructor is not initializing the parent class fields, need to fix this soon please help",OOP_Design,Medium
DBT003354,"hi, react component re-renders infinitely, just curious",WebDev,Low
DBT003355,getting a null pointer exception i cannot trace,Debugging_Errors,Medium
DBT003356,"hi, stack trace points to a line that looks fine to me, no rush please help",Debugging_Errors,Low
DBT003357,"form submission is not updating the database, would like this before the next class",WebDev,Medium
DBT003358,"hi, database connection keeps timing out during the demo please help",Databases,Critical
DBT003359,"loop runs forever and I don't know why, need help asap please help",Loops_Recursion,High
DBT003360,"confused about when to use inheritance vs composition, need to fix this soon",OOP_Design,Medium
DBT003361,"not sure how to normalize this schema for the project, for future reference",Databases,Low
DBT003362,"exam is in two hours and autograder is down, would like this before the next class please help",Deadline_Admin,Medium
DBT003363,"extension request for the assignment due tonight, need help asap",Deadline_Admin,High
DBT003364,"hi, api call returns 404 only in production",WebDev,Medium
DBT003365,"hi, not sure which time complexity my solution actually has please help",Algorithms,Medium
DBT003366,"api call returns 404 only in production, need help asap",WebDev,High
DBT003367,"hi, index out of bounds error only on the last test case, need to fix this soon please help",Debugging_Errors,Medium
DBT003368,"loop runs forever and I don't know why, this is blocking my progress",Loops_Recursion,High
DBT003369,"cannot install the required package on my laptop, autograder is down and deadline is in minutes",Env_Setup,Critical
DBT003370,"hi, virtual environment not activating on windows, this is blocking my progress",Env_Setup,High
DBT003371,"segmentation fault when i run the test suite, for future reference",Debugging_Errors,Low
DBT003372,"cannot install the required package on my laptop, deadline is tomorrow please help",Env_Setup,High
DBT003373,"react component re-renders infinitely, would like this before the next class please help",WebDev,Medium
DBT003374,"hi, form submission is not updating the database, whenever you get a chance",WebDev,Low
DBT003375,"getting a null pointer exception i cannot trace, whenever you get a chance",Debugging_Errors,Low
DBT003376,confused about when to use inheritance vs composition,OOP_Design,High
DBT003377,"my sql join is returning duplicate rows, this is blocking my progress please help",Databases,High
DBT003378,"hi, python version mismatch is breaking the autograder, no rush",Env_Setup,Low
DBT003379,"index out of bounds error only on the last test case, exam is happening right now",Debugging_Errors,Critical
DBT003380,"api call returns 404 only in production, need to fix this soon please help",WebDev,Medium
DBT003381,"confused about when to use inheritance vs composition, just curious",OOP_Design,Low
DBT003382,"exam is in two hours and autograder is down, no rush please help",Deadline_Admin,Low
DBT003383,"trying to understand tail recursion vs normal recursion, would like this before the next class please help",Loops_Recursion,Medium
DBT003384,"graph traversal is missing some nodes, no rush",Algorithms,Low
DBT003385,"confused about when to use inheritance vs composition, would like this before the next class",OOP_Design,Medium
DBT003386,not sure how polymorphism applies to this assignment please help,OOP_Design,Low
DBT003387,"foreign key constraint fails on insert, would like this before the next class",Databases,Medium
DBT003388,"react component re-renders infinitely, this is blocking my progress please help",WebDev,High
DBT003389,"constructor is not initializing the parent class fields, whenever you get a chance please help",OOP_Design,Low
DBT003390,"cors error when calling the backend from the frontend, need to fix this soon",WebDev,Medium
DBT003391,"stack trace points to a line that looks fine to me, need to fix this soon",Debugging_Errors,Medium
DBT003392,"my class diagram doesn't match the actual code structure, would like this before the next class",OOP_Design,Medium
DBT003393,submission portal is not accepting my file before the deadline,Deadline_Admin,High
DBT003394,index out of bounds error only on the last test case please help,Debugging_Errors,Medium
DBT003395,"react component re-renders infinitely, this is blocking my progress",WebDev,High
DBT003396,"hi, submission portal is not accepting my file before the deadline, just curious",Deadline_Admin,Low
DBT003397,cannot install the required package on my laptop,Env_Setup,Low
DBT003398,"hi, form submission is not updating the database, whenever you get a chance please help",WebDev,Low
DBT003399,"hi, exam is in two hours and autograder is down, no rush",Deadline_Admin,Low
DBT003400,"stack trace points to a line that looks fine to me, deadline is tomorrow",Debugging_Errors,High
DBT003401,"hi, my class diagram doesn't match the actual code structure, would like this before the next class",OOP_Design,Medium
DBT003402,"stack trace points to a line that looks fine to me, no rush please help",Debugging_Errors,Low
DBT003403,"api call returns 404 only in production, deadline is tomorrow",WebDev,High
DBT003404,"virtual environment not activating on windows, whenever you get a chance please help",Env_Setup,Low
DBT003405,"getting a null pointer exception i cannot trace, for future reference",Debugging_Errors,Low
DBT003406,"hi, constructor is not initializing the parent class fields, need to fix this soon",OOP_Design,Medium
DBT003407,"segmentation fault when i run the test suite, exam is happening right now",Debugging_Errors,Critical
DBT003408,while loop condition never becomes false,Loops_Recursion,Medium
DBT003409,"dynamic programming table is giving wrong values, would like this before the next class",Algorithms,Medium
DBT003410,"react component re-renders infinitely, would like this before the next class please help",WebDev,Medium
DBT003411,"git merge conflict i don't know how to resolve, no rush please help",Env_Setup,Low
DBT003412,"my sorting algorithm is too slow for large inputs, would like this before the next class",Algorithms,Medium
DBT003413,"not sure how to normalize this schema for the project, no rush please help",Databases,Low
DBT003414,"not sure how polymorphism applies to this assignment, for future reference",OOP_Design,Low
DBT003415,"my sql join is returning duplicate rows, would like this before the next class please help",Databases,Medium
DBT003416,"constructor is not initializing the parent class fields, no rush",OOP_Design,Low
DBT003417,"cors error when calling the backend from the frontend, no rush please help",WebDev,Low
DBT003418,"stack trace points to a line that looks fine to me, for future reference please help",Debugging_Errors,Low
DBT003419,"dynamic programming table is giving wrong values, would like this before the next class",Algorithms,Medium
DBT003420,query is extremely slow on the test dataset,Databases,Low
DBT003421,"react component re-renders infinitely, just curious",WebDev,Low
DBT003422,"hi, form submission is not updating the database, need to fix this soon",WebDev,Medium
DBT003423,"hi, cors error when calling the backend from the frontend, no rush",WebDev,Low
DBT003424,"index out of bounds error only on the last test case, need to fix this soon please help",Debugging_Errors,Medium
DBT003425,exam is in two hours and autograder is down,Deadline_Admin,Low
DBT003426,"hi, not sure how polymorphism applies to this assignment, need to fix this soon",OOP_Design,Medium
DBT003427,getting a null pointer exception i cannot trace,Debugging_Errors,Medium
DBT003428,"not sure how to normalize this schema for the project, whenever you get a chance",Databases,Low
DBT003429,git merge conflict i don't know how to resolve,Env_Setup,Medium
DBT003430,foreign key constraint fails on insert,Databases,High
DBT003431,submission portal is not accepting my file before the deadline,Deadline_Admin,Critical
DBT003432,"database connection keeps timing out during the demo, deadline is tomorrow",Databases,High
DBT003433,"graph traversal is missing some nodes, would like this before the next class",Algorithms,Medium
DBT003434,"hi, getting an abstract method error in my subclass, this is blocking my progress",OOP_Design,High
DBT003435,"hi, grade for the last assignment has not appeared yet, for future reference",Deadline_Admin,Low
DBT003436,"extension request for the assignment due tonight, for future reference",Deadline_Admin,Low
DBT003437,"hi, recursion depth exceeded error keeps showing up, this is blocking my progress",Loops_Recursion,High
DBT003438,my sorting algorithm is too slow for large inputs,Algorithms,High
DBT003439,"react component re-renders infinitely, this is blocking my progress",WebDev,High
DBT003440,"cannot install the required package on my laptop, whenever you get a chance please help",Env_Setup,Critical
DBT003441,getting an abstract method error in my subclass,OOP_Design,Low
DBT003442,"hi, extension request for the assignment due tonight, exam is happening right now",Deadline_Admin,Critical
DBT003443,trying to understand tail recursion vs normal recursion please help,Loops_Recursion,Medium
DBT003444,"react component re-renders infinitely, no rush",WebDev,Low
DBT003445,api call returns 404 only in production,WebDev,Medium
DBT003446,"graph traversal is missing some nodes, this is blocking my progress",Algorithms,High
DBT003447,"recursion depth exceeded error keeps showing up, need to fix this soon please help",Loops_Recursion,Medium
DBT003448,"hi, segmentation fault when i run the test suite, need to fix this soon",Debugging_Errors,Medium
DBT003449,"my sorting algorithm is too slow for large inputs, whenever you get a chance",Algorithms,Low
DBT003450,"hi, my code throws an error only on the grading server not locally, submission is due in one hour",Debugging_Errors,Critical
DBT003451,"for loop skips the last element, need help asap",Loops_Recursion,High
DBT003452,"my sorting algorithm is too slow for large inputs, need help asap",Algorithms,High
DBT003453,"hi, form submission is not updating the database",WebDev,High
DBT003454,"hi, submission portal is not accepting my file before the deadline, just curious please help",Deadline_Admin,Low
DBT003455,"hi, stack trace points to a line that looks fine to me",Debugging_Errors,Low
DBT003456,python version mismatch is breaking the autograder,Env_Setup,Low
DBT003457,query is extremely slow on the test dataset,Databases,Low
DBT003458,"extension request for the assignment due tonight, would like this before the next class",Deadline_Admin,Medium
DBT003459,"hi, exam is in two hours and autograder is down, need to fix this soon",Deadline_Admin,Medium
DBT003460,grade for the last assignment has not appeared yet,Deadline_Admin,High
DBT003461,segmentation fault when i run the test suite,Debugging_Errors,Low
DBT003462,"hi, virtual environment not activating on windows, would like this before the next class",Env_Setup,Medium
DBT003463,my code throws an error only on the grading server not locally please help,Debugging_Errors,Low
DBT003464,"extension request for the assignment due tonight, would like this before the next class",Deadline_Admin,Low
DBT003465,foreign key constraint fails on insert,Databases,Medium
DBT003466,"hi, not sure how to normalize this schema for the project",Databases,Medium
DBT003467,my sql join is returning duplicate rows,Databases,Low
DBT003468,"greedy approach fails on this specific test case, would like this before the next class",Algorithms,Medium
DBT003469,"api call returns 404 only in production, need to fix this soon",WebDev,Medium
DBT003470,"extension request for the assignment due tonight, would like this before the next class",Deadline_Admin,Medium
DBT003471,"my code throws an error only on the grading server not locally, no rush",Debugging_Errors,Low
DBT003472,"submission portal is not accepting my file before the deadline, submission is due in one hour",Deadline_Admin,Critical
DBT003473,"hi, exam is in two hours and autograder is down, need to fix this soon",Deadline_Admin,Medium
DBT003474,"react component re-renders infinitely, no rush",WebDev,Low
DBT003475,"hi, exam is in two hours and autograder is down, submission is due in one hour",Deadline_Admin,Critical
DBT003476,"hi, git merge conflict i don't know how to resolve, for future reference",Env_Setup,Low
DBT003477,"getting a null pointer exception i cannot trace, just curious",Debugging_Errors,Low
DBT003478,cors error when calling the backend from the frontend,WebDev,Medium
DBT003479,"grade for the last assignment has not appeared yet, need to fix this soon",Deadline_Admin,Medium
DBT003480,"hi, index out of bounds error only on the last test case, would like this before the next class",Debugging_Errors,Medium
DBT003481,"form submission is not updating the database, just curious",WebDev,Low
DBT003482,"recursion depth exceeded error keeps showing up, need to fix this soon",Loops_Recursion,Medium
DBT003483,"getting an abstract method error in my subclass, for future reference",OOP_Design,Low
DBT003484,"extension request for the assignment due tonight, whenever you get a chance",Deadline_Admin,Low
DBT003485,"hi, virtual environment not activating on windows",Env_Setup,Low
DBT003486,"stack trace points to a line that looks fine to me, no rush please help",Debugging_Errors,Low
DBT003487,"cors error when calling the backend from the frontend, for future reference",WebDev,Low
DBT003488,my class diagram doesn't match the actual code structure,OOP_Design,High
DBT003489,"api call returns 404 only in production, system crashed during the final demo please help",WebDev,Critical
DBT003490,"dynamic programming table is giving wrong values, whenever you get a chance",Algorithms,Low
DBT003491,react component re-renders infinitely,WebDev,High
DBT003492,getting a null pointer exception i cannot trace,Debugging_Errors,High
DBT003493,"while loop condition never becomes false, whenever you get a chance",Loops_Recursion,Low
DBT003494,"greedy approach fails on this specific test case, need to fix this soon",Algorithms,Medium
DBT003495,"foreign key constraint fails on insert, deadline is tomorrow",Databases,High
DBT003496,segmentation fault when i run the test suite,Debugging_Errors,Medium
DBT003497,"my sql join is returning duplicate rows, whenever you get a chance",Databases,Low
DBT003498,"not sure which time complexity my solution actually has, would like this before the next class",Algorithms,Medium
DBT003499,"graph traversal is missing some nodes, need to fix this soon",Algorithms,Medium
DBT003500,"git merge conflict i don't know how to resolve, would like this before the next class",Env_Setup,Medium
DBT003501,"loop runs forever and I don't know why, need to fix this soon",Loops_Recursion,Medium
DBT003502,"hi, form submission is not updating the database, just curious please help",WebDev,Low
DBT003503,"cors error when calling the backend from the frontend, no rush",WebDev,Low
DBT003504,"submission portal is not accepting my file before the deadline, system crashed during the final demo",Deadline_Admin,Critical
DBT003505,"getting a null pointer exception i cannot trace, need to fix this soon",Debugging_Errors,Medium
DBT003506,"hi, cannot install the required package on my laptop, need to fix this soon",Env_Setup,Medium
DBT003507,query is extremely slow on the test dataset,Databases,High
DBT003508,"my recursive function never hits the base case, would like this before the next class",Loops_Recursion,Medium
DBT003509,"python version mismatch is breaking the autograder, for future reference",Env_Setup,Low
DBT003510,"not sure how to normalize this schema for the project, need to fix this soon",Databases,Medium
DBT003511,"dynamic programming table is giving wrong values, this is blocking my progress",Algorithms,High
DBT003512,"database connection keeps timing out during the demo, this is blocking my progress",Databases,High
DBT003513,"database connection keeps timing out during the demo, for future reference",Databases,Low
DBT003514,"virtual environment not activating on windows, for future reference",Env_Setup,Low
DBT003515,"hi, query is extremely slow on the test dataset, deadline is tomorrow",Databases,High
DBT003516,submission portal is not accepting my file before the deadline,Deadline_Admin,Medium
DBT003517,"hi, exam is in two hours and autograder is down",Deadline_Admin,Medium
DBT003518,"hi, my sorting algorithm is too slow for large inputs, for future reference",Algorithms,Low
DBT003519,"hi, while loop condition never becomes false, deadline is tomorrow",Loops_Recursion,High
DBT003520,"hi, form submission is not updating the database, no rush",WebDev,Low
DBT003521,"trying to understand tail recursion vs normal recursion, just curious",Loops_Recursion,Low
DBT003522,"exam is in two hours and autograder is down, this is blocking my progress",Deadline_Admin,High
DBT003523,"my sql join is returning duplicate rows, autograder is down and deadline is in minutes",Databases,Critical
DBT003524,exam is in two hours and autograder is down,Deadline_Admin,High
DBT003525,segmentation fault when i run the test suite,Debugging_Errors,Low
DBT003526,"hi, getting a null pointer exception i cannot trace, need to fix this soon",Debugging_Errors,Medium
DBT003527,my code throws an error only on the grading server not locally,Debugging_Errors,Low
DBT003528,"git merge conflict i don't know how to resolve, would like this before the next class",Env_Setup,Medium
DBT003529,"hi, cors error when calling the backend from the frontend, need to fix this soon",WebDev,Medium
DBT003530,"submission portal is not accepting my file before the deadline, deadline is tomorrow",Deadline_Admin,High
DBT003531,"confused about when to use inheritance vs composition, just curious",OOP_Design,Low
DBT003532,"confused about when to use inheritance vs composition, just curious",OOP_Design,Low
DBT003533,"hi, grade for the last assignment has not appeared yet, need help asap please help",Deadline_Admin,High
DBT003534,"query is extremely slow on the test dataset, need to fix this soon please help",Databases,Medium
DBT003535,"segmentation fault when i run the test suite, would like this before the next class",Debugging_Errors,Medium
DBT003536,"hi, greedy approach fails on this specific test case",Algorithms,Medium
DBT003537,foreign key constraint fails on insert please help,Databases,Low
DBT003538,"hi, my sql join is returning duplicate rows, whenever you get a chance",Databases,Low
DBT003539,"for loop skips the last element, need help asap",Loops_Recursion,High
DBT003540,"git merge conflict i don't know how to resolve, need to fix this soon",Env_Setup,Medium
DBT003541,"constructor is not initializing the parent class fields, need to fix this soon",OOP_Design,Medium
DBT003542,"cannot install the required package on my laptop, whenever you get a chance",Env_Setup,Low
DBT003543,"python version mismatch is breaking the autograder, whenever you get a chance",Env_Setup,Low
DBT003544,trying to understand tail recursion vs normal recursion,Loops_Recursion,Low
DBT003545,"for loop skips the last element, deadline is tomorrow",Loops_Recursion,High
DBT003546,"form submission is not updating the database, would like this before the next class please help",WebDev,Medium
DBT003547,"recursion depth exceeded error keeps showing up, whenever you get a chance",Loops_Recursion,Low
DBT003548,"react component re-renders infinitely, just curious",WebDev,Low
DBT003549,"hi, api call returns 404 only in production, would like this before the next class",WebDev,Medium
DBT003550,"cors error when calling the backend from the frontend, need to fix this soon",WebDev,Medium
DBT003551,"hi, recursion depth exceeded error keeps showing up, no rush please help",Loops_Recursion,Low
DBT003552,submission portal is not accepting my file before the deadline,Deadline_Admin,High
DBT003553,not sure how to normalize this schema for the project,Databases,Low
DBT003554,"query is extremely slow on the test dataset, need to fix this soon please help",Databases,Medium
DBT003555,"hi, constructor is not initializing the parent class fields, deadline is tomorrow",OOP_Design,High
DBT003556,"graph traversal is missing some nodes, need to fix this soon",Algorithms,Medium
DBT003557,"hi, my class diagram doesn't match the actual code structure, no rush",OOP_Design,Low
DBT003558,"hi, react component re-renders infinitely, need to fix this soon",WebDev,Medium
DBT003559,"cors error when calling the backend from the frontend, just curious",WebDev,Low
DBT003560,"not sure how to normalize this schema for the project, whenever you get a chance",Databases,Low
DBT003561,"hi, stack trace points to a line that looks fine to me, would like this before the next class",Debugging_Errors,Medium
DBT003562,"hi, while loop condition never becomes false, whenever you get a chance",Loops_Recursion,Low
DBT003563,my class diagram doesn't match the actual code structure,OOP_Design,Low
DBT003564,"index out of bounds error only on the last test case, would like this before the next class",Debugging_Errors,Medium
DBT003565,"cannot install the required package on my laptop, would like this before the next class",Env_Setup,Medium
DBT003566,"query is extremely slow on the test dataset, this is blocking my progress",Databases,High
DBT003567,getting an abstract method error in my subclass,OOP_Design,High
DBT003568,my code throws an error only on the grading server not locally,Debugging_Errors,Low
DBT003569,"exam is in two hours and autograder is down, submission is due in one hour",Deadline_Admin,Critical
DBT003570,"hi, form submission is not updating the database, whenever you get a chance",WebDev,Low
DBT003571,"query is extremely slow on the test dataset, would like this before the next class please help",Databases,Medium
DBT003572,"react component re-renders infinitely, would like this before the next class",WebDev,Medium
DBT003573,not sure which time complexity my solution actually has,Algorithms,Low
DBT003574,"my class diagram doesn't match the actual code structure, would like this before the next class",OOP_Design,Medium
DBT003575,"cors error when calling the backend from the frontend, need to fix this soon",WebDev,Medium
DBT003576,"python version mismatch is breaking the autograder, no rush",Env_Setup,Low
DBT003577,not sure which time complexity my solution actually has,Algorithms,Low
DBT003578,"grade for the last assignment has not appeared yet, submission is due in one hour",Deadline_Admin,Critical
DBT003579,"api call returns 404 only in production, need to fix this soon",WebDev,Medium
DBT003580,"database connection keeps timing out during the demo, no rush",Databases,Low
DBT003581,"hi, trying to understand tail recursion vs normal recursion, need to fix this soon please help",Loops_Recursion,Medium
DBT003582,"constructor is not initializing the parent class fields, just curious",OOP_Design,Low
DBT003583,form submission is not updating the database please help,WebDev,High
DBT003584,"hi, not sure how polymorphism applies to this assignment, would like this before the next class",OOP_Design,Medium
DBT003585,"git merge conflict i don't know how to resolve, exam is happening right now",Env_Setup,Critical
DBT003586,"python version mismatch is breaking the autograder, would like this before the next class",Env_Setup,Medium
DBT003587,"extension request for the assignment due tonight, autograder is down and deadline is in minutes please help",Deadline_Admin,Critical
DBT003588,"loop runs forever and I don't know why, whenever you get a chance",Loops_Recursion,Low
DBT003589,"submission portal is not accepting my file before the deadline, for future reference please help",Deadline_Admin,Low
DBT003590,"index out of bounds error only on the last test case, this is blocking my progress",Debugging_Errors,High
DBT003591,"stack trace points to a line that looks fine to me, need to fix this soon",Debugging_Errors,Medium
DBT003592,"getting a null pointer exception i cannot trace, just curious",Debugging_Errors,Low
DBT003593,"graph traversal is missing some nodes, for future reference",Algorithms,Low
DBT003594,"form submission is not updating the database, no rush",WebDev,Low
DBT003595,"hi, dynamic programming table is giving wrong values, need to fix this soon",Algorithms,Medium
DBT003596,"extension request for the assignment due tonight, need to fix this soon please help",Deadline_Admin,Medium
DBT003597,"virtual environment not activating on windows, for future reference please help",Env_Setup,Low
DBT003598,"hi, getting an abstract method error in my subclass, this is blocking my progress",OOP_Design,High
DBT003599,"database connection keeps timing out during the demo, whenever you get a chance",Databases,Low
DBT003600,react component re-renders infinitely,WebDev,Medium
DBT003601,"hi, grade for the last assignment has not appeared yet",Deadline_Admin,High
DBT003602,"form submission is not updating the database, for future reference",WebDev,Low
DBT003603,"api call returns 404 only in production, for future reference",WebDev,Low
DBT003604,"not sure how to normalize this schema for the project, whenever you get a chance",Databases,Low
DBT003605,virtual environment not activating on windows,Env_Setup,High
DBT003606,"greedy approach fails on this specific test case, just curious",Algorithms,Low
DBT003607,segmentation fault when i run the test suite,Debugging_Errors,Medium
DBT003608,"hi, react component re-renders infinitely, need to fix this soon please help",WebDev,Medium
DBT003609,"submission portal is not accepting my file before the deadline, no rush",Deadline_Admin,Low
DBT003610,"constructor is not initializing the parent class fields, deadline is tomorrow",OOP_Design,High
DBT003611,"hi, confused about when to use inheritance vs composition, would like this before the next class",OOP_Design,Medium
DBT003612,"hi, my recursive function never hits the base case, whenever you get a chance",Loops_Recursion,Low
DBT003613,"confused about when to use inheritance vs composition, no rush",OOP_Design,Low
DBT003614,"getting an abstract method error in my subclass, whenever you get a chance",OOP_Design,Low
DBT003615,"hi, greedy approach fails on this specific test case, no rush",Algorithms,Low
DBT003616,"while loop condition never becomes false, would like this before the next class",Loops_Recursion,Medium
DBT003617,"confused about when to use inheritance vs composition, whenever you get a chance please help",OOP_Design,Low
DBT003618,"form submission is not updating the database, just curious",WebDev,Low
DBT003619,"segmentation fault when i run the test suite, for future reference",Debugging_Errors,Low
DBT003620,"trying to understand tail recursion vs normal recursion, would like this before the next class",Loops_Recursion,Medium
DBT003621,"confused about when to use inheritance vs composition, just curious please help",OOP_Design,Low
DBT003622,"dynamic programming table is giving wrong values, this is blocking my progress",Algorithms,High
DBT003623,"python version mismatch is breaking the autograder, no rush",Env_Setup,Low
DBT003624,"index out of bounds error only on the last test case, this is blocking my progress",Debugging_Errors,High
DBT003625,"hi, loop runs forever and I don't know why",Loops_Recursion,Low
DBT003626,"segmentation fault when i run the test suite, submission is due in one hour",Debugging_Errors,Critical
DBT003627,"my sql join is returning duplicate rows, need to fix this soon",Databases,Medium
DBT003628,"my sql join is returning duplicate rows, would like this before the next class",Databases,Medium
DBT003629,foreign key constraint fails on insert,Databases,High
DBT003630,greedy approach fails on this specific test case,Algorithms,High
DBT003631,"my sorting algorithm is too slow for large inputs, whenever you get a chance",Algorithms,Low
DBT003632,"my class diagram doesn't match the actual code structure, need to fix this soon",OOP_Design,Medium
DBT003633,"extension request for the assignment due tonight, for future reference",Deadline_Admin,Low
DBT003634,"getting a null pointer exception i cannot trace, no rush please help",Debugging_Errors,Low
DBT003635,"react component re-renders infinitely, need to fix this soon",WebDev,Medium
DBT003636,"hi, not sure how to normalize this schema for the project, just curious please help",Databases,Low
DBT003637,"react component re-renders infinitely, exam is happening right now",WebDev,Critical
DBT003638,"graph traversal is missing some nodes, need help asap",Algorithms,High
DBT003639,"my recursive function never hits the base case, no rush",Loops_Recursion,Low
DBT003640,"for loop skips the last element, just curious please help",Loops_Recursion,Low
DBT003641,"not sure how polymorphism applies to this assignment, need to fix this soon",OOP_Design,Medium
DBT003642,"hi, api call returns 404 only in production, just curious please help",WebDev,Low
DBT003643,"confused about when to use inheritance vs composition, no rush please help",OOP_Design,Low
DBT003644,"hi, constructor is not initializing the parent class fields, need to fix this soon",OOP_Design,Medium
DBT003645,"my sql join is returning duplicate rows, would like this before the next class",Databases,Medium
DBT003646,"index out of bounds error only on the last test case, for future reference",Debugging_Errors,Low
DBT003647,my recursive function never hits the base case,Loops_Recursion,Medium
DBT003648,"dynamic programming table is giving wrong values, would like this before the next class",Algorithms,Medium
DBT003649,query is extremely slow on the test dataset,Databases,Low
DBT003650,"segmentation fault when i run the test suite, need help asap",Debugging_Errors,High
DBT003651,"my recursive function never hits the base case, this is blocking my progress",Loops_Recursion,High
DBT003652,"greedy approach fails on this specific test case, would like this before the next class",Algorithms,Medium
DBT003653,"hi, exam is in two hours and autograder is down, for future reference",Deadline_Admin,Low
DBT003654,exam is in two hours and autograder is down,Deadline_Admin,Medium
DBT003655,"trying to understand tail recursion vs normal recursion, would like this before the next class",Loops_Recursion,Medium
DBT003656,"loop runs forever and I don't know why, whenever you get a chance please help",Loops_Recursion,Low
DBT003657,"hi, virtual environment not activating on windows, would like this before the next class",Env_Setup,Medium
DBT003658,"cannot install the required package on my laptop, whenever you get a chance",Env_Setup,Low
DBT003659,"hi, cannot install the required package on my laptop, for future reference",Env_Setup,Low
DBT003660,"react component re-renders infinitely, whenever you get a chance",WebDev,Low
DBT003661,"database connection keeps timing out during the demo, no rush",Databases,Low
DBT003662,"hi, getting a null pointer exception i cannot trace, need help asap",Debugging_Errors,High
DBT003663,"hi, exam is in two hours and autograder is down, would like this before the next class",Deadline_Admin,Medium
DBT003664,"hi, database connection keeps timing out during the demo, submission is due in one hour",Databases,Critical
DBT003665,"git merge conflict i don't know how to resolve, deadline is tomorrow please help",Env_Setup,High
DBT003666,"my class diagram doesn't match the actual code structure, just curious",OOP_Design,Medium
DBT003667,"hi, submission portal is not accepting my file before the deadline, would like this before the next class",Deadline_Admin,Medium
DBT003668,"git merge conflict i don't know how to resolve, would like this before the next class",Env_Setup,Medium
DBT003669,virtual environment not activating on windows,Env_Setup,Medium
DBT003670,"hi, query is extremely slow on the test dataset",Databases,Medium
DBT003671,"graph traversal is missing some nodes, for future reference",Algorithms,Low
DBT003672,"not sure which time complexity my solution actually has, whenever you get a chance",Algorithms,Low
DBT003673,"foreign key constraint fails on insert, need to fix this soon",Databases,Medium
DBT003674,"index out of bounds error only on the last test case, this is blocking my progress please help",Debugging_Errors,High
DBT003675,"my sql join is returning duplicate rows, no rush",Databases,Low
DBT003676,"api call returns 404 only in production, need to fix this soon",WebDev,Medium
DBT003677,recursion depth exceeded error keeps showing up please help,Loops_Recursion,Low
DBT003678,"getting a null pointer exception i cannot trace, autograder is down and deadline is in minutes",Debugging_Errors,Critical
DBT003679,"graph traversal is missing some nodes, would like this before the next class",Algorithms,Medium
DBT003680,"for loop skips the last element, for future reference",Loops_Recursion,Low
DBT003681,"submission portal is not accepting my file before the deadline, no rush",Deadline_Admin,Medium
DBT003682,"getting an abstract method error in my subclass, just curious please help",OOP_Design,Low
DBT003683,exam is in two hours and autograder is down,Deadline_Admin,Low
DBT003684,"hi, getting a null pointer exception i cannot trace, need to fix this soon",Debugging_Errors,Medium
DBT003685,"getting an abstract method error in my subclass, would like this before the next class",OOP_Design,Medium
DBT003686,"trying to understand tail recursion vs normal recursion, this is blocking my progress please help",Loops_Recursion,High
DBT003687,"loop runs forever and I don't know why, need to fix this soon",Loops_Recursion,Medium
DBT003688,"database connection keeps timing out during the demo, for future reference",Databases,Low
DBT003689,"cannot install the required package on my laptop, just curious",Env_Setup,Low
DBT003690,"cors error when calling the backend from the frontend, for future reference",WebDev,Low
DBT003691,"query is extremely slow on the test dataset, would like this before the next class",Databases,Medium
DBT003692,"not sure how polymorphism applies to this assignment, no rush",OOP_Design,Low
DBT003693,"while loop condition never becomes false, for future reference",Loops_Recursion,Low
DBT003694,"hi, my code throws an error only on the grading server not locally",Debugging_Errors,Medium
DBT003695,"hi, form submission is not updating the database, deadline is tomorrow",WebDev,High
DBT003696,"hi, python version mismatch is breaking the autograder please help",Env_Setup,Medium
DBT003697,"react component re-renders infinitely, need to fix this soon",WebDev,Medium
DBT003698,"api call returns 404 only in production, need to fix this soon",WebDev,Medium
DBT003699,"python version mismatch is breaking the autograder, need to fix this soon",Env_Setup,Medium
DBT003700,git merge conflict i don't know how to resolve,Env_Setup,Medium
DBT003701,"stack trace points to a line that looks fine to me, this is blocking my progress",Debugging_Errors,High
DBT003702,"python version mismatch is breaking the autograder, system crashed during the final demo",Env_Setup,Critical
DBT003703,recursion depth exceeded error keeps showing up,Loops_Recursion,Low
DBT003704,"my class diagram doesn't match the actual code structure, just curious",OOP_Design,Low
DBT003705,"not sure how to normalize this schema for the project, need to fix this soon",Databases,Medium
DBT003706,"hi, segmentation fault when i run the test suite, need help asap",Debugging_Errors,High
DBT003707,"submission portal is not accepting my file before the deadline, just curious",Deadline_Admin,Low
DBT003708,submission portal is not accepting my file before the deadline,Deadline_Admin,Low
DBT003709,"getting an abstract method error in my subclass, no rush",OOP_Design,Low
DBT003710,"hi, dynamic programming table is giving wrong values, would like this before the next class please help",Algorithms,Medium
DBT003711,"hi, form submission is not updating the database, just curious",WebDev,Low
DBT003712,"not sure how polymorphism applies to this assignment, would like this before the next class",OOP_Design,Medium
DBT003713,dynamic programming table is giving wrong values,Algorithms,Critical
DBT003714,"trying to understand tail recursion vs normal recursion, deadline is tomorrow",Loops_Recursion,High
DBT003715,"hi, stack trace points to a line that looks fine to me, whenever you get a chance",Debugging_Errors,Low
DBT003716,"hi, exam is in two hours and autograder is down",Deadline_Admin,High
DBT003717,dynamic programming table is giving wrong values,Algorithms,Medium
DBT003718,"hi, python version mismatch is breaking the autograder, deadline is tomorrow",Env_Setup,High
DBT003719,cannot install the required package on my laptop,Env_Setup,Critical
DBT003720,"foreign key constraint fails on insert, need help asap",Databases,High
DBT003721,"form submission is not updating the database, need to fix this soon",WebDev,Medium
DBT003722,"database connection keeps timing out during the demo, no rush",Databases,Low
DBT003723,python version mismatch is breaking the autograder please help,Env_Setup,Low
DBT003724,"stack trace points to a line that looks fine to me, no rush",Debugging_Errors,Low
DBT003725,"constructor is not initializing the parent class fields, no rush",OOP_Design,Low
DBT003726,while loop condition never becomes false,Loops_Recursion,Critical
DBT003727,"index out of bounds error only on the last test case, for future reference",Debugging_Errors,Low
DBT003728,"constructor is not initializing the parent class fields, would like this before the next class",OOP_Design,Medium
DBT003729,"confused about when to use inheritance vs composition, need to fix this soon",OOP_Design,Medium
DBT003730,"stack trace points to a line that looks fine to me, whenever you get a chance",Debugging_Errors,Low
DBT003731,"my class diagram doesn't match the actual code structure, whenever you get a chance",OOP_Design,Low
DBT003732,"trying to understand tail recursion vs normal recursion, would like this before the next class",Loops_Recursion,Medium
DBT003733,react component re-renders infinitely,WebDev,Low
DBT003734,"react component re-renders infinitely, would like this before the next class",WebDev,Medium
DBT003735,"for loop skips the last element, would like this before the next class",Loops_Recursion,Medium
DBT003736,"not sure how polymorphism applies to this assignment, deadline is tomorrow please help",OOP_Design,High
DBT003737,"exam is in two hours and autograder is down, need to fix this soon",Deadline_Admin,Medium
DBT003738,"react component re-renders infinitely, whenever you get a chance",WebDev,Low
DBT003739,"greedy approach fails on this specific test case, need to fix this soon",Algorithms,Medium
DBT003740,"hi, git merge conflict i don't know how to resolve, need to fix this soon",Env_Setup,Medium
DBT003741,"hi, confused about when to use inheritance vs composition, whenever you get a chance",OOP_Design,Low
DBT003742,"git merge conflict i don't know how to resolve, need to fix this soon",Env_Setup,Medium
DBT003743,"hi, while loop condition never becomes false, for future reference",Loops_Recursion,Low
DBT003744,getting a null pointer exception i cannot trace,Debugging_Errors,Medium
DBT003745,"hi, segmentation fault when i run the test suite, would like this before the next class",Debugging_Errors,Medium
DBT003746,"constructor is not initializing the parent class fields, for future reference",OOP_Design,Low
DBT003747,"my code throws an error only on the grading server not locally, whenever you get a chance",Debugging_Errors,Low
DBT003748,"api call returns 404 only in production, just curious",WebDev,Low
DBT003749,virtual environment not activating on windows,Env_Setup,High
DBT003750,"stack trace points to a line that looks fine to me, just curious",Debugging_Errors,Low
DBT003751,"extension request for the assignment due tonight, need help asap",Deadline_Admin,High
DBT003752,my class diagram doesn't match the actual code structure please help,OOP_Design,Low
DBT003753,"not sure how polymorphism applies to this assignment, just curious",OOP_Design,Low
DBT003754,"submission portal is not accepting my file before the deadline, this is blocking my progress",Deadline_Admin,High
DBT003755,"git merge conflict i don't know how to resolve, would like this before the next class",Env_Setup,Medium
DBT003756,"react component re-renders infinitely, this is blocking my progress please help",WebDev,High
DBT003757,"react component re-renders infinitely, need to fix this soon",WebDev,Medium
DBT003758,"getting a null pointer exception i cannot trace, no rush",Debugging_Errors,Low
DBT003759,"hi, greedy approach fails on this specific test case, would like this before the next class",Algorithms,Medium
DBT003760,"index out of bounds error only on the last test case, just curious please help",Debugging_Errors,Low
DBT003761,api call returns 404 only in production,WebDev,Low
DBT003762,"submission portal is not accepting my file before the deadline, need to fix this soon",Deadline_Admin,Medium
DBT003763,"hi, python version mismatch is breaking the autograder, this is blocking my progress",Env_Setup,High
DBT003764,"form submission is not updating the database, need to fix this soon",WebDev,Medium
DBT003765,"hi, my code throws an error only on the grading server not locally, would like this before the next class",Debugging_Errors,Medium
DBT003766,virtual environment not activating on windows,Env_Setup,Low
DBT003767,"hi, query is extremely slow on the test dataset",Databases,Medium
DBT003768,"not sure how polymorphism applies to this assignment, whenever you get a chance",OOP_Design,Low
DBT003769,"hi, greedy approach fails on this specific test case, this is blocking my progress",Algorithms,High
DBT003770,"hi, not sure which time complexity my solution actually has, need to fix this soon",Algorithms,Medium
DBT003771,not sure how to normalize this schema for the project,Databases,Low
DBT003772,"trying to understand tail recursion vs normal recursion, need to fix this soon",Loops_Recursion,Medium
DBT003773,"my class diagram doesn't match the actual code structure, just curious",OOP_Design,Low
DBT003774,"hi, my code throws an error only on the grading server not locally, whenever you get a chance",Debugging_Errors,Low
DBT003775,"getting an abstract method error in my subclass, would like this before the next class",OOP_Design,Medium
DBT003776,"hi, grade for the last assignment has not appeared yet, system crashed during the final demo",Deadline_Admin,Critical
DBT003777,"form submission is not updating the database, need to fix this soon",WebDev,Medium
DBT003778,"foreign key constraint fails on insert, submission is due in one hour",Databases,Critical
DBT003779,"virtual environment not activating on windows, whenever you get a chance",Env_Setup,Low
DBT003780,"graph traversal is missing some nodes, just curious",Algorithms,Low
DBT003781,"api call returns 404 only in production, would like this before the next class please help",WebDev,Medium
DBT003782,"hi, query is extremely slow on the test dataset, system crashed during the final demo",Databases,Critical
DBT003783,"loop runs forever and I don't know why, need to fix this soon please help",Loops_Recursion,Medium
DBT003784,cannot install the required package on my laptop,Env_Setup,Medium
DBT003785,"not sure how polymorphism applies to this assignment, no rush please help",OOP_Design,Low
DBT003786,"hi, segmentation fault when i run the test suite",Debugging_Errors,Medium
DBT003787,"database connection keeps timing out during the demo, for future reference",Databases,Low
DBT003788,"hi, git merge conflict i don't know how to resolve",Env_Setup,Low
DBT003789,"hi, grade for the last assignment has not appeared yet, would like this before the next class",Deadline_Admin,Medium
DBT003790,"hi, not sure which time complexity my solution actually has",Algorithms,Low
DBT003791,stack trace points to a line that looks fine to me,Debugging_Errors,Medium
DBT003792,"for loop skips the last element, autograder is down and deadline is in minutes",Loops_Recursion,Critical
DBT003793,"my sql join is returning duplicate rows, whenever you get a chance",Databases,Low
DBT003794,"hi, dynamic programming table is giving wrong values, no rush",Algorithms,Low
DBT003795,"virtual environment not activating on windows, no rush please help",Env_Setup,Low
DBT003796,"hi, cors error when calling the backend from the frontend, no rush please help",WebDev,Low
DBT003797,"exam is in two hours and autograder is down, submission is due in one hour please help",Deadline_Admin,Critical
DBT003798,"cors error when calling the backend from the frontend, need help asap",WebDev,High
DBT003799,"hi, getting a null pointer exception i cannot trace, this is blocking my progress",Debugging_Errors,High
DBT003800,"submission portal is not accepting my file before the deadline, whenever you get a chance",Deadline_Admin,Low
DBT003801,"hi, cors error when calling the backend from the frontend, need help asap",WebDev,High
DBT003802,"hi, cors error when calling the backend from the frontend, for future reference",WebDev,Low
DBT003803,"while loop condition never becomes false, whenever you get a chance",Loops_Recursion,Low
DBT003804,"index out of bounds error only on the last test case, whenever you get a chance please help",Debugging_Errors,Low
DBT003805,"hi, api call returns 404 only in production, need to fix this soon",WebDev,Medium
DBT003806,my sorting algorithm is too slow for large inputs,Algorithms,Medium
DBT003807,"hi, my sql join is returning duplicate rows, need help asap",Databases,High
DBT003808,"stack trace points to a line that looks fine to me, need to fix this soon",Debugging_Errors,Medium
DBT003809,"not sure how polymorphism applies to this assignment, need to fix this soon",OOP_Design,Medium
DBT003810,"index out of bounds error only on the last test case, whenever you get a chance",Debugging_Errors,Low
DBT003811,"form submission is not updating the database, whenever you get a chance",WebDev,Low
DBT003812,"database connection keeps timing out during the demo, for future reference",Databases,Low
DBT003813,"hi, getting an abstract method error in my subclass, need to fix this soon",OOP_Design,Medium
DBT003814,submission portal is not accepting my file before the deadline,Deadline_Admin,Medium
DBT003815,"query is extremely slow on the test dataset, would like this before the next class",Databases,Medium
DBT003816,"not sure how polymorphism applies to this assignment, need help asap",OOP_Design,High
DBT003817,"hi, not sure which time complexity my solution actually has, need to fix this soon",Algorithms,Medium
DBT003818,"hi, foreign key constraint fails on insert, no rush please help",Databases,Low
DBT003819,"for loop skips the last element, just curious",Loops_Recursion,Low
DBT003820,"cannot install the required package on my laptop, need to fix this soon please help",Env_Setup,Medium
DBT003821,"hi, database connection keeps timing out during the demo, need to fix this soon",Databases,Medium
DBT003822,"not sure how polymorphism applies to this assignment, just curious",OOP_Design,Low
DBT003823,trying to understand tail recursion vs normal recursion,Loops_Recursion,Low
DBT003824,form submission is not updating the database please help,WebDev,Critical
DBT003825,"api call returns 404 only in production, whenever you get a chance",WebDev,Low
DBT003826,"query is extremely slow on the test dataset, no rush",Databases,Low
DBT003827,"hi, greedy approach fails on this specific test case, whenever you get a chance",Algorithms,Low
DBT003828,"not sure how to normalize this schema for the project, this is blocking my progress",Databases,High
DBT003829,api call returns 404 only in production,WebDev,High
DBT003830,"cannot install the required package on my laptop, whenever you get a chance please help",Env_Setup,Low
DBT003831,"cors error when calling the backend from the frontend, this is blocking my progress",WebDev,High
DBT003832,"exam is in two hours and autograder is down, just curious",Deadline_Admin,Medium
DBT003833,"constructor is not initializing the parent class fields, need to fix this soon",OOP_Design,Medium
DBT003834,"loop runs forever and I don't know why, would like this before the next class",Loops_Recursion,Medium
DBT003835,"cors error when calling the backend from the frontend, deadline is tomorrow",WebDev,High
DBT003836,"graph traversal is missing some nodes, just curious",Algorithms,Low
DBT003837,"api call returns 404 only in production, need help asap",WebDev,High
DBT003838,"hi, api call returns 404 only in production, whenever you get a chance",WebDev,Low
DBT003839,"form submission is not updating the database, would like this before the next class",WebDev,Medium
DBT003840,"grade for the last assignment has not appeared yet, autograder is down and deadline is in minutes",Deadline_Admin,Critical
DBT003841,"hi, loop runs forever and I don't know why, for future reference",Loops_Recursion,Low
DBT003842,"cors error when calling the backend from the frontend, would like this before the next class",WebDev,Medium
DBT003843,"hi, not sure how polymorphism applies to this assignment, need help asap",OOP_Design,High
DBT003844,"confused about when to use inheritance vs composition, no rush",OOP_Design,Low
DBT003845,"hi, getting an abstract method error in my subclass, would like this before the next class please help",OOP_Design,Medium
DBT003846,submission portal is not accepting my file before the deadline please help,Deadline_Admin,Medium
DBT003847,"while loop condition never becomes false, submission is due in one hour",Loops_Recursion,Critical
DBT003848,"hi, not sure which time complexity my solution actually has, autograder is down and deadline is in minutes",Algorithms,Critical
DBT003849,"hi, database connection keeps timing out during the demo, need to fix this soon",Databases,Medium
DBT003850,"dynamic programming table is giving wrong values, just curious",Algorithms,Low
DBT003851,"hi, python version mismatch is breaking the autograder, just curious",Env_Setup,Low
DBT003852,"grade for the last assignment has not appeared yet, need to fix this soon",Deadline_Admin,Medium
DBT003853,"cors error when calling the backend from the frontend, need help asap",WebDev,High
DBT003854,"not sure how polymorphism applies to this assignment, no rush",OOP_Design,Low
DBT003855,"trying to understand tail recursion vs normal recursion, need to fix this soon",Loops_Recursion,Medium
DBT003856,grade for the last assignment has not appeared yet,Deadline_Admin,Low
DBT003857,"for loop skips the last element, no rush",Loops_Recursion,Low
DBT003858,"form submission is not updating the database, need to fix this soon",WebDev,Medium
DBT003859,"not sure how to normalize this schema for the project, no rush",Databases,Low
DBT003860,"dynamic programming table is giving wrong values, whenever you get a chance please help",Algorithms,Low
DBT003861,"extension request for the assignment due tonight, submission is due in one hour please help",Deadline_Admin,Critical
DBT003862,"exam is in two hours and autograder is down, need to fix this soon",Deadline_Admin,Medium
DBT003863,"graph traversal is missing some nodes, system crashed during the final demo",Algorithms,Critical
DBT003864,"query is extremely slow on the test dataset, need to fix this soon",Databases,Medium
DBT003865,"greedy approach fails on this specific test case, for future reference",Algorithms,Low
DBT003866,virtual environment not activating on windows,Env_Setup,Low
DBT003867,"my recursive function never hits the base case, just curious",Loops_Recursion,Low
DBT003868,"hi, exam is in two hours and autograder is down, deadline is tomorrow",Deadline_Admin,High
DBT003869,"my class diagram doesn't match the actual code structure, submission is due in one hour",OOP_Design,Critical
DBT003870,"cannot install the required package on my laptop, need help asap",Env_Setup,High
DBT003871,"hi, cannot install the required package on my laptop, need to fix this soon",Env_Setup,Medium
DBT003872,database connection keeps timing out during the demo please help,Databases,Medium
DBT003873,not sure how to normalize this schema for the project,Databases,Medium
DBT003874,"virtual environment not activating on windows, for future reference",Env_Setup,Low
DBT003875,"git merge conflict i don't know how to resolve, just curious please help",Env_Setup,Low
DBT003876,"hi, form submission is not updating the database, just curious",WebDev,Low
DBT003877,"stack trace points to a line that looks fine to me, need to fix this soon please help",Debugging_Errors,Medium
DBT003878,"not sure how to normalize this schema for the project, would like this before the next class",Databases,Medium
DBT003879,"stack trace points to a line that looks fine to me, whenever you get a chance",Debugging_Errors,Low
DBT003880,getting a null pointer exception i cannot trace,Debugging_Errors,Medium
DBT003881,"query is extremely slow on the test dataset, no rush",Databases,Low
DBT003882,"confused about when to use inheritance vs composition, for future reference",OOP_Design,Low
DBT003883,"while loop condition never becomes false, for future reference",Loops_Recursion,Low
DBT003884,"virtual environment not activating on windows, just curious",Env_Setup,Low
DBT003885,"graph traversal is missing some nodes, whenever you get a chance",Algorithms,Low
DBT003886,"graph traversal is missing some nodes, need help asap",Algorithms,High
DBT003887,"form submission is not updating the database, need to fix this soon",WebDev,Medium
DBT003888,"virtual environment not activating on windows, this is blocking my progress",Env_Setup,High
DBT003889,"react component re-renders infinitely, whenever you get a chance",WebDev,Low
DBT003890,"getting an abstract method error in my subclass, need to fix this soon please help",OOP_Design,High
DBT003891,"hi, stack trace points to a line that looks fine to me, would like this before the next class",Debugging_Errors,Medium
DBT003892,"hi, react component re-renders infinitely",WebDev,Low
DBT003893,"not sure how polymorphism applies to this assignment, would like this before the next class",OOP_Design,Medium
DBT003894,"my sorting algorithm is too slow for large inputs, deadline is tomorrow",Algorithms,High
DBT003895,"not sure how polymorphism applies to this assignment, just curious",OOP_Design,Low
DBT003896,"extension request for the assignment due tonight, would like this before the next class",Deadline_Admin,Medium
DBT003897,"hi, react component re-renders infinitely, this is blocking my progress please help",WebDev,High
DBT003898,my code throws an error only on the grading server not locally,Debugging_Errors,Medium
DBT003899,"python version mismatch is breaking the autograder, no rush",Env_Setup,Low
DBT003900,"api call returns 404 only in production, this is blocking my progress",WebDev,High
DBT003901,"my recursive function never hits the base case, for future reference",Loops_Recursion,Low
DBT003902,"form submission is not updating the database, whenever you get a chance please help",WebDev,Low
DBT003903,"trying to understand tail recursion vs normal recursion, deadline is tomorrow",Loops_Recursion,High
DBT003904,"my code throws an error only on the grading server not locally, need to fix this soon",Debugging_Errors,Medium
DBT003905,"dynamic programming table is giving wrong values, just curious",Algorithms,Low
DBT003906,"loop runs forever and I don't know why, would like this before the next class",Loops_Recursion,Medium
DBT003907,"extension request for the assignment due tonight, need help asap",Deadline_Admin,High
DBT003908,"my sql join is returning duplicate rows, deadline is tomorrow please help",Databases,High
DBT003909,"graph traversal is missing some nodes, need to fix this soon",Algorithms,Medium
DBT003910,"my code throws an error only on the grading server not locally, no rush",Debugging_Errors,Low
DBT003911,not sure how polymorphism applies to this assignment,OOP_Design,Medium
DBT003912,database connection keeps timing out during the demo,Databases,High
DBT003913,grade for the last assignment has not appeared yet,Deadline_Admin,Low
DBT003914,getting an abstract method error in my subclass,OOP_Design,Low
DBT003915,"my sorting algorithm is too slow for large inputs, for future reference",Algorithms,Low
DBT003916,"hi, api call returns 404 only in production, no rush",WebDev,Low
DBT003917,"getting a null pointer exception i cannot trace, whenever you get a chance",Debugging_Errors,Critical
DBT003918,"hi, for loop skips the last element, no rush",Loops_Recursion,Low
DBT003919,"hi, extension request for the assignment due tonight, for future reference",Deadline_Admin,Low
DBT003920,"hi, recursion depth exceeded error keeps showing up, just curious",Loops_Recursion,Low
DBT003921,"grade for the last assignment has not appeared yet, just curious",Deadline_Admin,Low
DBT003922,git merge conflict i don't know how to resolve,Env_Setup,Low
DBT003923,dynamic programming table is giving wrong values,Algorithms,Low
DBT003924,"loop runs forever and I don't know why, would like this before the next class",Loops_Recursion,Medium
DBT003925,"hi, foreign key constraint fails on insert, would like this before the next class",Databases,Medium
DBT003926,"hi, my class diagram doesn't match the actual code structure, no rush",OOP_Design,Low
DBT003927,"my sorting algorithm is too slow for large inputs, just curious",Algorithms,Low
DBT003928,"graph traversal is missing some nodes, whenever you get a chance please help",Algorithms,Low
DBT003929,"recursion depth exceeded error keeps showing up, whenever you get a chance",Loops_Recursion,Low
DBT003930,"hi, trying to understand tail recursion vs normal recursion, would like this before the next class",Loops_Recursion,Medium
DBT003931,"hi, my code throws an error only on the grading server not locally",Debugging_Errors,High
DBT003932,foreign key constraint fails on insert please help,Databases,Low
DBT003933,getting an abstract method error in my subclass,OOP_Design,Low
DBT003934,"hi, not sure how to normalize this schema for the project, whenever you get a chance",Databases,Low
DBT003935,"getting a null pointer exception i cannot trace, no rush",Debugging_Errors,Low
DBT003936,"graph traversal is missing some nodes, would like this before the next class",Algorithms,Medium
DBT003937,"not sure which time complexity my solution actually has, need help asap",Algorithms,High
DBT003938,"react component re-renders infinitely, no rush",WebDev,Low
DBT003939,"hi, for loop skips the last element",Loops_Recursion,Low
DBT003940,"getting an abstract method error in my subclass, need to fix this soon",OOP_Design,Medium
DBT003941,"hi, my recursive function never hits the base case, need to fix this soon",Loops_Recursion,Medium
DBT003942,"my recursive function never hits the base case, this is blocking my progress please help",Loops_Recursion,High
DBT003943,"getting an abstract method error in my subclass, just curious",OOP_Design,Low
DBT003944,"hi, my recursive function never hits the base case please help",Loops_Recursion,Medium
DBT003945,"hi, python version mismatch is breaking the autograder, whenever you get a chance",Env_Setup,Low
DBT003946,"not sure how to normalize this schema for the project, no rush",Databases,Low
DBT003947,exam is in two hours and autograder is down,Deadline_Admin,Medium
DBT003948,"extension request for the assignment due tonight, system crashed during the final demo",Deadline_Admin,Critical
DBT003949,"api call returns 404 only in production, would like this before the next class",WebDev,Medium
DBT003950,"getting an abstract method error in my subclass, would like this before the next class",OOP_Design,Medium
DBT003951,"submission portal is not accepting my file before the deadline, system crashed during the final demo",Deadline_Admin,Critical
DBT003952,form submission is not updating the database please help,WebDev,Low
DBT003953,"constructor is not initializing the parent class fields, deadline is tomorrow",OOP_Design,High
DBT003954,"git merge conflict i don't know how to resolve, would like this before the next class",Env_Setup,Medium
DBT003955,"grade for the last assignment has not appeared yet, for future reference",Deadline_Admin,Low
DBT003956,my sql join is returning duplicate rows,Databases,Medium
DBT003957,"cannot install the required package on my laptop, whenever you get a chance please help",Env_Setup,Low
DBT003958,"hi, while loop condition never becomes false",Loops_Recursion,Medium
DBT003959,"my code throws an error only on the grading server not locally, need to fix this soon",Debugging_Errors,Medium
DBT003960,"stack trace points to a line that looks fine to me, no rush please help",Debugging_Errors,Low
DBT003961,"getting an abstract method error in my subclass, need to fix this soon",OOP_Design,Medium
DBT003962,"api call returns 404 only in production, would like this before the next class",WebDev,Medium
DBT003963,"hi, index out of bounds error only on the last test case, need to fix this soon",Debugging_Errors,Medium
DBT003964,"hi, virtual environment not activating on windows, no rush please help",Env_Setup,Low
DBT003965,"loop runs forever and I don't know why, whenever you get a chance please help",Loops_Recursion,Low
DBT003966,"getting a null pointer exception i cannot trace, need help asap please help",Debugging_Errors,High
DBT003967,git merge conflict i don't know how to resolve,Env_Setup,High
DBT003968,cors error when calling the backend from the frontend,WebDev,Low
DBT003969,"getting an abstract method error in my subclass, just curious",OOP_Design,Low
DBT003970,react component re-renders infinitely,WebDev,Low
DBT003971,"hi, grade for the last assignment has not appeared yet, need to fix this soon",Deadline_Admin,Medium
DBT003972,"exam is in two hours and autograder is down, would like this before the next class",Deadline_Admin,Medium
DBT003973,"extension request for the assignment due tonight, need help asap please help",Deadline_Admin,High
DBT003974,"confused about when to use inheritance vs composition, need to fix this soon",OOP_Design,Medium
DBT003975,"for loop skips the last element, for future reference",Loops_Recursion,Low
DBT003976,segmentation fault when i run the test suite,Debugging_Errors,Medium
DBT003977,"hi, virtual environment not activating on windows, need to fix this soon",Env_Setup,Medium
DBT003978,"hi, query is extremely slow on the test dataset please help",Databases,High
DBT003979,"hi, grade for the last assignment has not appeared yet, whenever you get a chance",Deadline_Admin,High
DBT003980,"api call returns 404 only in production, no rush",WebDev,Low
DBT003981,"api call returns 404 only in production, just curious",WebDev,Low
DBT003982,"getting an abstract method error in my subclass, would like this before the next class",OOP_Design,Medium
DBT003983,constructor is not initializing the parent class fields please help,OOP_Design,Low
DBT003984,"grade for the last assignment has not appeared yet, no rush please help",Deadline_Admin,Low
DBT003985,"getting a null pointer exception i cannot trace, for future reference",Debugging_Errors,Low
DBT003986,foreign key constraint fails on insert,Databases,Low
DBT003987,"confused about when to use inheritance vs composition, need help asap",OOP_Design,High
DBT003988,"for loop skips the last element, for future reference",Loops_Recursion,Low
DBT003989,"stack trace points to a line that looks fine to me, whenever you get a chance",Debugging_Errors,Low
DBT003990,submission portal is not accepting my file before the deadline,Deadline_Admin,High
DBT003991,"graph traversal is missing some nodes, no rush",Algorithms,Low
DBT003992,"hi, my sql join is returning duplicate rows, just curious",Databases,Low
DBT003993,"hi, grade for the last assignment has not appeared yet, would like this before the next class please help",Deadline_Admin,Medium
DBT003994,"getting an abstract method error in my subclass, for future reference",OOP_Design,Low
DBT003995,"hi, not sure how to normalize this schema for the project, just curious",Databases,Low
DBT003996,"hi, form submission is not updating the database",WebDev,High
DBT003997,"not sure how to normalize this schema for the project, need to fix this soon",Databases,Medium
DBT003998,"while loop condition never becomes false, no rush",Loops_Recursion,Low
DBT003999,"getting an abstract method error in my subclass, would like this before the next class",OOP_Design,Medium
DBT004000,"for loop skips the last element, just curious",Loops_Recursion,Low
DBT004001,"exam is in two hours and autograder is down, this is blocking my progress please help",Deadline_Admin,High
DBT004002,"not sure which time complexity my solution actually has, whenever you get a chance please help",Algorithms,Low
DBT004003,"my sorting algorithm is too slow for large inputs, for future reference please help",Algorithms,Low
DBT004004,"hi, grade for the last assignment has not appeared yet, this is blocking my progress",Deadline_Admin,High
DBT004005,"confused about when to use inheritance vs composition, need to fix this soon",OOP_Design,Medium
DBT004006,"hi, extension request for the assignment due tonight",Deadline_Admin,High
DBT004007,cannot install the required package on my laptop,Env_Setup,Low
DBT004008,not sure how polymorphism applies to this assignment please help,OOP_Design,Low
DBT004009,"hi, cors error when calling the backend from the frontend, no rush",WebDev,Low
DBT004010,"constructor is not initializing the parent class fields, this is blocking my progress",OOP_Design,High
DBT004011,react component re-renders infinitely,WebDev,Medium
DBT004012,"not sure how polymorphism applies to this assignment, would like this before the next class",OOP_Design,Medium
DBT004013,exam is in two hours and autograder is down please help,Deadline_Admin,High
DBT004014,"exam is in two hours and autograder is down, this is blocking my progress please help",Deadline_Admin,High
DBT004015,"python version mismatch is breaking the autograder, whenever you get a chance",Env_Setup,Low
DBT004016,"constructor is not initializing the parent class fields, whenever you get a chance",OOP_Design,Low
DBT004017,"my code throws an error only on the grading server not locally, would like this before the next class",Debugging_Errors,Medium
DBT004018,"hi, for loop skips the last element, for future reference",Loops_Recursion,Low
DBT004019,"recursion depth exceeded error keeps showing up, just curious please help",Loops_Recursion,Low
DBT004020,python version mismatch is breaking the autograder,Env_Setup,Low
DBT004021,"cors error when calling the backend from the frontend, need to fix this soon",WebDev,Medium
DBT004022,"git merge conflict i don't know how to resolve, just curious",Env_Setup,Low
DBT004023,"hi, confused about when to use inheritance vs composition, need to fix this soon",OOP_Design,Medium
DBT004024,"dynamic programming table is giving wrong values, would like this before the next class",Algorithms,Medium
DBT004025,"submission portal is not accepting my file before the deadline, for future reference",Deadline_Admin,Low
DBT004026,"dynamic programming table is giving wrong values, whenever you get a chance",Algorithms,Low
DBT004027,"git merge conflict i don't know how to resolve, for future reference",Env_Setup,Low
DBT004028,"exam is in two hours and autograder is down, autograder is down and deadline is in minutes",Deadline_Admin,Critical
DBT004029,"stack trace points to a line that looks fine to me, just curious",Debugging_Errors,Low
DBT004030,"extension request for the assignment due tonight, whenever you get a chance",Deadline_Admin,Low
DBT004031,"hi, confused about when to use inheritance vs composition, need to fix this soon",OOP_Design,Medium
DBT004032,"index out of bounds error only on the last test case, system crashed during the final demo",Debugging_Errors,Critical
DBT004033,"while loop condition never becomes false, no rush please help",Loops_Recursion,Low
DBT004034,trying to understand tail recursion vs normal recursion,Loops_Recursion,Low
DBT004035,"graph traversal is missing some nodes, whenever you get a chance please help",Algorithms,Low
DBT004036,"hi, extension request for the assignment due tonight",Deadline_Admin,Critical
DBT004037,"grade for the last assignment has not appeared yet, would like this before the next class",Deadline_Admin,Medium
DBT004038,"hi, getting a null pointer exception i cannot trace, whenever you get a chance",Debugging_Errors,Low
DBT004039,"dynamic programming table is giving wrong values, system crashed during the final demo",Algorithms,Critical
DBT004040,"constructor is not initializing the parent class fields, just curious please help",OOP_Design,Low
DBT004041,"my sorting algorithm is too slow for large inputs, would like this before the next class",Algorithms,Medium
DBT004042,"my sql join is returning duplicate rows, would like this before the next class",Databases,Medium
DBT004043,"virtual environment not activating on windows, just curious",Env_Setup,Low
DBT004044,"hi, confused about when to use inheritance vs composition please help",OOP_Design,High
DBT004045,"getting an abstract method error in my subclass, no rush",OOP_Design,Low
DBT004046,"my code throws an error only on the grading server not locally, this is blocking my progress",Debugging_Errors,High
DBT004047,"index out of bounds error only on the last test case, just curious",Debugging_Errors,Low
DBT004048,"trying to understand tail recursion vs normal recursion, no rush please help",Loops_Recursion,Low
DBT004049,"my recursive function never hits the base case, need to fix this soon",Loops_Recursion,Medium
DBT004050,"virtual environment not activating on windows, no rush",Env_Setup,Low
DBT004051,"hi, cannot install the required package on my laptop, no rush",Env_Setup,Low
DBT004052,"trying to understand tail recursion vs normal recursion, just curious",Loops_Recursion,Low
DBT004053,"my code throws an error only on the grading server not locally, no rush",Debugging_Errors,Low
DBT004054,"constructor is not initializing the parent class fields, need to fix this soon",OOP_Design,Medium
DBT004055,"hi, recursion depth exceeded error keeps showing up, no rush",Loops_Recursion,Low
DBT004056,"hi, loop runs forever and I don't know why, for future reference",Loops_Recursion,Low
DBT004057,"hi, constructor is not initializing the parent class fields, for future reference",OOP_Design,Low
DBT004058,"getting a null pointer exception i cannot trace, would like this before the next class please help",Debugging_Errors,Medium
DBT004059,"exam is in two hours and autograder is down, deadline is tomorrow",Deadline_Admin,High
DBT004060,"index out of bounds error only on the last test case, autograder is down and deadline is in minutes",Debugging_Errors,Critical
DBT004061,"cors error when calling the backend from the frontend, would like this before the next class",WebDev,Medium
DBT004062,"my sql join is returning duplicate rows, deadline is tomorrow",Databases,High
DBT004063,"dynamic programming table is giving wrong values, this is blocking my progress",Algorithms,High
DBT004064,"not sure which time complexity my solution actually has, would like this before the next class",Algorithms,Medium
DBT004065,"getting a null pointer exception i cannot trace, need to fix this soon",Debugging_Errors,Medium
DBT004066,"hi, extension request for the assignment due tonight, deadline is tomorrow",Deadline_Admin,High
DBT004067,"hi, git merge conflict i don't know how to resolve, need help asap",Env_Setup,High
DBT004068,getting a null pointer exception i cannot trace please help,Debugging_Errors,Medium
DBT004069,graph traversal is missing some nodes,Algorithms,Medium
DBT004070,"hi, while loop condition never becomes false",Loops_Recursion,High
DBT004071,"while loop condition never becomes false, no rush",Loops_Recursion,Low
DBT004072,"my code throws an error only on the grading server not locally, exam is happening right now",Debugging_Errors,Critical
DBT004073,"loop runs forever and I don't know why, this is blocking my progress",Loops_Recursion,High
DBT004074,"greedy approach fails on this specific test case, would like this before the next class",Algorithms,Medium
DBT004075,"my sql join is returning duplicate rows, whenever you get a chance please help",Databases,Low
DBT004076,"hi, greedy approach fails on this specific test case, need to fix this soon",Algorithms,Low
DBT004077,"hi, confused about when to use inheritance vs composition, whenever you get a chance",OOP_Design,Low
DBT004078,react component re-renders infinitely please help,WebDev,Critical
DBT004079,form submission is not updating the database please help,WebDev,Medium
DBT004080,"form submission is not updating the database, this is blocking my progress please help",WebDev,High
DBT004081,"my sorting algorithm is too slow for large inputs, this is blocking my progress",Algorithms,High
DBT004082,"grade for the last assignment has not appeared yet, need help asap",Deadline_Admin,High
DBT004083,"extension request for the assignment due tonight, no rush please help",Deadline_Admin,Low
DBT004084,"virtual environment not activating on windows, no rush please help",Env_Setup,High
DBT004085,"not sure how polymorphism applies to this assignment, need to fix this soon",OOP_Design,Medium
DBT004086,foreign key constraint fails on insert,Databases,High
DBT004087,"api call returns 404 only in production, deadline is tomorrow",WebDev,High
DBT004088,api call returns 404 only in production,WebDev,Low
DBT004089,"greedy approach fails on this specific test case, need to fix this soon",Algorithms,Medium
DBT004090,"database connection keeps timing out during the demo, no rush",Databases,Low
DBT004091,"grade for the last assignment has not appeared yet, need help asap please help",Deadline_Admin,High
DBT004092,database connection keeps timing out during the demo,Databases,High
DBT004093,"graph traversal is missing some nodes, whenever you get a chance please help",Algorithms,Low
DBT004094,"exam is in two hours and autograder is down, for future reference",Deadline_Admin,Low
DBT004095,git merge conflict i don't know how to resolve please help,Env_Setup,Low
DBT004096,"hi, my class diagram doesn't match the actual code structure, whenever you get a chance",OOP_Design,Low
DBT004097,"stack trace points to a line that looks fine to me, need to fix this soon",Debugging_Errors,Medium
DBT004098,"not sure which time complexity my solution actually has, need to fix this soon",Algorithms,Medium
DBT004099,"getting a null pointer exception i cannot trace, would like this before the next class",Debugging_Errors,Medium
DBT004100,"index out of bounds error only on the last test case, no rush",Debugging_Errors,Low
DBT004101,"recursion depth exceeded error keeps showing up, just curious",Loops_Recursion,Low
DBT004102,"index out of bounds error only on the last test case, submission is due in one hour",Debugging_Errors,Critical
DBT004103,"virtual environment not activating on windows, for future reference please help",Env_Setup,Low
DBT004104,"hi, form submission is not updating the database, no rush",WebDev,Low
DBT004105,database connection keeps timing out during the demo,Databases,Medium
DBT004106,"my sorting algorithm is too slow for large inputs, submission is due in one hour",Algorithms,Critical
DBT004107,"hi, api call returns 404 only in production, need to fix this soon",WebDev,Medium
DBT004108,"not sure which time complexity my solution actually has, no rush",Algorithms,Low
DBT004109,"segmentation fault when i run the test suite, whenever you get a chance",Debugging_Errors,Low
DBT004110,not sure which time complexity my solution actually has,Algorithms,Low
DBT004111,"greedy approach fails on this specific test case, need help asap",Algorithms,High
DBT004112,greedy approach fails on this specific test case,Algorithms,Low
DBT004113,query is extremely slow on the test dataset,Databases,Low
DBT004114,"extension request for the assignment due tonight, exam is happening right now",Deadline_Admin,Critical
DBT004115,"virtual environment not activating on windows, for future reference",Env_Setup,Low
DBT004116,"foreign key constraint fails on insert, need help asap please help",Databases,High
DBT004117,not sure how polymorphism applies to this assignment,OOP_Design,Medium
DBT004118,"hi, react component re-renders infinitely, would like this before the next class",WebDev,Medium
DBT004119,"hi, python version mismatch is breaking the autograder, would like this before the next class",Env_Setup,Medium
DBT004120,"hi, constructor is not initializing the parent class fields, no rush",OOP_Design,Low
DBT004121,"my class diagram doesn't match the actual code structure, would like this before the next class",OOP_Design,Medium
DBT004122,"recursion depth exceeded error keeps showing up, would like this before the next class",Loops_Recursion,Medium
DBT004123,"dynamic programming table is giving wrong values, need help asap",Algorithms,High
DBT004124,cannot install the required package on my laptop,Env_Setup,Critical
DBT004125,"query is extremely slow on the test dataset, need to fix this soon",Databases,Medium
DBT004126,"virtual environment not activating on windows, just curious",Env_Setup,Low
DBT004127,"while loop condition never becomes false, just curious",Loops_Recursion,Low
DBT004128,index out of bounds error only on the last test case,Debugging_Errors,Low
DBT004129,"confused about when to use inheritance vs composition, need to fix this soon",OOP_Design,Medium
DBT004130,loop runs forever and I don't know why,Loops_Recursion,Low
DBT004131,"not sure how to normalize this schema for the project, just curious",Databases,Low
DBT004132,"my class diagram doesn't match the actual code structure, would like this before the next class",OOP_Design,Medium
DBT004133,database connection keeps timing out during the demo,Databases,Low
DBT004134,"my recursive function never hits the base case, for future reference",Loops_Recursion,Low
DBT004135,getting a null pointer exception i cannot trace,Debugging_Errors,Low
DBT004136,cannot install the required package on my laptop,Env_Setup,Low
DBT004137,"hi, api call returns 404 only in production, need to fix this soon",WebDev,Medium
DBT004138,confused about when to use inheritance vs composition,OOP_Design,Medium
DBT004139,"virtual environment not activating on windows, need to fix this soon",Env_Setup,Medium
DBT004140,"stack trace points to a line that looks fine to me, would like this before the next class",Debugging_Errors,Medium
DBT004141,"git merge conflict i don't know how to resolve, would like this before the next class",Env_Setup,Medium
DBT004142,"not sure which time complexity my solution actually has, this is blocking my progress",Algorithms,High
DBT004143,"hi, python version mismatch is breaking the autograder, just curious",Env_Setup,Low
DBT004144,"virtual environment not activating on windows, for future reference",Env_Setup,Low
DBT004145,"loop runs forever and I don't know why, need to fix this soon",Loops_Recursion,Medium
DBT004146,"hi, cors error when calling the backend from the frontend, deadline is tomorrow",WebDev,High
DBT004147,"my class diagram doesn't match the actual code structure, this is blocking my progress",OOP_Design,High
DBT004148,"my class diagram doesn't match the actual code structure, for future reference",OOP_Design,Low
DBT004149,"cors error when calling the backend from the frontend, for future reference",WebDev,Low
DBT004150,"react component re-renders infinitely, autograder is down and deadline is in minutes please help",WebDev,Critical
DBT004151,form submission is not updating the database please help,WebDev,Medium
DBT004152,"hi, database connection keeps timing out during the demo, for future reference",Databases,Low
DBT004153,"hi, getting a null pointer exception i cannot trace, need to fix this soon",Debugging_Errors,Medium
DBT004154,my code throws an error only on the grading server not locally,Debugging_Errors,High
DBT004155,virtual environment not activating on windows,Env_Setup,Low
DBT004156,"api call returns 404 only in production, just curious please help",WebDev,Low
DBT004157,"database connection keeps timing out during the demo, would like this before the next class",Databases,Medium
DBT004158,exam is in two hours and autograder is down,Deadline_Admin,Critical
DBT004159,"hi, cors error when calling the backend from the frontend",WebDev,Medium
DBT004160,"graph traversal is missing some nodes, need to fix this soon",Algorithms,Medium
DBT004161,"confused about when to use inheritance vs composition, for future reference please help",OOP_Design,Low
DBT004162,"not sure how to normalize this schema for the project, for future reference please help",Databases,Low
DBT004163,"form submission is not updating the database, would like this before the next class",WebDev,Medium
DBT004164,"hi, python version mismatch is breaking the autograder, whenever you get a chance",Env_Setup,Low
DBT004165,"segmentation fault when i run the test suite, just curious please help",Debugging_Errors,Low
DBT004166,"form submission is not updating the database, for future reference",WebDev,Low
DBT004167,"getting an abstract method error in my subclass, would like this before the next class",OOP_Design,Medium
DBT004168,"my class diagram doesn't match the actual code structure, need to fix this soon",OOP_Design,Medium
DBT004169,"while loop condition never becomes false, need help asap",Loops_Recursion,High
DBT004170,"constructor is not initializing the parent class fields, need to fix this soon",OOP_Design,Medium
DBT004171,virtual environment not activating on windows,Env_Setup,Medium
DBT004172,my code throws an error only on the grading server not locally,Debugging_Errors,High
DBT004173,graph traversal is missing some nodes,Algorithms,Medium
DBT004174,react component re-renders infinitely,WebDev,Low
DBT004175,"query is extremely slow on the test dataset, would like this before the next class please help",Databases,Medium
DBT004176,"hi, not sure how to normalize this schema for the project, need to fix this soon",Databases,Medium
DBT004177,my code throws an error only on the grading server not locally,Debugging_Errors,Medium
DBT004178,my class diagram doesn't match the actual code structure,OOP_Design,Low
DBT004179,"hi, python version mismatch is breaking the autograder, for future reference",Env_Setup,Low
DBT004180,"hi, dynamic programming table is giving wrong values, this is blocking my progress",Algorithms,High
DBT004181,"grade for the last assignment has not appeared yet, whenever you get a chance please help",Deadline_Admin,Low
DBT004182,"while loop condition never becomes false, whenever you get a chance",Loops_Recursion,Low
DBT004183,"hi, form submission is not updating the database",WebDev,Low
DBT004184,exam is in two hours and autograder is down,Deadline_Admin,High
DBT004185,"virtual environment not activating on windows, need to fix this soon",Env_Setup,Medium
DBT004186,"my sorting algorithm is too slow for large inputs, would like this before the next class",Algorithms,Medium
DBT004187,"git merge conflict i don't know how to resolve, need to fix this soon",Env_Setup,Medium
DBT004188,"grade for the last assignment has not appeared yet, system crashed during the final demo",Deadline_Admin,Critical
DBT004189,"grade for the last assignment has not appeared yet, submission is due in one hour",Deadline_Admin,Critical
DBT004190,"hi, virtual environment not activating on windows, need to fix this soon please help",Env_Setup,Medium
DBT004191,"cannot install the required package on my laptop, no rush",Env_Setup,Low
DBT004192,"hi, my sorting algorithm is too slow for large inputs, would like this before the next class please help",Algorithms,Medium
DBT004193,"my code throws an error only on the grading server not locally, would like this before the next class",Debugging_Errors,Medium
DBT004194,"hi, cannot install the required package on my laptop, would like this before the next class please help",Env_Setup,Medium
DBT004195,"hi, my recursive function never hits the base case, need help asap",Loops_Recursion,High
DBT004196,"cors error when calling the backend from the frontend, exam is happening right now",WebDev,Critical
DBT004197,"trying to understand tail recursion vs normal recursion, just curious please help",Loops_Recursion,Low
DBT004198,"git merge conflict i don't know how to resolve, for future reference please help",Env_Setup,Low
DBT004199,"constructor is not initializing the parent class fields, need to fix this soon",OOP_Design,Medium
DBT004200,"hi, my recursive function never hits the base case, need to fix this soon",Loops_Recursion,Medium
DBT004201,"hi, greedy approach fails on this specific test case, system crashed during the final demo",Algorithms,Critical
DBT004202,"python version mismatch is breaking the autograder, no rush",Env_Setup,Low
DBT004203,"hi, not sure which time complexity my solution actually has",Algorithms,Low
DBT004204,"constructor is not initializing the parent class fields, for future reference",OOP_Design,Low
DBT004205,"not sure how to normalize this schema for the project, would like this before the next class",Databases,Medium
DBT004206,"virtual environment not activating on windows, just curious",Env_Setup,Low
DBT004207,"confused about when to use inheritance vs composition, need to fix this soon",OOP_Design,Medium
DBT004208,"greedy approach fails on this specific test case, would like this before the next class please help",Algorithms,Medium
DBT004209,"react component re-renders infinitely, this is blocking my progress",WebDev,High
DBT004210,"hi, virtual environment not activating on windows, need to fix this soon",Env_Setup,Medium
DBT004211,exam is in two hours and autograder is down please help,Deadline_Admin,High
DBT004212,"hi, database connection keeps timing out during the demo, need to fix this soon",Databases,Medium
DBT004213,"stack trace points to a line that looks fine to me, no rush",Debugging_Errors,Low
DBT004214,"my class diagram doesn't match the actual code structure, need to fix this soon",OOP_Design,Medium
DBT004215,"api call returns 404 only in production, need to fix this soon please help",WebDev,Medium
DBT004216,"trying to understand tail recursion vs normal recursion, just curious",Loops_Recursion,Low
DBT004217,"extension request for the assignment due tonight, for future reference",Deadline_Admin,Low
DBT004218,"hi, index out of bounds error only on the last test case, for future reference please help",Debugging_Errors,Low
DBT004219,"form submission is not updating the database, need to fix this soon please help",WebDev,Medium
DBT004220,"getting an abstract method error in my subclass, deadline is tomorrow",OOP_Design,High
DBT004221,not sure how polymorphism applies to this assignment please help,OOP_Design,Low
DBT004222,form submission is not updating the database,WebDev,Medium
DBT004223,"submission portal is not accepting my file before the deadline, whenever you get a chance",Deadline_Admin,Low
DBT004224,"my sorting algorithm is too slow for large inputs, whenever you get a chance please help",Algorithms,Low
DBT004225,"python version mismatch is breaking the autograder, would like this before the next class",Env_Setup,Medium
DBT004226,"hi, stack trace points to a line that looks fine to me, would like this before the next class",Debugging_Errors,Medium
DBT004227,"recursion depth exceeded error keeps showing up, need help asap",Loops_Recursion,High
DBT004228,"python version mismatch is breaking the autograder, whenever you get a chance",Env_Setup,Low
DBT004229,"extension request for the assignment due tonight, need to fix this soon",Deadline_Admin,Medium
DBT004230,"cannot install the required package on my laptop, would like this before the next class",Env_Setup,Medium
DBT004231,"not sure which time complexity my solution actually has, no rush",Algorithms,Low
DBT004232,"confused about when to use inheritance vs composition, need to fix this soon please help",OOP_Design,Medium
DBT004233,"hi, confused about when to use inheritance vs composition, need to fix this soon",OOP_Design,Medium
DBT004234,"react component re-renders infinitely, whenever you get a chance",WebDev,Low
DBT004235,"greedy approach fails on this specific test case, would like this before the next class",Algorithms,Medium
DBT004236,"segmentation fault when i run the test suite, would like this before the next class please help",Debugging_Errors,Medium
DBT004237,grade for the last assignment has not appeared yet please help,Deadline_Admin,Medium
DBT004238,"dynamic programming table is giving wrong values, would like this before the next class",Algorithms,Medium
DBT004239,"hi, greedy approach fails on this specific test case, exam is happening right now",Algorithms,Critical
DBT004240,"submission portal is not accepting my file before the deadline, exam is happening right now",Deadline_Admin,Critical
DBT004241,"my sorting algorithm is too slow for large inputs, for future reference",Algorithms,Low
DBT004242,"constructor is not initializing the parent class fields, need to fix this soon",OOP_Design,Medium
DBT004243,"hi, for loop skips the last element, just curious",Loops_Recursion,Low
DBT004244,"database connection keeps timing out during the demo, whenever you get a chance",Databases,Low
DBT004245,my recursive function never hits the base case,Loops_Recursion,Low
DBT004246,"cors error when calling the backend from the frontend, need to fix this soon please help",WebDev,Medium
DBT004247,confused about when to use inheritance vs composition,OOP_Design,Low
DBT004248,"hi, not sure how to normalize this schema for the project, need help asap",Databases,High
DBT004249,"api call returns 404 only in production, for future reference",WebDev,Low
DBT004250,"getting a null pointer exception i cannot trace, need to fix this soon",Debugging_Errors,Medium
DBT004251,"not sure how to normalize this schema for the project, would like this before the next class please help",Databases,Medium
DBT004252,"hi, cannot install the required package on my laptop, need help asap",Env_Setup,High
DBT004253,"virtual environment not activating on windows, need to fix this soon",Env_Setup,Medium
DBT004254,"hi, my sorting algorithm is too slow for large inputs, whenever you get a chance please help",Algorithms,Low
DBT004255,"react component re-renders infinitely, whenever you get a chance please help",WebDev,Low
DBT004256,"greedy approach fails on this specific test case, need to fix this soon",Algorithms,Medium
DBT004257,react component re-renders infinitely,WebDev,Medium
DBT004258,"recursion depth exceeded error keeps showing up, would like this before the next class",Loops_Recursion,Medium
DBT004259,"my recursive function never hits the base case, deadline is tomorrow",Loops_Recursion,High
DBT004260,"hi, my sql join is returning duplicate rows, need to fix this soon",Databases,Medium
DBT004261,"hi, react component re-renders infinitely, this is blocking my progress",WebDev,High
DBT004262,"react component re-renders infinitely, would like this before the next class please help",WebDev,Medium
DBT004263,"stack trace points to a line that looks fine to me, would like this before the next class",Debugging_Errors,Medium
DBT004264,grade for the last assignment has not appeared yet,Deadline_Admin,Critical
DBT004265,"not sure how to normalize this schema for the project, would like this before the next class",Databases,Medium
DBT004266,dynamic programming table is giving wrong values,Algorithms,Critical
DBT004267,"loop runs forever and I don't know why, deadline is tomorrow",Loops_Recursion,High
DBT004268,"hi, python version mismatch is breaking the autograder, need to fix this soon",Env_Setup,Medium
DBT004269,"cannot install the required package on my laptop, for future reference",Env_Setup,Low
DBT004270,"not sure how polymorphism applies to this assignment, need to fix this soon",OOP_Design,High
DBT004271,"hi, getting a null pointer exception i cannot trace",Debugging_Errors,High
DBT004272,"foreign key constraint fails on insert, no rush",Databases,Low
DBT004273,"react component re-renders infinitely, need to fix this soon",WebDev,Medium
DBT004274,constructor is not initializing the parent class fields,OOP_Design,Low
DBT004275,"trying to understand tail recursion vs normal recursion, whenever you get a chance please help",Loops_Recursion,High
DBT004276,"cors error when calling the backend from the frontend, whenever you get a chance",WebDev,Low
DBT004277,exam is in two hours and autograder is down,Deadline_Admin,Critical
DBT004278,"cors error when calling the backend from the frontend, need to fix this soon",WebDev,Medium
DBT004279,"my class diagram doesn't match the actual code structure, just curious",OOP_Design,Low
DBT004280,"not sure how polymorphism applies to this assignment, just curious",OOP_Design,Low
DBT004281,query is extremely slow on the test dataset,Databases,High
DBT004282,"hi, database connection keeps timing out during the demo, would like this before the next class",Databases,Medium
DBT004283,"not sure how to normalize this schema for the project, need to fix this soon",Databases,Medium
DBT004284,"database connection keeps timing out during the demo, for future reference",Databases,Low
DBT004285,"form submission is not updating the database, just curious",WebDev,Low
DBT004286,"my code throws an error only on the grading server not locally, submission is due in one hour",Debugging_Errors,Critical
DBT004287,"stack trace points to a line that looks fine to me, this is blocking my progress please help",Debugging_Errors,High
DBT004288,"recursion depth exceeded error keeps showing up, deadline is tomorrow",Loops_Recursion,High
DBT004289,"getting a null pointer exception i cannot trace, just curious",Debugging_Errors,Low
DBT004290,"react component re-renders infinitely, exam is happening right now",WebDev,Critical
DBT004291,"cannot install the required package on my laptop, for future reference please help",Env_Setup,Low
DBT004292,"recursion depth exceeded error keeps showing up, whenever you get a chance",Loops_Recursion,Low
DBT004293,"hi, my sql join is returning duplicate rows, need help asap",Databases,High
DBT004294,react component re-renders infinitely,WebDev,High
DBT004295,"grade for the last assignment has not appeared yet, need help asap",Deadline_Admin,High
DBT004296,"index out of bounds error only on the last test case, need help asap",Debugging_Errors,High
DBT004297,"extension request for the assignment due tonight, deadline is tomorrow",Deadline_Admin,High
DBT004298,"react component re-renders infinitely, deadline is tomorrow",WebDev,High
DBT004299,getting an abstract method error in my subclass,OOP_Design,High
DBT004300,"getting a null pointer exception i cannot trace, system crashed during the final demo please help",Debugging_Errors,Critical
DBT004301,"my class diagram doesn't match the actual code structure, need to fix this soon",OOP_Design,Medium
DBT004302,"not sure how polymorphism applies to this assignment, need to fix this soon",OOP_Design,Medium
DBT004303,"api call returns 404 only in production, exam is happening right now",WebDev,Critical
DBT004304,"getting a null pointer exception i cannot trace, need to fix this soon",Debugging_Errors,Medium
DBT004305,"cannot install the required package on my laptop, need help asap",Env_Setup,High
DBT004306,"database connection keeps timing out during the demo, autograder is down and deadline is in minutes",Databases,Critical
DBT004307,"react component re-renders infinitely, whenever you get a chance please help",WebDev,Low
DBT004308,extension request for the assignment due tonight,Deadline_Admin,Medium
DBT004309,"index out of bounds error only on the last test case, need help asap",Debugging_Errors,High
DBT004310,"not sure how to normalize this schema for the project, need to fix this soon",Databases,Medium
DBT004311,"not sure how polymorphism applies to this assignment, for future reference",OOP_Design,Low
DBT004312,"query is extremely slow on the test dataset, would like this before the next class please help",Databases,Medium
DBT004313,"virtual environment not activating on windows, need to fix this soon",Env_Setup,Medium
DBT004314,"not sure which time complexity my solution actually has, need to fix this soon",Algorithms,Medium
DBT004315,"form submission is not updating the database, whenever you get a chance",WebDev,Low
DBT004316,"loop runs forever and I don't know why, need help asap",Loops_Recursion,High
DBT004317,"greedy approach fails on this specific test case, would like this before the next class",Algorithms,Medium
DBT004318,grade for the last assignment has not appeared yet please help,Deadline_Admin,Critical
DBT004319,api call returns 404 only in production,WebDev,Low
DBT004320,"hi, my class diagram doesn't match the actual code structure",OOP_Design,High
DBT004321,"api call returns 404 only in production, would like this before the next class please help",WebDev,Medium
DBT004322,"stack trace points to a line that looks fine to me, whenever you get a chance please help",Debugging_Errors,Low
DBT004323,my code throws an error only on the grading server not locally,Debugging_Errors,Low
DBT004324,submission portal is not accepting my file before the deadline,Deadline_Admin,Critical
DBT004325,"my sorting algorithm is too slow for large inputs, deadline is tomorrow",Algorithms,High
DBT004326,"getting an abstract method error in my subclass, just curious",OOP_Design,Low
DBT004327,"not sure how to normalize this schema for the project, for future reference",Databases,Low
DBT004328,"my recursive function never hits the base case, just curious",Loops_Recursion,Low
DBT004329,"hi, api call returns 404 only in production, just curious",WebDev,Low
DBT004330,index out of bounds error only on the last test case,Debugging_Errors,Critical
DBT004331,my sql join is returning duplicate rows please help,Databases,Low
DBT004332,not sure how polymorphism applies to this assignment,OOP_Design,Medium
DBT004333,"hi, submission portal is not accepting my file before the deadline",Deadline_Admin,Critical
DBT004334,"hi, while loop condition never becomes false, submission is due in one hour",Loops_Recursion,Critical
DBT004335,"hi, exam is in two hours and autograder is down, need to fix this soon",Deadline_Admin,Medium
DBT004336,"not sure which time complexity my solution actually has, no rush",Algorithms,Low
DBT004337,"submission portal is not accepting my file before the deadline, need to fix this soon",Deadline_Admin,Medium
DBT004338,"hi, not sure how polymorphism applies to this assignment",OOP_Design,Low
DBT004339,graph traversal is missing some nodes,Algorithms,Medium
DBT004340,"hi, confused about when to use inheritance vs composition, whenever you get a chance please help",OOP_Design,Low
DBT004341,"form submission is not updating the database, whenever you get a chance",WebDev,Low
DBT004342,"exam is in two hours and autograder is down, just curious",Deadline_Admin,Low
DBT004343,"getting an abstract method error in my subclass, no rush",OOP_Design,Low
DBT004344,grade for the last assignment has not appeared yet,Deadline_Admin,Critical
DBT004345,"my class diagram doesn't match the actual code structure, need to fix this soon",OOP_Design,Medium
DBT004346,"greedy approach fails on this specific test case, just curious",Algorithms,Low
DBT004347,"my recursive function never hits the base case, need help asap",Loops_Recursion,High
DBT004348,"index out of bounds error only on the last test case, no rush",Debugging_Errors,Low
DBT004349,"confused about when to use inheritance vs composition, would like this before the next class please help",OOP_Design,Medium
DBT004350,"grade for the last assignment has not appeared yet, no rush",Deadline_Admin,Low
DBT004351,"hi, not sure how polymorphism applies to this assignment, for future reference please help",OOP_Design,Low
DBT004352,api call returns 404 only in production,WebDev,High
DBT004353,"hi, stack trace points to a line that looks fine to me, this is blocking my progress",Debugging_Errors,High
DBT004354,"hi, react component re-renders infinitely, just curious",WebDev,Low
DBT004355,"not sure which time complexity my solution actually has, for future reference please help",Algorithms,Low
DBT004356,"getting a null pointer exception i cannot trace, need to fix this soon please help",Debugging_Errors,Medium
DBT004357,"not sure how to normalize this schema for the project, system crashed during the final demo",Databases,Critical
DBT004358,"grade for the last assignment has not appeared yet, deadline is tomorrow",Deadline_Admin,High
DBT004359,"grade for the last assignment has not appeared yet, need to fix this soon",Deadline_Admin,Medium
DBT004360,foreign key constraint fails on insert,Databases,Medium
DBT004361,trying to understand tail recursion vs normal recursion,Loops_Recursion,Low
DBT004362,api call returns 404 only in production,WebDev,Low
DBT004363,my class diagram doesn't match the actual code structure,OOP_Design,Low
DBT004364,"hi, submission portal is not accepting my file before the deadline, deadline is tomorrow",Deadline_Admin,High
DBT004365,"database connection keeps timing out during the demo, would like this before the next class",Databases,Medium
DBT004366,"hi, database connection keeps timing out during the demo",Databases,Low
DBT004367,"my recursive function never hits the base case, whenever you get a chance",Loops_Recursion,Low
DBT004368,"for loop skips the last element, for future reference",Loops_Recursion,Low
DBT004369,"submission portal is not accepting my file before the deadline, deadline is tomorrow",Deadline_Admin,High
DBT004370,"not sure how polymorphism applies to this assignment, submission is due in one hour",OOP_Design,Critical
DBT004371,form submission is not updating the database,WebDev,Medium
DBT004372,my class diagram doesn't match the actual code structure,OOP_Design,Medium
DBT004373,"database connection keeps timing out during the demo, need to fix this soon please help",Databases,Medium
DBT004374,virtual environment not activating on windows,Env_Setup,Medium
DBT004375,"cannot install the required package on my laptop, need to fix this soon",Env_Setup,Medium
DBT004376,"cannot install the required package on my laptop, need to fix this soon please help",Env_Setup,Medium
DBT004377,"hi, query is extremely slow on the test dataset please help",Databases,Low
DBT004378,"trying to understand tail recursion vs normal recursion, would like this before the next class",Loops_Recursion,Medium
DBT004379,"api call returns 404 only in production, no rush",WebDev,Low
DBT004380,"cannot install the required package on my laptop, would like this before the next class",Env_Setup,Medium
DBT004381,"greedy approach fails on this specific test case, would like this before the next class",Algorithms,Medium
DBT004382,exam is in two hours and autograder is down,Deadline_Admin,Medium
DBT004383,"getting an abstract method error in my subclass, no rush please help",OOP_Design,Low
DBT004384,getting an abstract method error in my subclass,OOP_Design,Low
DBT004385,"getting a null pointer exception i cannot trace, no rush",Debugging_Errors,Low
DBT004386,not sure how polymorphism applies to this assignment,OOP_Design,Medium
DBT004387,git merge conflict i don't know how to resolve,Env_Setup,High
DBT004388,"not sure how polymorphism applies to this assignment, whenever you get a chance",OOP_Design,Low
DBT004389,"database connection keeps timing out during the demo, would like this before the next class please help",Databases,Medium
DBT004390,api call returns 404 only in production,WebDev,Low
DBT004391,"api call returns 404 only in production, for future reference please help",WebDev,Low
DBT004392,"segmentation fault when i run the test suite, no rush",Debugging_Errors,Low
DBT004393,my sql join is returning duplicate rows,Databases,High
DBT004394,"cors error when calling the backend from the frontend, need help asap",WebDev,High
DBT004395,"my recursive function never hits the base case, for future reference",Loops_Recursion,Low
DBT004396,"index out of bounds error only on the last test case, this is blocking my progress",Debugging_Errors,Critical
DBT004397,"cors error when calling the backend from the frontend, for future reference",WebDev,Low
DBT004398,"git merge conflict i don't know how to resolve, no rush please help",Env_Setup,Low
DBT004399,"greedy approach fails on this specific test case, would like this before the next class please help",Algorithms,Medium
DBT004400,"hi, api call returns 404 only in production, just curious",WebDev,Low
DBT004401,exam is in two hours and autograder is down,Deadline_Admin,High
DBT004402,"dynamic programming table is giving wrong values, need to fix this soon",Algorithms,Medium
DBT004403,"submission portal is not accepting my file before the deadline, would like this before the next class",Deadline_Admin,Medium
DBT004404,"for loop skips the last element, need to fix this soon please help",Loops_Recursion,Medium
DBT004405,cors error when calling the backend from the frontend,WebDev,Low
DBT004406,"hi, api call returns 404 only in production",WebDev,Medium
DBT004407,"hi, constructor is not initializing the parent class fields, would like this before the next class please help",OOP_Design,Medium
DBT004408,"hi, getting an abstract method error in my subclass please help",OOP_Design,Medium
DBT004409,"cannot install the required package on my laptop, no rush",Env_Setup,Low
DBT004410,getting an abstract method error in my subclass,OOP_Design,Low
DBT004411,"not sure how polymorphism applies to this assignment, no rush please help",OOP_Design,Low
DBT004412,"getting an abstract method error in my subclass, no rush",OOP_Design,Low
DBT004413,stack trace points to a line that looks fine to me,Debugging_Errors,Medium
DBT004414,"for loop skips the last element, whenever you get a chance",Loops_Recursion,Low
DBT004415,my class diagram doesn't match the actual code structure,OOP_Design,Medium
DBT004416,"cannot install the required package on my laptop, would like this before the next class",Env_Setup,Medium
DBT004417,not sure how polymorphism applies to this assignment please help,OOP_Design,Medium
DBT004418,"hi, api call returns 404 only in production, system crashed during the final demo",WebDev,Critical
DBT004419,form submission is not updating the database,WebDev,Low
DBT004420,my sql join is returning duplicate rows please help,Databases,Critical
DBT004421,"extension request for the assignment due tonight, deadline is tomorrow please help",Deadline_Admin,High
DBT004422,"submission portal is not accepting my file before the deadline, need to fix this soon please help",Deadline_Admin,Medium
DBT004423,"query is extremely slow on the test dataset, would like this before the next class",Databases,Medium
DBT004424,not sure how polymorphism applies to this assignment please help,OOP_Design,Low
DBT004425,"my sorting algorithm is too slow for large inputs, would like this before the next class",Algorithms,Medium
DBT004426,grade for the last assignment has not appeared yet,Deadline_Admin,Critical
DBT004427,"submission portal is not accepting my file before the deadline, no rush",Deadline_Admin,Low
DBT004428,"hi, greedy approach fails on this specific test case, for future reference",Algorithms,Low
DBT004429,"getting an abstract method error in my subclass, would like this before the next class",OOP_Design,Medium
DBT004430,for loop skips the last element,Loops_Recursion,Medium
DBT004431,getting an abstract method error in my subclass,OOP_Design,Medium
DBT004432,"not sure which time complexity my solution actually has, whenever you get a chance",Algorithms,Low
DBT004433,"query is extremely slow on the test dataset, no rush",Databases,Low
DBT004434,"stack trace points to a line that looks fine to me, just curious",Debugging_Errors,Low
DBT004435,my sorting algorithm is too slow for large inputs,Algorithms,Medium
DBT004436,"hi, my sorting algorithm is too slow for large inputs, this is blocking my progress please help",Algorithms,Medium
DBT004437,"extension request for the assignment due tonight, autograder is down and deadline is in minutes",Deadline_Admin,Critical
DBT004438,"hi, grade for the last assignment has not appeared yet, would like this before the next class",Deadline_Admin,Medium
DBT004439,"while loop condition never becomes false, just curious",Loops_Recursion,Low
DBT004440,graph traversal is missing some nodes,Algorithms,Low
DBT004441,graph traversal is missing some nodes,Algorithms,High
DBT004442,"my recursive function never hits the base case, this is blocking my progress please help",Loops_Recursion,High
DBT004443,"greedy approach fails on this specific test case, would like this before the next class",Algorithms,Medium
DBT004444,exam is in two hours and autograder is down please help,Deadline_Admin,Low
DBT004445,grade for the last assignment has not appeared yet,Deadline_Admin,Low
DBT004446,"database connection keeps timing out during the demo, deadline is tomorrow",Databases,High
DBT004447,while loop condition never becomes false,Loops_Recursion,Critical
DBT004448,"my sorting algorithm is too slow for large inputs, for future reference",Algorithms,Low
DBT004449,"exam is in two hours and autograder is down, just curious",Deadline_Admin,High
DBT004450,"hi, my class diagram doesn't match the actual code structure, need help asap",OOP_Design,High
DBT004451,"getting an abstract method error in my subclass, just curious",OOP_Design,Low
DBT004452,"api call returns 404 only in production, submission is due in one hour",WebDev,Critical
DBT004453,"hi, not sure how polymorphism applies to this assignment, need to fix this soon",OOP_Design,Medium
DBT004454,"hi, git merge conflict i don't know how to resolve, whenever you get a chance",Env_Setup,Low
DBT004455,greedy approach fails on this specific test case,Algorithms,Low
DBT004456,"my recursive function never hits the base case, need to fix this soon",Loops_Recursion,Medium
DBT004457,extension request for the assignment due tonight please help,Deadline_Admin,Critical
DBT004458,stack trace points to a line that looks fine to me,Debugging_Errors,High
DBT004459,"my code throws an error only on the grading server not locally, whenever you get a chance",Debugging_Errors,Low
DBT004460,"constructor is not initializing the parent class fields, would like this before the next class",OOP_Design,Medium
DBT004461,cannot install the required package on my laptop,Env_Setup,Low
DBT004462,"getting an abstract method error in my subclass, deadline is tomorrow",OOP_Design,High
DBT004463,"git merge conflict i don't know how to resolve, just curious please help",Env_Setup,Low
DBT004464,my code throws an error only on the grading server not locally please help,Debugging_Errors,High
DBT004465,"hi, confused about when to use inheritance vs composition, exam is happening right now",OOP_Design,Critical
DBT004466,"submission portal is not accepting my file before the deadline, this is blocking my progress",Deadline_Admin,High
DBT004467,"greedy approach fails on this specific test case, whenever you get a chance",Algorithms,Low
DBT004468,"exam is in two hours and autograder is down, need to fix this soon",Deadline_Admin,Medium
DBT004469,index out of bounds error only on the last test case,Debugging_Errors,Low
DBT004470,"graph traversal is missing some nodes, whenever you get a chance",Algorithms,Low
DBT004471,"cors error when calling the backend from the frontend, would like this before the next class",WebDev,Medium
DBT004472,"python version mismatch is breaking the autograder, would like this before the next class please help",Env_Setup,Medium
DBT004473,"grade for the last assignment has not appeared yet, exam is happening right now",Deadline_Admin,Critical
DBT004474,"my sql join is returning duplicate rows, would like this before the next class",Databases,Medium
DBT004475,"hi, confused about when to use inheritance vs composition, no rush",OOP_Design,Low
DBT004476,"hi, cors error when calling the backend from the frontend please help",WebDev,Medium
DBT004477,"api call returns 404 only in production, no rush",WebDev,Low
DBT004478,recursion depth exceeded error keeps showing up,Loops_Recursion,Low
DBT004479,"dynamic programming table is giving wrong values, need to fix this soon",Algorithms,Medium
DBT004480,"form submission is not updating the database, no rush",WebDev,Low
DBT004481,"segmentation fault when i run the test suite, for future reference",Debugging_Errors,Low
DBT004482,"exam is in two hours and autograder is down, exam is happening right now",Deadline_Admin,Critical
DBT004483,"not sure how polymorphism applies to this assignment, whenever you get a chance",OOP_Design,Low
DBT004484,not sure how polymorphism applies to this assignment,OOP_Design,High
DBT004485,loop runs forever and I don't know why,Loops_Recursion,Medium
DBT004486,"exam is in two hours and autograder is down, just curious",Deadline_Admin,Low
DBT004487,"extension request for the assignment due tonight, just curious",Deadline_Admin,Low
DBT004488,"hi, constructor is not initializing the parent class fields, just curious please help",OOP_Design,Critical
DBT004489,"loop runs forever and I don't know why, would like this before the next class",Loops_Recursion,Medium
DBT004490,"database connection keeps timing out during the demo, this is blocking my progress",Databases,High
DBT004491,"hi, not sure which time complexity my solution actually has, exam is happening right now please help",Algorithms,Critical
DBT004492,"my sql join is returning duplicate rows, need to fix this soon",Databases,Medium
DBT004493,"exam is in two hours and autograder is down, just curious",Deadline_Admin,Low
DBT004494,"foreign key constraint fails on insert, need to fix this soon",Databases,Medium
DBT004495,"hi, not sure how to normalize this schema for the project, no rush",Databases,Low
DBT004496,submission portal is not accepting my file before the deadline,Deadline_Admin,Low
DBT004497,"trying to understand tail recursion vs normal recursion, whenever you get a chance",Loops_Recursion,Low
DBT004498,not sure how to normalize this schema for the project,Databases,Low
DBT004499,"segmentation fault when i run the test suite, need help asap",Debugging_Errors,High
DBT004500,"foreign key constraint fails on insert, no rush",Databases,Low
DBT004501,not sure how to normalize this schema for the project,Databases,Low
DBT004502,"greedy approach fails on this specific test case, exam is happening right now",Algorithms,Critical
DBT004503,my recursive function never hits the base case,Loops_Recursion,Low
DBT004504,"git merge conflict i don't know how to resolve, need to fix this soon",Env_Setup,Medium
DBT004505,"not sure how polymorphism applies to this assignment, just curious please help",OOP_Design,Low
DBT004506,"while loop condition never becomes false, no rush please help",Loops_Recursion,Low
DBT004507,"hi, grade for the last assignment has not appeared yet, this is blocking my progress please help",Deadline_Admin,High
DBT004508,"my code throws an error only on the grading server not locally, for future reference",Debugging_Errors,Low
DBT004509,"hi, cannot install the required package on my laptop, for future reference",Env_Setup,Low
DBT004510,"hi, cannot install the required package on my laptop, just curious",Env_Setup,Low
DBT004511,"hi, extension request for the assignment due tonight",Deadline_Admin,High
DBT004512,"loop runs forever and I don't know why, this is blocking my progress",Loops_Recursion,High
DBT004513,"hi, my sql join is returning duplicate rows, system crashed during the final demo",Databases,Critical
DBT004514,cors error when calling the backend from the frontend,WebDev,Low
DBT004515,"cors error when calling the backend from the frontend, no rush",WebDev,Low
DBT004516,"extension request for the assignment due tonight, need help asap",Deadline_Admin,High
DBT004517,"not sure how to normalize this schema for the project, no rush",Databases,Low
DBT004518,"hi, greedy approach fails on this specific test case please help",Algorithms,Low
DBT004519,"hi, loop runs forever and I don't know why, no rush",Loops_Recursion,Low
DBT004520,"hi, git merge conflict i don't know how to resolve, submission is due in one hour",Env_Setup,Critical
DBT004521,"hi, not sure which time complexity my solution actually has",Algorithms,Medium
DBT004522,"hi, submission portal is not accepting my file before the deadline",Deadline_Admin,Low
DBT004523,"hi, form submission is not updating the database, just curious please help",WebDev,Low
DBT004524,"submission portal is not accepting my file before the deadline, for future reference",Deadline_Admin,Low
DBT004525,"not sure which time complexity my solution actually has, would like this before the next class",Algorithms,Medium
DBT004526,"hi, constructor is not initializing the parent class fields, just curious",OOP_Design,Low
DBT004527,"segmentation fault when i run the test suite, just curious please help",Debugging_Errors,Low
DBT004528,"extension request for the assignment due tonight, need to fix this soon",Deadline_Admin,Medium
DBT004529,"stack trace points to a line that looks fine to me, would like this before the next class",Debugging_Errors,Medium
DBT004530,"getting an abstract method error in my subclass, need to fix this soon",OOP_Design,Medium
DBT004531,"graph traversal is missing some nodes, just curious",Algorithms,Low
DBT004532,"hi, python version mismatch is breaking the autograder, would like this before the next class",Env_Setup,Medium
DBT004533,"extension request for the assignment due tonight, deadline is tomorrow",Deadline_Admin,High
DBT004534,"my sorting algorithm is too slow for large inputs, just curious",Algorithms,Low
DBT004535,"cannot install the required package on my laptop, need to fix this soon please help",Env_Setup,Medium
DBT004536,exam is in two hours and autograder is down please help,Deadline_Admin,Low
DBT004537,"dynamic programming table is giving wrong values, would like this before the next class please help",Algorithms,Medium
DBT004538,"hi, git merge conflict i don't know how to resolve, for future reference",Env_Setup,Low
DBT004539,"my code throws an error only on the grading server not locally, need to fix this soon",Debugging_Errors,Medium
DBT004540,"database connection keeps timing out during the demo, would like this before the next class",Databases,Medium
DBT004541,"my class diagram doesn't match the actual code structure, whenever you get a chance",OOP_Design,Low
DBT004542,"hi, constructor is not initializing the parent class fields",OOP_Design,Low
DBT004543,my class diagram doesn't match the actual code structure,OOP_Design,Low
DBT004544,"trying to understand tail recursion vs normal recursion, just curious please help",Loops_Recursion,Low
DBT004545,"my code throws an error only on the grading server not locally, need to fix this soon",Debugging_Errors,Medium
DBT004546,"react component re-renders infinitely, for future reference",WebDev,Low
DBT004547,"confused about when to use inheritance vs composition, need to fix this soon",OOP_Design,Medium
DBT004548,"submission portal is not accepting my file before the deadline, whenever you get a chance",Deadline_Admin,Low
DBT004549,"hi, cannot install the required package on my laptop, this is blocking my progress",Env_Setup,High
DBT004550,not sure how polymorphism applies to this assignment,OOP_Design,Medium
DBT004551,getting an abstract method error in my subclass please help,OOP_Design,Low
DBT004552,"dynamic programming table is giving wrong values, need to fix this soon",Algorithms,Medium
DBT004553,"grade for the last assignment has not appeared yet, whenever you get a chance",Deadline_Admin,Low
DBT004554,form submission is not updating the database,WebDev,Low
DBT004555,"hi, my recursive function never hits the base case, whenever you get a chance",Loops_Recursion,Low
DBT004556,"foreign key constraint fails on insert, would like this before the next class please help",Databases,Medium
DBT004557,"index out of bounds error only on the last test case, just curious",Debugging_Errors,Low
DBT004558,"query is extremely slow on the test dataset, exam is happening right now please help",Databases,Critical
DBT004559,"submission portal is not accepting my file before the deadline, for future reference",Deadline_Admin,Low
DBT004560,"form submission is not updating the database, need to fix this soon",WebDev,Medium
DBT004561,"hi, my sorting algorithm is too slow for large inputs, need to fix this soon",Algorithms,Medium
DBT004562,api call returns 404 only in production,WebDev,Medium
DBT004563,"loop runs forever and I don't know why, no rush please help",Loops_Recursion,Low
DBT004564,"constructor is not initializing the parent class fields, whenever you get a chance",OOP_Design,Low
DBT004565,"foreign key constraint fails on insert, just curious",Databases,Low
DBT004566,"recursion depth exceeded error keeps showing up, no rush",Loops_Recursion,Low
DBT004567,"my sql join is returning duplicate rows, exam is happening right now",Databases,Critical
DBT004568,not sure how polymorphism applies to this assignment please help,OOP_Design,Medium
DBT004569,"loop runs forever and I don't know why, would like this before the next class",Loops_Recursion,Medium
DBT004570,"virtual environment not activating on windows, whenever you get a chance",Env_Setup,Low
DBT004571,"getting a null pointer exception i cannot trace, system crashed during the final demo please help",Debugging_Errors,Critical
DBT004572,"hi, my recursive function never hits the base case, whenever you get a chance please help",Loops_Recursion,Low
DBT004573,"trying to understand tail recursion vs normal recursion, whenever you get a chance",Loops_Recursion,Low
DBT004574,"extension request for the assignment due tonight, need to fix this soon",Deadline_Admin,Medium
DBT004575,"trying to understand tail recursion vs normal recursion, just curious please help",Loops_Recursion,Low
DBT004576,"confused about when to use inheritance vs composition, need to fix this soon",OOP_Design,Medium
DBT004577,virtual environment not activating on windows,Env_Setup,Low
DBT004578,"not sure how polymorphism applies to this assignment, no rush",OOP_Design,Low
DBT004579,not sure which time complexity my solution actually has,Algorithms,Medium
DBT004580,"index out of bounds error only on the last test case, whenever you get a chance",Debugging_Errors,Low
DBT004581,"hi, constructor is not initializing the parent class fields please help",OOP_Design,Low
DBT004582,"virtual environment not activating on windows, just curious",Env_Setup,Low
DBT004583,"submission portal is not accepting my file before the deadline, system crashed during the final demo",Deadline_Admin,Critical
DBT004584,"hi, exam is in two hours and autograder is down, need to fix this soon",Deadline_Admin,Medium
DBT004585,"stack trace points to a line that looks fine to me, need help asap please help",Debugging_Errors,High
DBT004586,not sure how to normalize this schema for the project,Databases,Medium
DBT004587,"hi, for loop skips the last element",Loops_Recursion,Medium
DBT004588,virtual environment not activating on windows,Env_Setup,Low
DBT004589,"constructor is not initializing the parent class fields, would like this before the next class",OOP_Design,Medium
DBT004590,"hi, graph traversal is missing some nodes",Algorithms,Low
DBT004591,"form submission is not updating the database, need to fix this soon please help",WebDev,Medium
DBT004592,"hi, greedy approach fails on this specific test case",Algorithms,Medium
DBT004593,"hi, not sure how to normalize this schema for the project, just curious",Databases,Low
DBT004594,"hi, git merge conflict i don't know how to resolve, no rush",Env_Setup,Low
DBT004595,api call returns 404 only in production,WebDev,Low
DBT004596,"submission portal is not accepting my file before the deadline, submission is due in one hour",Deadline_Admin,Critical
DBT004597,"hi, my class diagram doesn't match the actual code structure, need to fix this soon please help",OOP_Design,Medium
DBT004598,"my class diagram doesn't match the actual code structure, need to fix this soon",OOP_Design,Medium
DBT004599,"api call returns 404 only in production, just curious",WebDev,Low
DBT004600,"database connection keeps timing out during the demo, autograder is down and deadline is in minutes",Databases,Critical
DBT004601,"my code throws an error only on the grading server not locally, need help asap",Debugging_Errors,High
DBT004602,"hi, react component re-renders infinitely, whenever you get a chance",WebDev,Low
DBT004603,"hi, react component re-renders infinitely, this is blocking my progress please help",WebDev,High
DBT004604,"foreign key constraint fails on insert, would like this before the next class",Databases,Medium
DBT004605,"my class diagram doesn't match the actual code structure, would like this before the next class",OOP_Design,Medium
DBT004606,"python version mismatch is breaking the autograder, this is blocking my progress please help",Env_Setup,High
DBT004607,"my code throws an error only on the grading server not locally, just curious",Debugging_Errors,Low
DBT004608,"hi, cannot install the required package on my laptop, no rush",Env_Setup,Low
DBT004609,"confused about when to use inheritance vs composition, no rush",OOP_Design,Low
DBT004610,"hi, my sorting algorithm is too slow for large inputs",Algorithms,Low
DBT004611,"my sql join is returning duplicate rows, for future reference",Databases,Low
DBT004612,"exam is in two hours and autograder is down, this is blocking my progress",Deadline_Admin,High
DBT004613,not sure how to normalize this schema for the project,Databases,Medium
DBT004614,my sorting algorithm is too slow for large inputs,Algorithms,Low
DBT004615,"hi, dynamic programming table is giving wrong values, would like this before the next class",Algorithms,Medium
DBT004616,"submission portal is not accepting my file before the deadline, no rush please help",Deadline_Admin,Low
DBT004617,while loop condition never becomes false,Loops_Recursion,Low
DBT004618,getting an abstract method error in my subclass please help,OOP_Design,Medium
DBT004619,"hi, react component re-renders infinitely, whenever you get a chance",WebDev,Low
DBT004620,"segmentation fault when i run the test suite, just curious",Debugging_Errors,Low
DBT004621,"not sure how to normalize this schema for the project, need to fix this soon",Databases,Medium
DBT004622,"hi, cors error when calling the backend from the frontend, need to fix this soon please help",WebDev,Medium
DBT004623,getting an abstract method error in my subclass please help,OOP_Design,High
DBT004624,"cannot install the required package on my laptop, need to fix this soon",Env_Setup,Medium
DBT004625,"graph traversal is missing some nodes, need to fix this soon",Algorithms,Medium
DBT004626,"my sorting algorithm is too slow for large inputs, would like this before the next class please help",Algorithms,Medium
DBT004627,"cors error when calling the backend from the frontend, need to fix this soon",WebDev,Medium
DBT004628,"react component re-renders infinitely, would like this before the next class",WebDev,Medium
DBT004629,form submission is not updating the database,WebDev,Low
DBT004630,"trying to understand tail recursion vs normal recursion, need to fix this soon",Loops_Recursion,Medium
DBT004631,"cannot install the required package on my laptop, just curious",Env_Setup,Low
DBT004632,"my recursive function never hits the base case, just curious",Loops_Recursion,Low
DBT004633,"exam is in two hours and autograder is down, deadline is tomorrow",Deadline_Admin,High
DBT004634,"hi, api call returns 404 only in production, system crashed during the final demo",WebDev,Critical
DBT004635,"api call returns 404 only in production, no rush",WebDev,Low
DBT004636,"getting an abstract method error in my subclass, need to fix this soon",OOP_Design,Medium
DBT004637,python version mismatch is breaking the autograder,Env_Setup,Low
DBT004638,"api call returns 404 only in production, for future reference",WebDev,Low
DBT004639,"hi, python version mismatch is breaking the autograder",Env_Setup,Low
DBT004640,not sure which time complexity my solution actually has,Algorithms,Medium
DBT004641,"not sure how to normalize this schema for the project, would like this before the next class",Databases,Medium
DBT004642,"hi, exam is in two hours and autograder is down",Deadline_Admin,High
DBT004643,greedy approach fails on this specific test case,Algorithms,Medium
DBT004644,"query is extremely slow on the test dataset, need help asap",Databases,High
DBT004645,"hi, confused about when to use inheritance vs composition",OOP_Design,Low
DBT004646,"hi, not sure how polymorphism applies to this assignment, whenever you get a chance",OOP_Design,Low
DBT004647,"not sure how to normalize this schema for the project, just curious",Databases,Low
DBT004648,"hi, not sure how polymorphism applies to this assignment, for future reference",OOP_Design,Low
DBT004649,"react component re-renders infinitely, need to fix this soon please help",WebDev,Medium
DBT004650,"loop runs forever and I don't know why, deadline is tomorrow please help",Loops_Recursion,High
DBT004651,"stack trace points to a line that looks fine to me, just curious",Debugging_Errors,Low
DBT004652,confused about when to use inheritance vs composition,OOP_Design,Low
DBT004653,"hi, database connection keeps timing out during the demo",Databases,Critical
DBT004654,"hi, git merge conflict i don't know how to resolve",Env_Setup,Low
DBT004655,"not sure how polymorphism applies to this assignment, need to fix this soon",OOP_Design,Medium
DBT004656,"hi, graph traversal is missing some nodes, deadline is tomorrow",Algorithms,High
DBT004657,"hi, grade for the last assignment has not appeared yet, deadline is tomorrow",Deadline_Admin,High
DBT004658,"hi, extension request for the assignment due tonight, for future reference please help",Deadline_Admin,Low
DBT004659,"hi, trying to understand tail recursion vs normal recursion, no rush",Loops_Recursion,Low
DBT004660,"hi, git merge conflict i don't know how to resolve, for future reference",Env_Setup,Low
DBT004661,"git merge conflict i don't know how to resolve, would like this before the next class",Env_Setup,Medium
DBT004662,"recursion depth exceeded error keeps showing up, just curious",Loops_Recursion,Low
DBT004663,api call returns 404 only in production,WebDev,Low
DBT004664,"foreign key constraint fails on insert, just curious",Databases,High
DBT004665,"for loop skips the last element, just curious",Loops_Recursion,Low
DBT004666,for loop skips the last element,Loops_Recursion,Low
DBT004667,recursion depth exceeded error keeps showing up please help,Loops_Recursion,High
DBT004668,"foreign key constraint fails on insert, whenever you get a chance",Databases,Low
DBT004669,"greedy approach fails on this specific test case, need to fix this soon",Algorithms,Medium
DBT004670,"graph traversal is missing some nodes, for future reference",Algorithms,Low
DBT004671,"index out of bounds error only on the last test case, for future reference",Debugging_Errors,Low
DBT004672,for loop skips the last element,Loops_Recursion,High
DBT004673,"virtual environment not activating on windows, need to fix this soon",Env_Setup,Medium
DBT004674,"submission portal is not accepting my file before the deadline, need to fix this soon",Deadline_Admin,Medium
DBT004675,"cors error when calling the backend from the frontend, just curious",WebDev,Low
DBT004676,"hi, query is extremely slow on the test dataset, for future reference",Databases,Low
DBT004677,recursion depth exceeded error keeps showing up,Loops_Recursion,Medium
DBT004678,"index out of bounds error only on the last test case, this is blocking my progress",Debugging_Errors,High
DBT004679,"hi, my sql join is returning duplicate rows, need to fix this soon please help",Databases,Medium
DBT004680,"not sure which time complexity my solution actually has, just curious",Algorithms,Low
DBT004681,"foreign key constraint fails on insert, for future reference",Databases,Low
DBT004682,segmentation fault when i run the test suite please help,Debugging_Errors,Critical
DBT004683,api call returns 404 only in production,WebDev,High
DBT004684,"index out of bounds error only on the last test case, need help asap",Debugging_Errors,High
DBT004685,python version mismatch is breaking the autograder,Env_Setup,Low
DBT004686,form submission is not updating the database,WebDev,Critical
DBT004687,"exam is in two hours and autograder is down, whenever you get a chance",Deadline_Admin,Medium
DBT004688,cors error when calling the backend from the frontend please help,WebDev,Low
DBT004689,api call returns 404 only in production,WebDev,Medium
DBT004690,trying to understand tail recursion vs normal recursion,Loops_Recursion,Low
DBT004691,git merge conflict i don't know how to resolve,Env_Setup,Low
DBT004692,"grade for the last assignment has not appeared yet, this is blocking my progress",Deadline_Admin,High
DBT004693,"hi, react component re-renders infinitely",WebDev,Medium
DBT004694,"cors error when calling the backend from the frontend, would like this before the next class",WebDev,Medium
DBT004695,"hi, getting a null pointer exception i cannot trace",Debugging_Errors,Low
DBT004696,"greedy approach fails on this specific test case, would like this before the next class please help",Algorithms,Medium
DBT004697,"hi, segmentation fault when i run the test suite, need to fix this soon please help",Debugging_Errors,Medium
DBT004698,"greedy approach fails on this specific test case, need help asap",Algorithms,High
DBT004699,"dynamic programming table is giving wrong values, deadline is tomorrow",Algorithms,High
DBT004700,"database connection keeps timing out during the demo, whenever you get a chance",Databases,Low
DBT004701,"hi, stack trace points to a line that looks fine to me, deadline is tomorrow please help",Debugging_Errors,High
DBT004702,"confused about when to use inheritance vs composition, would like this before the next class please help",OOP_Design,Medium
DBT004703,"cannot install the required package on my laptop, need to fix this soon",Env_Setup,Medium
DBT004704,"hi, confused about when to use inheritance vs composition, need help asap",OOP_Design,High
DBT004705,"cannot install the required package on my laptop, would like this before the next class",Env_Setup,Medium
DBT004706,"react component re-renders infinitely, would like this before the next class please help",WebDev,Medium
DBT004707,"getting a null pointer exception i cannot trace, this is blocking my progress",Debugging_Errors,High
DBT004708,"database connection keeps timing out during the demo, whenever you get a chance",Databases,Low
DBT004709,"stack trace points to a line that looks fine to me, just curious",Debugging_Errors,Low
DBT004710,"query is extremely slow on the test dataset, exam is happening right now",Databases,Critical
DBT004711,"form submission is not updating the database, for future reference",WebDev,Low
DBT004712,"not sure how to normalize this schema for the project, just curious",Databases,Low
DBT004713,"hi, loop runs forever and I don't know why, need to fix this soon",Loops_Recursion,Medium
DBT004714,"hi, while loop condition never becomes false, just curious",Loops_Recursion,Low
DBT004715,form submission is not updating the database,WebDev,Critical
DBT004716,"git merge conflict i don't know how to resolve, would like this before the next class",Env_Setup,Medium
DBT004717,not sure which time complexity my solution actually has please help,Algorithms,Medium
DBT004718,"exam is in two hours and autograder is down, just curious",Deadline_Admin,Low
DBT004719,getting a null pointer exception i cannot trace please help,Debugging_Errors,Low
DBT004720,"query is extremely slow on the test dataset, whenever you get a chance",Databases,Low
DBT004721,"git merge conflict i don't know how to resolve, for future reference",Env_Setup,Low
DBT004722,"form submission is not updating the database, just curious",WebDev,Low
DBT004723,submission portal is not accepting my file before the deadline,Deadline_Admin,Critical
DBT004724,"my sql join is returning duplicate rows, for future reference",Databases,Low
DBT004725,"graph traversal is missing some nodes, would like this before the next class",Algorithms,Medium
DBT004726,"hi, python version mismatch is breaking the autograder",Env_Setup,Low
DBT004727,exam is in two hours and autograder is down,Deadline_Admin,Low
DBT004728,"constructor is not initializing the parent class fields, whenever you get a chance",OOP_Design,Low
DBT004729,"my sql join is returning duplicate rows, need to fix this soon please help",Databases,Medium
DBT004730,"grade for the last assignment has not appeared yet, exam is happening right now",Deadline_Admin,Critical
DBT004731,submission portal is not accepting my file before the deadline,Deadline_Admin,Critical
DBT004732,"cors error when calling the backend from the frontend, need to fix this soon",WebDev,Medium
DBT004733,"graph traversal is missing some nodes, whenever you get a chance",Algorithms,Low
DBT004734,"database connection keeps timing out during the demo, autograder is down and deadline is in minutes",Databases,Critical
DBT004735,"virtual environment not activating on windows, no rush",Env_Setup,Low
DBT004736,"hi, form submission is not updating the database, no rush",WebDev,Low
DBT004737,"my code throws an error only on the grading server not locally, whenever you get a chance",Debugging_Errors,Low
DBT004738,cannot install the required package on my laptop,Env_Setup,Low
DBT004739,"index out of bounds error only on the last test case, need to fix this soon",Debugging_Errors,Medium
DBT004740,"cors error when calling the backend from the frontend, need help asap",WebDev,High
DBT004741,"extension request for the assignment due tonight, deadline is tomorrow please help",Deadline_Admin,High
DBT004742,"hi, python version mismatch is breaking the autograder, need help asap",Env_Setup,High
DBT004743,"dynamic programming table is giving wrong values, would like this before the next class",Algorithms,Medium
DBT004744,"query is extremely slow on the test dataset, this is blocking my progress",Databases,High
DBT004745,"not sure which time complexity my solution actually has, this is blocking my progress",Algorithms,High
DBT004746,"loop runs forever and I don't know why, no rush",Loops_Recursion,Low
DBT004747,"getting an abstract method error in my subclass, just curious",OOP_Design,Low
DBT004748,"graph traversal is missing some nodes, just curious",Algorithms,Low
DBT004749,"for loop skips the last element, just curious",Loops_Recursion,Low
DBT004750,"dynamic programming table is giving wrong values, no rush",Algorithms,Low
DBT004751,my code throws an error only on the grading server not locally,Debugging_Errors,High
DBT004752,cors error when calling the backend from the frontend,WebDev,Medium
DBT004753,"hi, database connection keeps timing out during the demo, deadline is tomorrow",Databases,High
DBT004754,"hi, cannot install the required package on my laptop",Env_Setup,Low
DBT004755,git merge conflict i don't know how to resolve,Env_Setup,Low
DBT004756,"hi, virtual environment not activating on windows, no rush",Env_Setup,Low
DBT004757,not sure how to normalize this schema for the project,Databases,Medium
DBT004758,"not sure how to normalize this schema for the project, need to fix this soon",Databases,Medium
DBT004759,"form submission is not updating the database, just curious",WebDev,Low
DBT004760,"while loop condition never becomes false, would like this before the next class",Loops_Recursion,Medium
DBT004761,"my class diagram doesn't match the actual code structure, system crashed during the final demo please help",OOP_Design,Critical
DBT004762,"virtual environment not activating on windows, whenever you get a chance",Env_Setup,Low
DBT004763,react component re-renders infinitely,WebDev,Medium
DBT004764,for loop skips the last element,Loops_Recursion,Low
DBT004765,"hi, exam is in two hours and autograder is down, autograder is down and deadline is in minutes",Deadline_Admin,Critical
DBT004766,"my sql join is returning duplicate rows, need to fix this soon please help",Databases,Medium
DBT004767,"constructor is not initializing the parent class fields, no rush",OOP_Design,Low
DBT004768,"cors error when calling the backend from the frontend, no rush",WebDev,Low
DBT004769,"confused about when to use inheritance vs composition, this is blocking my progress",OOP_Design,High
DBT004770,"hi, submission portal is not accepting my file before the deadline, system crashed during the final demo",Deadline_Admin,Critical
DBT004771,"not sure which time complexity my solution actually has, deadline is tomorrow",Algorithms,High
DBT004772,"virtual environment not activating on windows, just curious",Env_Setup,Low
DBT004773,"git merge conflict i don't know how to resolve, just curious",Env_Setup,Low
DBT004774,"greedy approach fails on this specific test case, just curious",Algorithms,Low
DBT004775,"exam is in two hours and autograder is down, whenever you get a chance please help",Deadline_Admin,Low
DBT004776,python version mismatch is breaking the autograder,Env_Setup,Medium
DBT004777,"virtual environment not activating on windows, for future reference",Env_Setup,Low
DBT004778,api call returns 404 only in production,WebDev,Low
DBT004779,"constructor is not initializing the parent class fields, for future reference",OOP_Design,Low
DBT004780,"hi, not sure which time complexity my solution actually has",Algorithms,Low
DBT004781,"getting a null pointer exception i cannot trace, would like this before the next class",Debugging_Errors,Medium
DBT004782,"stack trace points to a line that looks fine to me, need help asap",Debugging_Errors,High
DBT004783,"submission portal is not accepting my file before the deadline, autograder is down and deadline is in minutes",Deadline_Admin,Critical
DBT004784,"api call returns 404 only in production, this is blocking my progress",WebDev,High
DBT004785,"hi, not sure which time complexity my solution actually has",Algorithms,Medium
DBT004786,"cannot install the required package on my laptop, just curious please help",Env_Setup,Low
DBT004787,segmentation fault when i run the test suite please help,Debugging_Errors,High
DBT004788,"cannot install the required package on my laptop, whenever you get a chance",Env_Setup,Low
DBT004789,"git merge conflict i don't know how to resolve, would like this before the next class",Env_Setup,Medium
DBT004790,"cannot install the required package on my laptop, would like this before the next class",Env_Setup,Medium
DBT004791,"hi, getting an abstract method error in my subclass, this is blocking my progress",OOP_Design,High
DBT004792,"not sure how to normalize this schema for the project, just curious",Databases,Low
DBT004793,"constructor is not initializing the parent class fields, whenever you get a chance",OOP_Design,Low
DBT004794,"hi, grade for the last assignment has not appeared yet, just curious please help",Deadline_Admin,Low
DBT004795,git merge conflict i don't know how to resolve please help,Env_Setup,Low
DBT004796,"form submission is not updating the database, for future reference please help",WebDev,Low
DBT004797,"my sorting algorithm is too slow for large inputs, for future reference",Algorithms,Low
DBT004798,"getting an abstract method error in my subclass, no rush",OOP_Design,Low
DBT004799,"hi, submission portal is not accepting my file before the deadline, no rush",Deadline_Admin,Low
DBT004800,"my sql join is returning duplicate rows, whenever you get a chance",Databases,Low
DBT004801,"getting an abstract method error in my subclass, would like this before the next class",OOP_Design,Medium
DBT004802,index out of bounds error only on the last test case please help,Debugging_Errors,Medium
DBT004803,"hi, graph traversal is missing some nodes, whenever you get a chance",Algorithms,Low
DBT004804,"submission portal is not accepting my file before the deadline, no rush",Deadline_Admin,Low
DBT004805,"constructor is not initializing the parent class fields, need help asap please help",OOP_Design,High
DBT004806,dynamic programming table is giving wrong values please help,Algorithms,Medium
DBT004807,"getting an abstract method error in my subclass, just curious",OOP_Design,Low
DBT004808,"hi, exam is in two hours and autograder is down, for future reference",Deadline_Admin,Low
DBT004809,"not sure which time complexity my solution actually has, need to fix this soon",Algorithms,Medium
DBT004810,"my recursive function never hits the base case, for future reference",Loops_Recursion,Low
DBT004811,stack trace points to a line that looks fine to me,Debugging_Errors,Low
DBT004812,"index out of bounds error only on the last test case, deadline is tomorrow",Debugging_Errors,High
DBT004813,"extension request for the assignment due tonight, submission is due in one hour",Deadline_Admin,Critical
DBT004814,"my sorting algorithm is too slow for large inputs, would like this before the next class",Algorithms,Medium
DBT004815,"exam is in two hours and autograder is down, for future reference",Deadline_Admin,Low
DBT004816,"my code throws an error only on the grading server not locally, whenever you get a chance",Debugging_Errors,Low
DBT004817,"constructor is not initializing the parent class fields, need to fix this soon",OOP_Design,Medium
DBT004818,"extension request for the assignment due tonight, just curious",Deadline_Admin,Low
DBT004819,"my recursive function never hits the base case, need to fix this soon",Loops_Recursion,Medium
DBT004820,"hi, api call returns 404 only in production, submission is due in one hour please help",WebDev,Critical
DBT004821,my class diagram doesn't match the actual code structure,OOP_Design,Medium
DBT004822,"hi, not sure how polymorphism applies to this assignment, just curious please help",OOP_Design,Low
DBT004823,cannot install the required package on my laptop,Env_Setup,High
DBT004824,segmentation fault when i run the test suite,Debugging_Errors,Low
DBT004825,"hi, trying to understand tail recursion vs normal recursion, need to fix this soon please help",Loops_Recursion,Medium
DBT004826,"git merge conflict i don't know how to resolve, no rush",Env_Setup,Low
DBT004827,virtual environment not activating on windows,Env_Setup,High
DBT004828,exam is in two hours and autograder is down,Deadline_Admin,High
DBT004829,"python version mismatch is breaking the autograder, just curious",Env_Setup,Low
DBT004830,"cors error when calling the backend from the frontend, whenever you get a chance",WebDev,Low
DBT004831,python version mismatch is breaking the autograder,Env_Setup,High
DBT004832,greedy approach fails on this specific test case,Algorithms,Medium
DBT004833,recursion depth exceeded error keeps showing up,Loops_Recursion,Medium
DBT004834,api call returns 404 only in production,WebDev,Critical
DBT004835,"greedy approach fails on this specific test case, would like this before the next class",Algorithms,Medium
DBT004836,not sure how polymorphism applies to this assignment,OOP_Design,Medium
DBT004837,"dynamic programming table is giving wrong values, whenever you get a chance",Algorithms,Low
DBT004838,"my code throws an error only on the grading server not locally, no rush",Debugging_Errors,Low
DBT004839,getting an abstract method error in my subclass,OOP_Design,Low
DBT004840,"database connection keeps timing out during the demo, would like this before the next class",Databases,Medium
DBT004841,"while loop condition never becomes false, need help asap",Loops_Recursion,High
DBT004842,"exam is in two hours and autograder is down, system crashed during the final demo",Deadline_Admin,Critical
DBT004843,"grade for the last assignment has not appeared yet, deadline is tomorrow",Deadline_Admin,High
DBT004844,"extension request for the assignment due tonight, just curious",Deadline_Admin,Low
DBT004845,"getting a null pointer exception i cannot trace, no rush",Debugging_Errors,Low
DBT004846,"cors error when calling the backend from the frontend, this is blocking my progress",WebDev,High
DBT004847,"react component re-renders infinitely, need help asap",WebDev,High
DBT004848,foreign key constraint fails on insert,Databases,Medium
DBT004849,"my code throws an error only on the grading server not locally, for future reference",Debugging_Errors,Low
DBT004850,"my class diagram doesn't match the actual code structure, need to fix this soon",OOP_Design,Medium
DBT004851,confused about when to use inheritance vs composition,OOP_Design,Medium
DBT004852,not sure how polymorphism applies to this assignment please help,OOP_Design,Medium
DBT004853,"hi, not sure which time complexity my solution actually has, would like this before the next class",Algorithms,Medium
DBT004854,"recursion depth exceeded error keeps showing up, need to fix this soon",Loops_Recursion,Low
DBT004855,"hi, for loop skips the last element",Loops_Recursion,Low
DBT004856,"grade for the last assignment has not appeared yet, need help asap",Deadline_Admin,High
DBT004857,"hi, form submission is not updating the database, need to fix this soon",WebDev,Medium
DBT004858,api call returns 404 only in production,WebDev,Low
DBT004859,dynamic programming table is giving wrong values,Algorithms,High
DBT004860,"dynamic programming table is giving wrong values, need help asap",Algorithms,High
DBT004861,"while loop condition never becomes false, this is blocking my progress",Loops_Recursion,High
DBT004862,"foreign key constraint fails on insert, submission is due in one hour",Databases,Critical
DBT004863,"submission portal is not accepting my file before the deadline, for future reference",Deadline_Admin,Low
DBT004864,"exam is in two hours and autograder is down, whenever you get a chance please help",Deadline_Admin,Low
DBT004865,exam is in two hours and autograder is down,Deadline_Admin,Medium
DBT004866,"foreign key constraint fails on insert, would like this before the next class please help",Databases,Medium
DBT004867,"my code throws an error only on the grading server not locally, this is blocking my progress",Debugging_Errors,High
DBT004868,"hi, not sure how polymorphism applies to this assignment, just curious",OOP_Design,Low
DBT004869,"react component re-renders infinitely, deadline is tomorrow please help",WebDev,High
DBT004870,not sure which time complexity my solution actually has,Algorithms,Medium
DBT004871,"cors error when calling the backend from the frontend, need to fix this soon",WebDev,Medium
DBT004872,"database connection keeps timing out during the demo, would like this before the next class",Databases,Medium
DBT004873,submission portal is not accepting my file before the deadline,Deadline_Admin,Low
DBT004874,"hi, virtual environment not activating on windows, deadline is tomorrow please help",Env_Setup,High
DBT004875,"virtual environment not activating on windows, no rush",Env_Setup,Low
DBT004876,"react component re-renders infinitely, need help asap",WebDev,High
DBT004877,submission portal is not accepting my file before the deadline,Deadline_Admin,Critical
DBT004878,my class diagram doesn't match the actual code structure please help,OOP_Design,Low
DBT004879,submission portal is not accepting my file before the deadline please help,Deadline_Admin,Critical
DBT004880,"grade for the last assignment has not appeared yet, no rush please help",Deadline_Admin,Low
DBT004881,"database connection keeps timing out during the demo, need help asap",Databases,High
DBT004882,"hi, my sorting algorithm is too slow for large inputs, no rush",Algorithms,Low
DBT004883,"getting an abstract method error in my subclass, for future reference",OOP_Design,Low
DBT004884,api call returns 404 only in production,WebDev,Medium
DBT004885,"python version mismatch is breaking the autograder, whenever you get a chance please help",Env_Setup,Low
DBT004886,"not sure which time complexity my solution actually has, need to fix this soon please help",Algorithms,Medium
DBT004887,grade for the last assignment has not appeared yet,Deadline_Admin,Low
DBT004888,"cannot install the required package on my laptop, need to fix this soon please help",Env_Setup,Medium
DBT004889,"confused about when to use inheritance vs composition, need to fix this soon",OOP_Design,Medium
DBT004890,while loop condition never becomes false please help,Loops_Recursion,Low
DBT004891,exam is in two hours and autograder is down,Deadline_Admin,Low
DBT004892,"dynamic programming table is giving wrong values, for future reference please help",Algorithms,Low
DBT004893,dynamic programming table is giving wrong values,Algorithms,Medium
DBT004894,database connection keeps timing out during the demo,Databases,Medium
DBT004895,"not sure how polymorphism applies to this assignment, would like this before the next class",OOP_Design,Medium
DBT004896,"exam is in two hours and autograder is down, no rush",Deadline_Admin,Low
DBT004897,"git merge conflict i don't know how to resolve, this is blocking my progress",Env_Setup,High
DBT004898,"hi, grade for the last assignment has not appeared yet, deadline is tomorrow",Deadline_Admin,High
DBT004899,"hi, graph traversal is missing some nodes, for future reference",Algorithms,Low
DBT004900,"form submission is not updating the database, just curious",WebDev,Low
DBT004901,segmentation fault when i run the test suite,Debugging_Errors,Low
DBT004902,"exam is in two hours and autograder is down, no rush",Deadline_Admin,Low
DBT004903,cors error when calling the backend from the frontend please help,WebDev,Medium
DBT004904,"hi, my sorting algorithm is too slow for large inputs, would like this before the next class",Algorithms,Medium
DBT004905,python version mismatch is breaking the autograder,Env_Setup,Medium
DBT004906,my recursive function never hits the base case please help,Loops_Recursion,Critical
DBT004907,"query is extremely slow on the test dataset, whenever you get a chance",Databases,Low
DBT004908,api call returns 404 only in production,WebDev,Low
DBT004909,"react component re-renders infinitely, this is blocking my progress please help",WebDev,High
DBT004910,"hi, getting a null pointer exception i cannot trace",Debugging_Errors,Medium
DBT004911,"my code throws an error only on the grading server not locally, need help asap",Debugging_Errors,High
DBT004912,"hi, greedy approach fails on this specific test case, just curious",Algorithms,Low
DBT004913,"query is extremely slow on the test dataset, need help asap please help",Databases,High
DBT004914,"not sure which time complexity my solution actually has, need to fix this soon",Algorithms,Medium
DBT004915,index out of bounds error only on the last test case,Debugging_Errors,Low
DBT004916,"hi, recursion depth exceeded error keeps showing up, no rush please help",Loops_Recursion,Low
DBT004917,"query is extremely slow on the test dataset, whenever you get a chance",Databases,Low
DBT004918,"query is extremely slow on the test dataset, for future reference",Databases,Low
DBT004919,"my sql join is returning duplicate rows, no rush please help",Databases,Low
DBT004920,"git merge conflict i don't know how to resolve, for future reference please help",Env_Setup,Low
DBT004921,"react component re-renders infinitely, submission is due in one hour",WebDev,Critical
DBT004922,"hi, stack trace points to a line that looks fine to me, would like this before the next class",Debugging_Errors,Medium
DBT004923,getting an abstract method error in my subclass,OOP_Design,Low
DBT004924,"foreign key constraint fails on insert, need help asap",Databases,High
DBT004925,"my code throws an error only on the grading server not locally, whenever you get a chance",Debugging_Errors,Low
DBT004926,"hi, graph traversal is missing some nodes, deadline is tomorrow",Algorithms,High
DBT004927,"form submission is not updating the database, autograder is down and deadline is in minutes",WebDev,Critical
DBT004928,"hi, react component re-renders infinitely",WebDev,Low
DBT004929,"greedy approach fails on this specific test case, for future reference",Algorithms,Low
DBT004930,query is extremely slow on the test dataset please help,Databases,High
DBT004931,"my code throws an error only on the grading server not locally, need help asap",Debugging_Errors,High
DBT004932,"react component re-renders infinitely, system crashed during the final demo",WebDev,Critical
DBT004933,cors error when calling the backend from the frontend,WebDev,Medium
DBT004934,"constructor is not initializing the parent class fields, would like this before the next class",OOP_Design,Medium
DBT004935,"my sql join is returning duplicate rows, deadline is tomorrow",Databases,High
DBT004936,"hi, react component re-renders infinitely please help",WebDev,Critical
DBT004937,"cors error when calling the backend from the frontend, whenever you get a chance",WebDev,Low
DBT004938,"greedy approach fails on this specific test case, need help asap",Algorithms,High
DBT004939,"python version mismatch is breaking the autograder, just curious",Env_Setup,Low
DBT004940,stack trace points to a line that looks fine to me please help,Debugging_Errors,Medium
DBT004941,"git merge conflict i don't know how to resolve, need to fix this soon",Env_Setup,Medium
DBT004942,"virtual environment not activating on windows, need to fix this soon",Env_Setup,Medium
DBT004943,"my class diagram doesn't match the actual code structure, would like this before the next class",OOP_Design,Medium
DBT004944,"hi, graph traversal is missing some nodes",Algorithms,Medium
DBT004945,"recursion depth exceeded error keeps showing up, need to fix this soon please help",Loops_Recursion,Medium
DBT004946,"hi, exam is in two hours and autograder is down, need to fix this soon",Deadline_Admin,Medium
DBT004947,"cors error when calling the backend from the frontend, no rush please help",WebDev,Low
DBT004948,"submission portal is not accepting my file before the deadline, no rush",Deadline_Admin,Low
DBT004949,"my class diagram doesn't match the actual code structure, need to fix this soon",OOP_Design,Medium
DBT004950,"for loop skips the last element, need to fix this soon",Loops_Recursion,Medium
DBT004951,"hi, index out of bounds error only on the last test case",Debugging_Errors,Low
DBT004952,"grade for the last assignment has not appeared yet, deadline is tomorrow",Deadline_Admin,Low
DBT004953,"not sure how to normalize this schema for the project, would like this before the next class",Databases,Medium
DBT004954,"hi, form submission is not updating the database, need to fix this soon",WebDev,Medium
DBT004955,"hi, form submission is not updating the database, no rush",WebDev,Low
DBT004956,"index out of bounds error only on the last test case, whenever you get a chance",Debugging_Errors,Low
DBT004957,python version mismatch is breaking the autograder,Env_Setup,Low
DBT004958,"cors error when calling the backend from the frontend, for future reference",WebDev,Low
DBT004959,"api call returns 404 only in production, for future reference",WebDev,Low
DBT004960,"exam is in two hours and autograder is down, just curious",Deadline_Admin,Low
DBT004961,"index out of bounds error only on the last test case, no rush",Debugging_Errors,Low
DBT004962,"submission portal is not accepting my file before the deadline, would like this before the next class",Deadline_Admin,Medium
DBT004963,extension request for the assignment due tonight,Deadline_Admin,High
DBT004964,"hi, submission portal is not accepting my file before the deadline, this is blocking my progress",Deadline_Admin,High
DBT004965,"hi, database connection keeps timing out during the demo, no rush please help",Databases,Low
DBT004966,"cannot install the required package on my laptop, no rush please help",Env_Setup,Low
DBT004967,getting a null pointer exception i cannot trace,Debugging_Errors,Low
DBT004968,"my recursive function never hits the base case, just curious",Loops_Recursion,Low
DBT004969,stack trace points to a line that looks fine to me,Debugging_Errors,Medium
DBT004970,cors error when calling the backend from the frontend,WebDev,Low
DBT004971,"my code throws an error only on the grading server not locally, need help asap",Debugging_Errors,High
DBT004972,"extension request for the assignment due tonight, need to fix this soon please help",Deadline_Admin,Medium
DBT004973,database connection keeps timing out during the demo,Databases,Low
DBT004974,"constructor is not initializing the parent class fields, for future reference",OOP_Design,Low
DBT004975,loop runs forever and I don't know why,Loops_Recursion,Medium
DBT004976,"hi, not sure how to normalize this schema for the project, just curious",Databases,Low
DBT004977,"hi, index out of bounds error only on the last test case",Debugging_Errors,Low
DBT004978,"git merge conflict i don't know how to resolve, for future reference",Env_Setup,Low
DBT004979,"hi, my recursive function never hits the base case, no rush",Loops_Recursion,Low
DBT004980,"trying to understand tail recursion vs normal recursion, need to fix this soon",Loops_Recursion,Medium
DBT004981,"database connection keeps timing out during the demo, for future reference",Databases,Low
DBT004982,"not sure which time complexity my solution actually has, no rush please help",Algorithms,Low
DBT004983,form submission is not updating the database,WebDev,Medium
DBT004984,"not sure how polymorphism applies to this assignment, would like this before the next class",OOP_Design,Medium
DBT004985,"react component re-renders infinitely, would like this before the next class",WebDev,Medium
DBT004986,"react component re-renders infinitely, would like this before the next class",WebDev,Medium
DBT004987,"exam is in two hours and autograder is down, autograder is down and deadline is in minutes",Deadline_Admin,Critical
DBT004988,constructor is not initializing the parent class fields,OOP_Design,Low
DBT004989,"git merge conflict i don't know how to resolve, just curious",Env_Setup,Low
DBT004990,"react component re-renders infinitely, deadline is tomorrow",WebDev,High
DBT004991,git merge conflict i don't know how to resolve please help,Env_Setup,High
DBT004992,query is extremely slow on the test dataset,Databases,High
DBT004993,"python version mismatch is breaking the autograder, autograder is down and deadline is in minutes",Env_Setup,Critical
DBT004994,"hi, virtual environment not activating on windows, just curious",Env_Setup,Low
DBT004995,"hi, git merge conflict i don't know how to resolve, just curious",Env_Setup,Low
DBT004996,"hi, getting an abstract method error in my subclass, need to fix this soon please help",OOP_Design,Medium
DBT004997,"virtual environment not activating on windows, whenever you get a chance",Env_Setup,Low
DBT004998,"getting a null pointer exception i cannot trace, this is blocking my progress",Debugging_Errors,High
DBT004999,"recursion depth exceeded error keeps showing up, just curious",Loops_Recursion,Low
